Wealth,Return,Weight1,Weight2,Weight3,Weight4,Weight5,Weight6,Price1,Price2,Price3,Price4,Price5,Price6
10027.902075569806,0.0027863221535849,0.16,0.17,0.28,0.16,0.11,0.13,1.0,0.992,1.02,1.006,0.988,1.007
10071.06531099526,0.00429507655298,0.07,0.11,0.61,0.14,0.02,0.06,1.0,1.026,0.997,1.033,1.007,1.007
10141.164816969407,0.0069363733333583,0.3,0.22,0.12,0.15,0.04,0.18,1.0,1.008,1.001,1.032,1.052,1.002
10211.303191469877,0.0068923977310574,0.4,0.07,0.15,0.04,0.12,0.22,1.0,1.026,1.027,1.007,1.012,1.001
10270.887081901015,0.0058181334823449,0.15,0.21,0.06,0.09,0.3,0.19,1.0,1.005,1.008,0.991,1.019,1.003
10282.884136091036,0.0011673824161248,0.09,0.11,0.29,0.22,0.19,0.1,1.0,1.001,0.982,1.009,1.034,0.993
10048.983964541,-0.0230092473247867,0.02,0.38,0.12,0.23,0.19,0.06,1.0,0.965,0.982,0.99,0.987,0.978
10156.518677704356,0.0106442022615101,0.06,0.44,0.15,0.21,0.02,0.12,1.0,1.057,0.983,0.956,1.017,0.982
10135.509119371043,-0.0020707211768707,0.09,0.02,0.5,0.13,0.14,0.12,1.0,1.031,1.02,0.912,1.005,1.007
9981.326018519294,-0.015329063338989,0.05,0.15,0.65,0.03,0.04,0.09,1.0,0.985,0.979,0.992,0.988,1.028
10042.282293384924,0.0060884594041927,0.03,0.19,0.08,0.43,0.09,0.19,1.0,1.013,1.014,1.012,1.002,1.002
10102.71172789476,0.0059994672326041,0.14,0.12,0.43,0.04,0.11,0.16,1.0,1.0,1.011,1.005,1.003,1.017
10253.277158964633,0.0147935015886271,0.13,0.31,0.38,0.04,0.1,0.03,1.0,1.008,1.005,0.993,1.109,1.02
10315.173049752557,0.0060185455877389,0.33,0.05,0.15,0.12,0.15,0.19,1.0,1.003,1.011,0.967,1.034,1.026
10262.557007104986,-0.0051138932398872,0.6,0.02,0.13,0.11,0.1,0.04,1.0,0.992,0.992,0.985,0.991,0.984
10133.821080477826,-0.0126235781300315,0.12,0.06,0.07,0.08,0.25,0.43,1.0,1.007,0.997,1.004,0.967,0.993
10160.209998786137,0.002600659580991,0.33,0.11,0.06,0.06,0.09,0.36,1.0,1.019,1.006,1.015,1.014,0.997
10181.35385739429,0.0020788830566347,0.14,0.18,0.23,0.16,0.17,0.12,1.0,1.023,1.003,0.986,1.002,1.005
10361.536667875484,0.017542558681751,0.07,0.07,0.74,0.03,0.06,0.04,1.0,1.013,1.022,1.013,1.039,1.018
10446.558836389066,0.0081720733801629,0.13,0.14,0.05,0.34,0.32,0.03,1.0,1.005,1.026,1.022,1.007,0.995
10344.02756377602,-0.0098633200496125,0.05,0.21,0.21,0.19,0.28,0.05,1.0,1.006,1.008,0.975,0.974,1.005
10449.440986886875,0.0101391767246183,0.19,0.26,0.12,0.09,0.18,0.16,1.0,1.007,1.008,0.999,1.053,0.994
10401.872578857978,-0.0045626373034766,0.35,0.12,0.17,0.17,0.15,0.04,1.0,0.998,1.0,1.002,0.977,1.0
10376.731569221907,-0.0024198951696164,0.04,0.08,0.05,0.73,0.05,0.06,1.0,1.008,1.011,0.997,0.996,1.014
10329.821542004653,-0.0045309431481251,0.19,0.09,0.43,0.07,0.07,0.14,1.0,1.027,0.994,0.986,0.992,1.0
10317.808972412357,-0.0011635786430061,0.4,0.04,0.14,0.17,0.11,0.15,1.0,0.994,0.995,0.991,1.026,0.998
10214.77086489392,-0.0100366318588941,0.12,0.42,0.12,0.11,0.19,0.05,1.0,0.974,1.005,1.018,0.998,1.002
10238.237256659557,0.0022946651096998,0.12,0.27,0.07,0.2,0.06,0.28,1.0,1.013,1.011,0.99,1.016,1.003
10165.81907052364,-0.0070984405313849,0.2,0.32,0.05,0.11,0.1,0.23,1.0,0.985,1.002,0.997,1.007,0.991
10160.057027608394,-0.0005669662691808,0.1,0.39,0.07,0.25,0.11,0.08,1.0,1.005,1.009,0.987,0.993,1.026
10064.480800618405,-0.0094515819649562,0.23,0.21,0.05,0.16,0.28,0.07,1.0,1.002,0.99,0.971,0.99,0.989
10043.595561185335,-0.0020772993465476,0.25,0.16,0.09,0.06,0.18,0.27,1.0,0.994,0.983,1.048,1.002,0.994
10078.085933620108,0.0034281832979522,0.04,0.04,0.16,0.4,0.07,0.29,1.0,0.983,1.013,1.007,1.006,1.001
9909.85772143097,-0.0168333659063186,0.11,0.09,0.03,0.07,0.34,0.35,1.0,1.002,0.986,0.98,0.98,0.982
9862.051042989951,-0.0048358276557683,0.23,0.16,0.28,0.18,0.09,0.06,1.0,1.004,1.005,0.978,0.991,1.008
9693.019437654086,-0.0172881826750572,0.21,0.41,0.07,0.08,0.1,0.12,1.0,0.979,0.975,1.005,0.974,0.977
9642.89461014192,-0.005184646525648,0.25,0.1,0.06,0.19,0.1,0.3,1.0,0.982,1.0,0.988,1.01,0.998
9730.473692124058,0.0090412443726182,0.25,0.06,0.04,0.1,0.25,0.29,1.0,1.018,1.018,0.999,1.011,1.018
9681.24932327099,-0.0050716234023955,0.14,0.15,0.23,0.38,0.07,0.03,1.0,0.993,1.003,0.999,0.979,0.983
9675.220748351938,-0.0006229002593624,0.42,0.11,0.06,0.09,0.18,0.14,1.0,1.011,1.009,1.026,0.972,1.015
9725.693653168077,0.0052031587421083,0.42,0.14,0.12,0.05,0.1,0.16,1.0,1.017,1.017,1.006,1.036,0.983
9701.606803135724,-0.0024796921660605,0.1,0.04,0.2,0.52,0.1,0.04,1.0,1.011,0.965,1.001,1.051,1.012
9716.828253869357,0.0015677322921785,0.21,0.09,0.11,0.33,0.12,0.15,1.0,0.992,1.003,1.014,0.991,0.998
9643.568003810104,-0.0075680888712021,0.12,0.56,0.1,0.03,0.05,0.15,1.0,0.987,1.003,0.994,1.002,1.009
9532.338922552946,-0.0116010501256694,0.03,0.08,0.41,0.28,0.12,0.08,1.0,1.01,0.987,0.989,0.995,0.995
9459.547105865997,-0.0076656076204631,0.1,0.27,0.03,0.28,0.29,0.04,1.0,0.996,0.988,0.993,0.992,1.0
9222.936831007852,-0.0253309921155646,0.08,0.26,0.37,0.1,0.14,0.05,1.0,0.974,0.969,1.001,0.968,0.98
9223.499502422605,6.100597478630954e-05,0.09,0.15,0.37,0.25,0.09,0.05,1.0,1.007,0.998,1.005,0.994,0.998
9242.489070211315,0.0020567081375487,0.26,0.02,0.06,0.04,0.51,0.1,1.0,0.992,1.005,1.005,1.009,0.999
9330.484225409316,0.0094756840716679,0.04,0.08,0.05,0.05,0.73,0.04,1.0,1.025,1.004,0.992,1.012,1.002
9259.050010396602,-0.0076854606166195,0.24,0.1,0.07,0.02,0.3,0.27,1.0,0.985,1.005,0.992,0.989,0.996
9239.864888015376,-0.0020741896878674,0.11,0.57,0.1,0.07,0.04,0.11,1.0,0.999,1.015,0.989,1.018,0.996
9305.165671994537,0.0070424315187733,0.18,0.06,0.27,0.09,0.31,0.09,1.0,1.009,1.008,0.999,1.022,1.002
9415.264565974348,0.0117625676332429,0.39,0.15,0.13,0.09,0.18,0.05,1.0,1.016,1.007,0.994,1.054,0.999
9375.874789561503,-0.0041923837996958,0.08,0.35,0.05,0.22,0.1,0.19,1.0,0.989,0.992,1.005,0.987,1.009
9455.29824590694,0.0084353669467149,0.06,0.14,0.04,0.03,0.26,0.46,1.0,0.997,0.997,1.039,1.019,1.011
9508.73350163742,0.0056354469196558,0.09,0.05,0.3,0.42,0.11,0.04,1.0,1.008,1.012,1.009,1.013,0.999
9454.81757812115,-0.0056862840261406,0.13,0.2,0.12,0.29,0.02,0.22,1.0,1.004,1.003,0.982,1.022,0.998
9397.896320763406,-0.0060385396635707,0.17,0.15,0.16,0.2,0.02,0.29,1.0,0.998,0.993,0.996,0.994,0.989
9471.275691604573,0.0077777382818409,0.13,0.12,0.12,0.06,0.4,0.17,1.0,0.996,0.999,1.009,1.025,0.999
9514.8807050247,0.0045933562515131,0.16,0.16,0.27,0.08,0.25,0.09,1.0,1.004,1.001,0.996,1.02,1.002
9439.039634742225,-0.008002721725479,0.25,0.06,0.28,0.34,0.01,0.05,1.0,0.995,0.988,0.993,0.979,1.0
9231.004948756352,-0.0222863202646397,0.11,0.04,0.08,0.4,0.07,0.3,1.0,0.989,0.973,0.974,0.966,0.983
9276.747648484356,0.0049430953464632,0.15,0.04,0.16,0.39,0.08,0.19,1.0,1.023,1.011,1.004,1.012,1.003
9355.57059080115,0.0084609345473269,0.05,0.09,0.1,0.13,0.52,0.11,1.0,0.995,1.009,1.003,1.017,1.01
9565.445948550694,0.0221852737554191,0.07,0.06,0.18,0.15,0.06,0.48,1.0,1.013,1.012,0.996,1.048,1.041
9508.58214746722,-0.005962450014226,0.12,0.2,0.27,0.08,0.18,0.15,1.0,1.008,1.014,1.003,0.95,0.996
9593.302986344152,0.0088704746999146,0.18,0.09,0.21,0.26,0.14,0.12,1.0,1.005,1.0,1.028,1.02,0.996
9632.056467265596,0.0040315015699253,0.22,0.24,0.08,0.4,0.03,0.04,1.0,1.018,1.0,1.004,0.995,0.994
9590.39159109629,-0.0043350296790142,0.16,0.13,0.12,0.35,0.1,0.14,1.0,0.984,0.993,1.002,0.994,0.995
9540.091975873667,-0.0052585948449238,0.25,0.19,0.24,0.11,0.1,0.12,1.0,0.985,1.008,0.969,0.99,1.009
9399.164751838893,-0.014882297349963,0.17,0.19,0.17,0.12,0.13,0.21,1.0,0.973,0.992,0.986,0.985,0.981
9457.861796773135,0.0062255026643796,0.09,0.08,0.37,0.16,0.18,0.12,1.0,1.03,1.005,0.999,1.022,0.996
9434.62357624478,-0.0024600503098504,0.08,0.21,0.26,0.07,0.24,0.14,1.0,0.998,0.992,0.993,1.008,0.997
9330.454107681517,-0.0111025960431448,0.18,0.24,0.33,0.06,0.05,0.14,1.0,0.977,0.989,0.987,0.974,1.006
9305.413473877676,-0.0026873606784707,0.07,0.17,0.17,0.42,0.06,0.1,1.0,0.994,0.993,1.006,0.988,0.996
9365.98968038753,0.0064886841707608,0.59,0.16,0.08,0.08,0.05,0.04,1.0,1.002,1.003,1.075,1.011,1.014
9522.62157037208,0.0165851769892754,0.07,0.11,0.28,0.11,0.3,0.12,1.0,1.019,1.021,1.012,1.011,1.043
9501.96978929241,-0.0021710625790705,0.29,0.04,0.16,0.11,0.12,0.28,1.0,0.99,1.006,0.996,1.007,0.994
9472.21139027996,-0.0031367280759443,0.05,0.15,0.07,0.05,0.09,0.59,1.0,0.996,0.997,1.001,1.022,0.995
9475.907323406867,0.0003901108315424,0.6,0.13,0.07,0.14,0.03,0.04,1.0,1.001,1.007,1.009,1.016,0.999
9635.440107490616,0.0166954727088956,0.14,0.09,0.42,0.12,0.17,0.06,1.0,1.023,1.03,1.01,1.006,1.02
9688.802426540118,0.0055228508535901,0.12,0.07,0.18,0.07,0.51,0.06,1.0,0.999,0.994,1.001,1.017,0.994
9681.40431942861,-0.0007638645852631,0.23,0.26,0.06,0.08,0.21,0.15,1.0,1.011,1.006,0.985,0.991,1.006
9683.145605445494,0.000179842653543,0.66,0.09,0.08,0.05,0.1,0.03,1.0,0.999,1.003,1.013,1.005,1.002
9717.992582689052,0.0035922649876331,0.11,0.17,0.07,0.3,0.17,0.2,1.0,1.0,1.0,1.028,0.987,0.995
9790.607971156574,0.007444483127413,0.25,0.15,0.13,0.21,0.15,0.1,1.0,1.01,1.012,1.035,0.989,0.994
9791.245778125452,6.514265475278607e-05,0.14,0.28,0.08,0.15,0.2,0.14,1.0,1.009,0.994,0.994,0.997,1.004
9698.725745749703,-0.0094941880482459,0.18,0.14,0.17,0.24,0.17,0.09,1.0,0.978,0.992,0.992,0.997,0.984
9707.295308925082,0.000883186069753,0.27,0.04,0.04,0.2,0.21,0.24,1.0,1.019,1.01,1.001,0.988,1.014
9656.323525196804,-0.0052647082033166,0.09,0.11,0.41,0.13,0.14,0.11,1.0,0.998,0.998,0.982,0.998,1.001
9533.67624551198,-0.0127825900091457,0.11,0.11,0.06,0.23,0.31,0.18,1.0,0.989,0.988,0.982,0.992,0.987
9557.540425420542,0.0025000179663075,0.11,0.41,0.06,0.18,0.18,0.07,1.0,1.002,1.01,1.016,0.996,1.006
9510.035104960169,-0.0049828483622609,0.05,0.64,0.15,0.06,0.04,0.05,1.0,0.996,0.999,0.997,0.992,0.999
9492.58577791542,-0.0018365184525568,0.05,0.13,0.1,0.39,0.13,0.2,1.0,1.001,1.004,1.003,0.996,0.999
9429.073159672578,-0.0067132440112677,0.17,0.08,0.13,0.39,0.09,0.13,1.0,0.994,0.983,0.998,0.987,0.989
9420.156483187438,-0.0009461052063353,0.15,0.18,0.11,0.28,0.19,0.1,1.0,0.995,1.001,1.001,1.001,1.002
9309.289702183412,-0.0118389059478729,0.33,0.1,0.15,0.07,0.22,0.13,1.0,0.993,0.991,0.973,0.974,0.99
9260.250420079872,-0.0052817028081647,0.11,0.01,0.62,0.13,0.07,0.06,1.0,0.997,0.997,0.992,0.996,1.004
9454.165166784282,0.0207243112924787,0.02,0.01,0.22,0.21,0.46,0.09,1.0,1.011,1.021,1.015,1.029,1.025
9473.642210770406,0.0020580356162988,0.22,0.18,0.18,0.03,0.25,0.15,1.0,0.998,1.001,0.981,1.018,1.0
9427.917371063731,-0.0048382175771182,0.2,0.21,0.22,0.22,0.11,0.05,1.0,0.989,1.003,0.993,0.998,0.996
9396.01962976954,-0.0033890648724114,0.09,0.05,0.28,0.05,0.42,0.09,1.0,0.998,0.988,0.994,1.008,0.989
9384.46636104397,-0.001230348372095,0.16,0.2,0.07,0.23,0.25,0.09,1.0,1.005,1.013,1.0,0.992,1.006
9318.447483804126,-0.0070597717540446,0.35,0.14,0.16,0.12,0.15,0.07,1.0,0.998,0.975,1.008,0.984,0.996
9356.447430521746,0.0040696345910337,0.18,0.08,0.09,0.28,0.27,0.09,1.0,1.005,1.019,0.999,1.008,1.011
9251.116196470282,-0.0113214562887513,0.04,0.03,0.13,0.56,0.15,0.09,1.0,0.99,1.004,0.988,0.983,0.988
9402.183635696,0.0161977498349028,0.04,0.09,0.15,0.13,0.43,0.17,1.0,1.008,1.032,0.999,1.028,1.006
9387.36851614831,-0.0015769532448806,0.17,0.44,0.15,0.12,0.03,0.09,1.0,0.995,1.015,0.993,1.017,1.005
9314.935275230811,-0.0077459551390292,0.14,0.11,0.09,0.18,0.37,0.1,1.0,1.009,0.998,1.001,0.984,0.992
9328.379995077505,0.0014423102310363,0.19,0.05,0.28,0.16,0.1,0.22,1.0,0.995,1.006,1.001,1.021,0.997
9239.696020830115,-0.0095523788811395,0.28,0.05,0.15,0.28,0.07,0.17,1.0,0.994,0.986,0.977,1.001,1.002
9036.476085731412,-0.0222397020521209,0.12,0.02,0.26,0.35,0.12,0.13,1.0,0.982,0.982,0.973,0.974,0.97
8996.612443798833,-0.0044211735334282,0.11,0.09,0.08,0.34,0.16,0.23,1.0,1.007,0.997,1.015,0.935,1.006
9017.498006734915,0.0023188014031142,0.08,0.06,0.03,0.58,0.14,0.1,1.0,1.009,0.999,1.002,1.004,1.01
8992.433339593052,-0.0027834290805666,0.04,0.07,0.28,0.13,0.18,0.29,1.0,0.999,0.998,0.995,0.996,1.006
8887.477716393412,-0.0117401958421658,0.13,0.02,0.16,0.28,0.27,0.14,1.0,0.997,0.997,0.978,0.988,0.998
8852.172750854283,-0.0039803503700635,0.06,0.24,0.12,0.19,0.14,0.25,1.0,0.998,1.001,0.992,1.005,0.995
8697.579997610457,-0.0176181116863088,0.14,0.14,0.16,0.14,0.08,0.34,1.0,0.975,0.993,0.979,0.952,0.985
8713.246131250899,0.0017995858154463,0.13,0.12,0.29,0.07,0.03,0.35,1.0,0.98,1.006,1.014,1.021,1.005
8793.083143329924,0.0091209943915722,0.35,0.11,0.24,0.15,0.09,0.06,1.0,1.027,1.001,1.016,1.038,1.02
8897.259233521247,0.0117778720422554,0.1,0.16,0.11,0.3,0.31,0.02,1.0,1.019,1.011,1.019,1.01,1.016
8869.332107076134,-0.0031437824972613,0.12,0.05,0.32,0.13,0.28,0.09,1.0,1.0,1.006,0.996,0.987,1.008
8804.096813954846,-0.0073823353332674,0.06,0.1,0.08,0.48,0.11,0.17,1.0,1.01,1.003,0.991,0.987,0.999
8829.899352235467,0.0029264559719948,0.23,0.13,0.23,0.11,0.23,0.07,1.0,1.013,1.005,1.01,1.002,1.008
8857.808565567357,0.0031557776308551,0.36,0.18,0.22,0.14,0.02,0.08,1.0,1.009,0.995,1.022,1.005,1.004
8918.914650449222,0.0068748694362583,0.1,0.32,0.09,0.2,0.14,0.15,1.0,1.019,1.0,0.992,1.0,1.026
8855.877440655282,-0.0070929070506821,0.22,0.08,0.06,0.14,0.05,0.44,1.0,0.99,0.989,0.998,1.012,0.991
8815.051967771065,-0.0046206449674648,0.28,0.16,0.12,0.24,0.13,0.07,1.0,0.958,0.994,1.02,0.998,0.999
8811.348198513193,-0.0004202524936961,0.43,0.1,0.23,0.06,0.06,0.13,1.0,1.0,0.999,0.997,1.029,0.997
8805.005921893846,-0.0007200442100583,0.36,0.13,0.05,0.15,0.26,0.05,1.0,0.995,1.004,0.99,1.002,1.043
8684.38432632984,-0.0137939066394617,0.13,0.12,0.06,0.24,0.23,0.22,1.0,0.986,0.987,0.98,0.987,0.987
8702.061994852646,0.0020335006116668,0.17,0.3,0.02,0.21,0.15,0.14,1.0,1.005,1.008,0.99,1.012,1.012
8738.714647043025,0.0042031048160327,0.1,0.13,0.11,0.13,0.28,0.24,1.0,0.997,0.996,0.996,1.01,1.017
8746.487573973978,0.0008890863651133,0.02,0.11,0.36,0.19,0.14,0.17,1.0,0.995,1.013,0.996,0.986,1.005
8596.125364077741,-0.0173406369861233,0.12,0.09,0.08,0.19,0.37,0.15,1.0,0.991,1.009,0.98,0.974,0.986
8496.915668089005,-0.0116083276075658,0.41,0.35,0.11,0.04,0.03,0.07,1.0,0.976,0.993,0.996,0.979,1.006
8428.411082497942,-0.0080949645089192,0.14,0.03,0.18,0.06,0.37,0.23,1.0,0.968,1.008,1.011,0.986,0.993
8426.546860474966,-0.000221207556481,0.16,0.14,0.07,0.16,0.2,0.27,1.0,1.007,1.016,1.012,0.991,0.996
8315.003007416131,-0.013325588672081,0.21,0.08,0.09,0.1,0.16,0.37,1.0,0.998,0.986,0.989,0.98,0.981
8324.832483596882,0.0011814392431211,0.13,0.08,0.25,0.34,0.12,0.08,1.0,1.003,1.006,0.998,1.01,1.009
8401.21622878908,0.0091335709362982,0.27,0.1,0.31,0.09,0.09,0.14,1.0,1.036,1.011,1.021,1.012,1.002
8262.201429839191,-0.0166854155566458,0.04,0.17,0.25,0.07,0.07,0.41,1.0,0.948,1.003,0.961,1.007,0.986
8273.05283686029,0.0013125178970806,0.24,0.44,0.15,0.05,0.05,0.08,1.0,1.015,0.999,0.949,0.977,1.002
8320.992896239777,0.0057779993528802,0.3,0.22,0.03,0.24,0.14,0.07,1.0,0.999,1.006,1.024,1.009,1.005
8386.265858075401,0.007813764651412,0.04,0.11,0.46,0.3,0.03,0.05,1.0,1.007,1.021,0.995,1.006,1.004
8412.171013827852,0.0030842365257259,0.03,0.17,0.41,0.08,0.12,0.19,1.0,1.01,1.008,1.006,0.989,1.003
8349.02378730494,-0.0075349670522904,0.15,0.1,0.14,0.3,0.15,0.16,1.0,0.994,0.996,0.983,1.001,1.001
8270.89470597776,-0.0094019302061755,0.11,0.33,0.08,0.14,0.16,0.18,1.0,0.987,0.989,0.99,0.991,0.999
8137.693013025018,-0.0162359639099505,0.49,0.17,0.09,0.08,0.13,0.05,1.0,0.979,0.967,0.962,0.958,0.994
7755.358364334423,-0.0481227199052107,0.07,0.44,0.12,0.09,0.15,0.13,1.0,0.939,0.954,0.97,0.96,0.963
7411.8566151996,-0.0453030430248995,0.04,0.14,0.32,0.24,0.16,0.09,1.0,0.975,0.942,0.965,0.949,0.96
7455.857069861057,0.0059189441029595,0.11,0.39,0.2,0.05,0.16,0.08,1.0,1.006,1.004,1.042,1.023,0.98
7668.899205638897,0.0281731782210688,0.04,0.07,0.38,0.28,0.1,0.13,1.0,1.057,1.037,1.001,1.053,1.056
7804.978048601073,0.0175886558785545,0.26,0.13,0.13,0.06,0.13,0.29,1.0,1.029,1.02,1.032,1.033,1.024
7811.978887011601,0.0008965688908988,0.1,0.11,0.46,0.1,0.03,0.2,1.0,1.003,1.006,0.989,1.0,1.001
7679.012950871731,-0.0171672934972885,0.12,0.22,0.26,0.18,0.19,0.03,1.0,0.995,0.99,0.944,0.997,0.984
7445.177509490667,-0.0309245082471342,0.08,0.15,0.33,0.22,0.05,0.17,1.0,0.955,0.967,0.98,0.965,0.967
7607.284260637354,0.0215397349833858,0.07,0.32,0.04,0.06,0.29,0.23,1.0,1.043,1.017,1.011,1.024,1.01
7649.32909300857,0.0055117001179747,0.05,0.1,0.11,0.52,0.08,0.13,1.0,0.982,1.014,1.014,0.994,1.011
7494.193938475833,-0.0204893645288205,0.08,0.06,0.21,0.03,0.09,0.54,1.0,0.99,0.982,0.961,0.97,0.982
7598.678828129113,0.0138458145731609,0.1,0.45,0.08,0.08,0.13,0.16,1.0,1.028,1.038,0.953,1.014,1.02
7774.622056656845,0.0228904530309251,0.04,0.04,0.01,0.57,0.11,0.23,1.0,0.981,0.984,1.051,1.006,0.987
7839.121157833015,0.0082618840562775,0.13,0.29,0.26,0.13,0.11,0.07,1.0,1.022,1.002,0.997,1.035,1.009
7905.486704068935,0.0084303070445363,0.05,0.1,0.11,0.5,0.13,0.11,1.0,1.015,1.006,1.013,1.009,1.008
7804.839276316529,-0.0128130765531331,0.07,0.13,0.17,0.25,0.21,0.17,1.0,1.01,0.991,0.969,0.992,0.989
7833.208404141189,0.003628222592138,0.11,0.08,0.3,0.05,0.39,0.08,1.0,1.008,1.014,1.036,0.995,1.007
7914.995156442912,0.0103868974389013,0.13,0.18,0.12,0.19,0.18,0.19,1.0,1.001,1.013,1.037,1.012,1.007
7889.581361112112,-0.003216007364261,0.06,0.08,0.31,0.07,0.18,0.3,1.0,0.979,0.997,0.982,1.011,1.0
7828.545098774921,-0.0077663924241325,0.1,0.27,0.16,0.3,0.1,0.08,1.0,0.996,1.012,0.996,0.962,0.984
7686.277924599181,-0.018340030259956,0.03,0.08,0.06,0.71,0.08,0.04,1.0,1.016,1.025,0.972,1.002,1.014
7574.659475426449,-0.0146282546919697,0.22,0.17,0.07,0.11,0.39,0.05,1.0,0.984,1.016,0.969,0.983,0.993
7578.386389975037,0.0004919030347881,0.23,0.13,0.46,0.12,0.02,0.05,1.0,1.008,1.01,0.969,0.998,1.01
7529.146032711829,-0.0065186729705438,0.07,0.15,0.29,0.27,0.15,0.07,1.0,1.006,0.981,0.999,1.002,0.99
7512.849529144514,-0.0021668015891037,0.06,0.18,0.23,0.2,0.19,0.15,1.0,0.997,0.991,0.989,1.013,1.006
7253.703418461719,-0.035102670337164,0.11,0.1,0.25,0.15,0.2,0.18,1.0,0.98,0.969,0.969,0.949,0.951
7270.693651040729,0.0023395450079387,0.12,0.02,0.21,0.3,0.09,0.26,1.0,0.97,0.991,1.007,0.982,1.02
7406.215370610156,0.0184678628344508,0.23,0.14,0.15,0.1,0.3,0.08,1.0,1.011,1.03,1.02,1.038,1.016
7429.134690546319,0.0030898277527628,0.25,0.18,0.21,0.06,0.08,0.22,1.0,0.993,1.019,0.998,1.009,1.005
7626.700422729676,0.0262459135118756,0.08,0.15,0.14,0.19,0.25,0.19,1.0,1.007,1.003,1.074,1.042,1.01
7763.171143940096,0.0177355993981017,0.11,0.07,0.17,0.06,0.21,0.38,1.0,1.004,1.022,1.012,1.028,1.022
7737.456109597759,-0.0033179377211648,0.51,0.1,0.24,0.02,0.04,0.09,1.0,1.005,0.992,1.0,0.994,0.998
7802.55755545343,0.0083786061077589,0.19,0.17,0.09,0.3,0.17,0.08,1.0,0.995,0.947,1.037,1.016,1.016
7793.381908351702,-0.0011766714254957,0.09,0.18,0.16,0.16,0.38,0.03,1.0,0.988,1.02,1.021,0.987,1.009
7894.908501775339,0.0129431580015317,0.13,0.46,0.04,0.13,0.14,0.09,1.0,1.024,1.019,1.015,1.007,1.001
7936.075297209261,0.0052007997415257,0.08,0.2,0.06,0.14,0.29,0.23,1.0,0.995,1.001,1.023,1.004,1.014
7899.920616602893,-0.0045661471019532,0.19,0.09,0.15,0.26,0.04,0.27,1.0,1.002,0.997,0.991,0.989,1.0
7790.149920823462,-0.0139926059018972,0.09,0.21,0.11,0.05,0.48,0.07,1.0,0.986,1.002,0.984,0.985,0.989
8030.771281519899,0.0304204683593299,0.05,0.17,0.12,0.07,0.54,0.06,1.0,1.015,1.035,1.047,1.038,1.015
8037.193852391145,0.0007994255849778,0.05,0.3,0.05,0.04,0.05,0.5,1.0,0.993,1.022,1.003,1.007,1.009
8076.240901147727,0.0048465303375313,0.25,0.1,0.1,0.05,0.22,0.28,1.0,1.006,0.997,1.009,1.009,1.013
8059.135758720134,-0.0021202044669733,0.25,0.22,0.09,0.05,0.12,0.28,1.0,1.018,0.982,0.988,0.993,0.991
8021.837257803864,-0.004638844647408,0.2,0.07,0.26,0.17,0.19,0.11,1.0,1.0,0.992,0.968,1.032,0.989
8118.806092452494,0.0120156302572125,0.18,0.17,0.13,0.07,0.05,0.39,1.0,1.015,1.027,1.022,1.023,1.013
8290.268873646304,0.0208992916989801,0.08,0.32,0.14,0.19,0.15,0.1,1.0,1.031,0.993,1.065,1.002,1.009
8327.355567997862,0.0044635448412831,0.12,0.04,0.07,0.39,0.27,0.11,1.0,0.968,1.011,1.01,1.005,1.014
8306.473773614627,-0.0025107634476902,0.25,0.48,0.03,0.12,0.09,0.04,1.0,0.994,0.991,1.04,0.988,0.992
8418.720030696242,0.0134226178354337,0.12,0.08,0.23,0.14,0.34,0.09,1.0,1.041,1.005,1.037,1.013,1.017
8361.706328347655,-0.0067952888105467,0.19,0.18,0.2,0.08,0.2,0.14,1.0,1.011,0.996,0.998,0.97,0.995
8432.24439893109,0.0084004635404822,0.08,0.12,0.08,0.54,0.11,0.06,1.0,0.991,1.006,1.02,1.011,0.988
8461.05092249879,0.0034104123488169,0.2,0.16,0.05,0.21,0.25,0.12,1.0,1.014,1.014,1.006,1.017,0.97
8525.277056221383,0.0075621334842547,0.18,0.23,0.06,0.19,0.13,0.2,1.0,1.011,1.005,0.989,1.001,1.036
8531.920809364845,0.000778997058226,0.14,0.1,0.28,0.1,0.19,0.2,1.0,0.995,1.007,1.023,0.984,1.006
8512.495371830364,-0.002279391178739,0.08,0.07,0.07,0.05,0.53,0.19,1.0,0.991,0.995,1.0,0.996,1.012
8480.862876567398,-0.0037229288450971,0.6,0.04,0.1,0.03,0.07,0.17,1.0,1.001,1.002,0.979,0.989,0.994
8321.586246841665,-0.018959307610091,0.07,0.1,0.04,0.52,0.21,0.06,1.0,0.996,0.99,0.973,0.994,0.991
8239.134734830146,-0.009957560830594,0.27,0.33,0.18,0.09,0.02,0.1,1.0,0.968,1.005,1.001,1.008,1.018
8249.66900056943,0.0012777478999146,0.16,0.05,0.39,0.08,0.19,0.13,1.0,0.994,1.01,0.981,1.007,0.996
8191.062662471615,-0.0071294377330633,0.41,0.1,0.1,0.03,0.06,0.3,1.0,0.997,0.996,0.986,0.985,0.989
8062.874441629724,-0.015773517249396,0.06,0.12,0.27,0.1,0.07,0.39,1.0,0.971,0.98,0.963,0.98,0.997
8154.32256736411,0.0112780396004777,0.12,0.27,0.13,0.14,0.12,0.21,1.0,1.016,1.008,1.032,1.005,1.01
8116.446168906652,-0.0046557685736103,0.08,0.27,0.32,0.09,0.19,0.05,1.0,0.996,1.006,0.998,0.979,0.999
8214.67775980616,0.0120301304468073,0.17,0.31,0.14,0.14,0.15,0.08,1.0,1.032,1.011,0.994,1.004,1.021
8210.331136574861,-0.0005292689167094,0.15,0.1,0.13,0.23,0.1,0.29,1.0,1.013,1.005,1.002,0.995,0.996
8279.382108577269,0.0083750850715325,0.05,0.08,0.14,0.34,0.31,0.08,1.0,1.004,1.001,1.027,1.001,1.0
8205.737826704426,-0.0089346965108585,0.12,0.51,0.05,0.05,0.13,0.14,1.0,0.987,1.002,1.017,0.996,0.999
8202.441445493658,-0.0004017973232046,0.07,0.09,0.12,0.24,0.45,0.03,1.0,1.01,1.0,0.994,1.006,0.996
8200.927264524518,-0.0001846182939869,0.06,0.08,0.12,0.47,0.13,0.14,1.0,0.993,0.998,1.011,0.983,0.997
8176.261811877934,-0.003012173967223,0.11,0.48,0.12,0.07,0.18,0.05,1.0,0.998,1.004,0.996,0.999,1.004
8157.887811278088,-0.0022497661370405,0.14,0.18,0.15,0.17,0.22,0.13,1.0,1.004,0.992,1.033,0.978,0.99
8183.50637213658,0.0031354218077938,0.19,0.16,0.37,0.15,0.06,0.07,1.0,0.992,1.012,0.999,1.011,1.011
8132.380139745769,-0.0062670697899649,0.08,0.33,0.23,0.19,0.07,0.1,1.0,0.991,0.994,1.012,0.969,0.989
8038.91340079532,-0.0115597159275752,0.27,0.24,0.15,0.12,0.13,0.09,1.0,0.991,0.977,0.972,0.994,0.991
8189.538981410903,0.0185636809519993,0.24,0.18,0.1,0.15,0.11,0.21,1.0,1.033,1.03,1.027,1.006,1.027
8020.295808965319,-0.0208823007454772,0.1,0.24,0.5,0.05,0.02,0.09,1.0,0.994,0.968,0.999,0.996,0.989
7943.538334026282,-0.009616495107069,0.31,0.02,0.04,0.18,0.31,0.13,1.0,1.0,1.024,0.996,0.98,0.994
7793.883086184698,-0.0190196036875559,0.07,0.2,0.12,0.07,0.05,0.49,1.0,0.978,0.976,0.989,0.982,0.985
7773.533869357291,-0.0026143358883074,0.07,0.1,0.52,0.14,0.13,0.05,1.0,1.005,0.993,1.011,1.011,1.003
7662.323691617636,-0.014409578679124,0.04,0.08,0.12,0.03,0.54,0.19,1.0,0.974,1.028,0.946,0.988,0.974
7730.644730831497,0.0088769736912981,0.15,0.06,0.34,0.27,0.13,0.05,1.0,0.994,1.02,1.01,1.013,1.01
7782.36326191511,0.0066677877974664,0.11,0.12,0.41,0.24,0.08,0.03,1.0,0.982,1.008,1.024,0.994,1.023
7885.144287323126,0.0131204659747372,0.04,0.24,0.52,0.07,0.02,0.11,1.0,1.008,1.016,1.026,1.03,1.016
7781.74068818767,-0.0132004672044602,0.13,0.13,0.37,0.07,0.12,0.18,1.0,0.979,0.986,0.987,0.996,0.985
7602.67513284199,-0.0232798754847524,0.18,0.29,0.27,0.09,0.09,0.08,1.0,0.973,0.969,0.989,0.973,0.97
7624.848639998014,0.0029122952830392,0.08,0.18,0.09,0.45,0.08,0.12,1.0,1.012,1.003,1.003,0.996,1.011
7687.867938861716,0.0082310221486526,0.07,0.26,0.16,0.25,0.17,0.09,1.0,0.999,1.024,1.024,0.998,1.003
7751.656692004372,0.008263093277609,0.12,0.33,0.14,0.15,0.06,0.2,1.0,1.013,1.009,1.0,1.013,1.015
7695.231387129747,-0.0073057505894582,0.13,0.17,0.06,0.37,0.24,0.03,1.0,0.995,0.996,0.987,1.003,0.996
7647.681357497269,-0.0061983252671954,0.05,0.13,0.5,0.11,0.13,0.08,1.0,0.989,0.999,0.981,0.999,1.003
7695.80065119035,0.0062722987420664,0.36,0.03,0.28,0.21,0.09,0.02,1.0,1.018,1.012,1.014,1.006,1.009
7640.517346195507,-0.007209493759606,0.39,0.12,0.14,0.13,0.06,0.15,1.0,0.987,0.999,0.981,0.996,0.989
7595.917290864048,-0.005854411977539,0.43,0.03,0.13,0.07,0.23,0.13,1.0,0.981,0.986,0.995,0.996,0.99
7524.623876088969,-0.0094300782371725,0.24,0.31,0.05,0.04,0.12,0.23,1.0,1.001,0.979,0.944,1.005,0.976
7618.687140889875,0.0124232374911715,0.17,0.08,0.05,0.46,0.13,0.11,1.0,0.975,1.004,1.025,1.03,1.008
7448.235378049173,-0.022626921304506,0.26,0.04,0.22,0.3,0.17,0.02,1.0,0.98,0.986,0.983,0.928,0.987
7184.332546670379,-0.0360745224958502,0.05,0.13,0.05,0.31,0.11,0.34,1.0,0.958,0.979,0.94,0.985,0.98
7134.6239470052105,-0.0069430756879435,0.37,0.23,0.17,0.07,0.05,0.1,1.0,1.005,0.986,0.974,0.988,0.988
7204.215323413914,0.0097067721468877,0.05,0.33,0.12,0.14,0.33,0.03,1.0,1.016,1.017,0.988,1.016,1.014
7299.22539717152,0.0131019162562753,0.13,0.03,0.38,0.35,0.04,0.07,1.0,1.015,1.005,1.039,0.978,1.011
7170.697813295655,-0.0177652586418492,0.32,0.2,0.08,0.13,0.19,0.08,1.0,0.974,0.983,0.967,0.984,0.978
7260.988887784247,0.0125130560935764,0.16,0.07,0.31,0.27,0.12,0.07,1.0,1.022,1.017,1.028,0.992,1.01
7120.588576729363,-0.0195256427212295,0.28,0.14,0.16,0.11,0.08,0.24,1.0,0.976,0.993,0.963,0.961,0.973
7142.3709224338045,0.0030543959183621,0.29,0.17,0.11,0.26,0.09,0.07,1.0,0.995,1.0,1.008,1.036,0.994
7014.790903304935,-0.0180238771705698,0.08,0.33,0.09,0.3,0.19,0.02,1.0,1.001,0.986,0.98,0.947,0.99
7052.571548265514,0.0053714029090769,0.03,0.08,0.06,0.06,0.44,0.32,1.0,0.995,1.001,1.029,1.006,1.012
7108.301557451287,0.0078710255348989,0.12,0.05,0.33,0.32,0.07,0.1,1.0,1.053,1.019,0.995,1.027,1.016
6970.782066989174,-0.0195359112590695,0.15,0.02,0.15,0.25,0.32,0.11,1.0,0.98,0.968,0.991,0.972,0.987
6970.357735701695,-6.087469082388884e-05,0.17,0.17,0.05,0.16,0.06,0.39,1.0,1.006,1.001,1.001,1.005,1.002
6839.310993031323,-0.0189795539724672,0.11,0.14,0.17,0.28,0.24,0.06,1.0,0.934,0.977,0.997,0.991,0.987
6763.250323800767,-0.0111834029180381,0.24,0.27,0.08,0.04,0.07,0.3,1.0,1.007,0.996,0.962,0.964,0.978
7045.6300944717605,0.0409039882555715,0.17,0.43,0.17,0.05,0.05,0.13,1.0,1.035,1.055,1.002,1.177,1.074
7034.968920518794,-0.0015143071653273,0.08,0.05,0.54,0.03,0.06,0.24,1.0,0.991,1.005,1.0,0.976,0.999
6867.298615931469,-0.0241224583807683,0.1,0.25,0.19,0.11,0.21,0.14,1.0,0.98,0.981,0.971,0.961,0.987
6828.341315067984,-0.0056890230950485,0.33,0.03,0.23,0.11,0.22,0.07,1.0,1.02,1.0,0.975,0.984,1.013
6837.896658929265,0.0013983870962256,0.1,0.07,0.09,0.33,0.11,0.31,1.0,1.003,0.981,1.022,1.002,0.991
6619.569477490141,-0.0324498441179207,0.24,0.1,0.21,0.09,0.24,0.12,1.0,0.973,0.917,0.966,0.984,0.971
6436.166790813812,-0.0280971901368919,0.14,0.17,0.19,0.11,0.17,0.23,1.0,1.011,0.946,0.975,0.976,0.947
6414.222550962554,-0.0034153457297649,0.11,0.57,0.04,0.07,0.1,0.12,1.0,1.0,0.985,1.005,0.979,1.008
6473.43717128777,0.00918941658934,0.05,0.14,0.15,0.08,0.27,0.31,1.0,0.992,1.023,1.006,1.002,1.027
6380.468097635345,-0.0144657507444556,0.07,0.29,0.23,0.12,0.07,0.23,1.0,0.994,0.992,0.98,0.975,0.976
6498.731414737705,0.0183655266900048,0.06,0.11,0.43,0.03,0.3,0.07,1.0,1.003,1.023,1.005,1.028,1.028
6761.292211345266,0.0396070364208198,0.02,0.21,0.34,0.26,0.07,0.1,1.0,1.028,1.029,1.089,1.036,1.01
6866.291987297061,0.0154101933705345,0.15,0.4,0.17,0.05,0.09,0.14,1.0,1.015,1.038,1.001,1.028,1.013
6813.877014639303,-0.0076629505289828,0.24,0.23,0.11,0.12,0.22,0.08,1.0,0.981,0.984,1.002,1.002,0.989
6804.627859777808,-0.0013583218376572,0.05,0.23,0.26,0.08,0.24,0.14,1.0,0.998,1.004,1.011,0.989,1.004
6967.3034532343645,0.0236253225806516,0.04,0.06,0.4,0.37,0.08,0.06,1.0,1.009,1.036,1.023,1.015,1.021
6810.401796922792,-0.0227771514584848,0.13,0.08,0.19,0.26,0.27,0.08,1.0,0.977,0.991,0.973,0.964,0.988
6806.800119482327,-0.0005289893689706,0.1,0.19,0.14,0.08,0.06,0.43,1.0,1.015,1.004,1.004,0.996,0.996
6843.378273391848,0.0053593792563573,0.06,0.07,0.1,0.37,0.09,0.3,1.0,1.007,1.039,0.992,0.996,1.02
6835.855231132044,-0.0010999217194123,0.24,0.07,0.05,0.24,0.08,0.31,1.0,1.002,0.999,1.004,1.009,0.993
6822.7702369165,-0.0019160051279176,0.09,0.04,0.23,0.09,0.42,0.12,1.0,1.0,1.001,1.0,1.0,1.0
6803.12743230912,-0.0028831595086251,0.29,0.28,0.11,0.15,0.12,0.05,1.0,0.997,0.982,1.028,0.981,0.995
6954.066916146976,0.0219442332547991,0.25,0.1,0.14,0.2,0.21,0.1,1.0,1.04,1.038,1.03,1.023,1.031
6953.571433151271,-7.125336214105193e-05,0.17,0.24,0.21,0.08,0.07,0.22,1.0,1.002,1.0,1.006,1.018,0.995
6927.532798736738,-0.0037516705473512,0.29,0.07,0.12,0.22,0.07,0.23,1.0,1.007,0.987,0.997,1.005,0.995
6921.633425844122,-0.0008519463415733,0.11,0.1,0.49,0.05,0.12,0.13,1.0,1.015,0.988,1.017,1.037,1.0
6854.267869232914,-0.0097802811081313,0.15,0.09,0.08,0.08,0.24,0.36,1.0,0.989,0.988,1.009,1.013,0.973
6700.424375858718,-0.0227006407930727,0.13,0.05,0.13,0.4,0.26,0.03,1.0,0.992,0.991,0.975,0.967,0.982
6747.535622667821,0.007006481212232,0.11,0.4,0.06,0.2,0.12,0.11,1.0,1.001,1.011,1.019,1.037,1.001
6740.897514149932,-0.0009842668880013,0.16,0.12,0.07,0.29,0.21,0.16,1.0,1.0,0.995,0.994,1.016,0.993
6850.570487668528,0.0161388532819421,0.05,0.1,0.43,0.15,0.08,0.19,1.0,1.011,1.014,1.028,1.04,1.02
6846.350141784937,-0.0006162474225157,0.18,0.23,0.16,0.1,0.22,0.11,1.0,1.003,1.012,0.991,0.999,0.998
6839.229632019664,-0.0010405858612464,0.44,0.06,0.12,0.12,0.08,0.19,1.0,1.02,0.998,0.985,0.998,1.006
6976.590626353686,0.019885250103908,0.06,0.13,0.16,0.23,0.31,0.1,1.0,1.013,1.015,1.018,1.04,1.006
7062.214524441204,0.0121983258397643,0.04,0.14,0.41,0.23,0.09,0.08,1.0,0.998,1.02,1.01,1.023,1.011
7188.863184370478,0.0177743742368196,0.08,0.12,0.33,0.13,0.14,0.2,1.0,1.001,1.038,1.027,1.007,1.009
7177.734542237838,-0.0015492386673968,0.11,0.4,0.15,0.06,0.04,0.25,1.0,1.0,0.99,1.024,1.008,1.0
7123.592224516135,-0.0075716857982944,0.21,0.02,0.06,0.08,0.39,0.24,1.0,1.008,1.001,1.001,0.992,0.989
7070.433164662239,-0.0074903780908171,0.26,0.18,0.29,0.09,0.09,0.09,1.0,0.994,0.996,0.979,0.974,1.013
7040.334005752166,-0.0042661329744399,0.11,0.17,0.11,0.04,0.52,0.06,1.0,0.996,1.004,0.991,0.996,1.003
7042.105408189846,0.0002515760792506,0.09,0.21,0.12,0.13,0.37,0.08,1.0,0.995,0.999,1.008,1.003,0.999
7122.107783411657,0.0112965294869402,0.27,0.19,0.19,0.05,0.06,0.24,1.0,1.024,1.009,1.021,1.024,1.018
7165.5848261779865,0.0060859619743413,0.25,0.1,0.26,0.19,0.05,0.14,1.0,1.017,1.006,1.01,0.986,1.019
7137.0775278583305,-0.0039862978463405,0.18,0.05,0.1,0.09,0.07,0.51,1.0,0.995,1.0,1.002,0.997,0.996
7101.0300886155965,-0.0050635263102308,0.29,0.12,0.11,0.07,0.26,0.15,1.0,1.009,1.014,0.996,0.969,1.015
7144.621608762984,0.0061199946665745,0.06,0.18,0.09,0.27,0.15,0.25,1.0,1.01,0.993,1.004,1.028,1.003
7087.41823340921,-0.0080387188390074,0.25,0.16,0.36,0.1,0.04,0.09,1.0,0.988,0.997,0.978,1.003,0.989
7144.063030890289,0.0079605341933153,0.04,0.05,0.1,0.31,0.46,0.04,1.0,1.01,1.013,1.018,1.006,1.016
7021.794308496264,-0.0172628815696257,0.16,0.4,0.04,0.18,0.08,0.14,1.0,0.978,0.983,0.986,0.979,0.992
7040.624346521026,0.0026780669443652,0.27,0.22,0.12,0.22,0.1,0.08,1.0,1.001,1.003,0.998,1.03,1.006
7016.565097435292,-0.0034230558923782,0.31,0.06,0.23,0.04,0.05,0.3,1.0,1.003,0.988,1.003,1.035,0.997
7064.46345450441,0.0068032731612405,0.34,0.23,0.25,0.03,0.08,0.07,1.0,1.013,1.005,1.002,1.037,1.009
7131.87320277342,0.0094968521157529,0.23,0.13,0.11,0.17,0.14,0.21,1.0,1.014,1.012,1.023,1.005,1.015
7104.731636406099,-0.0038129314618096,0.26,0.14,0.11,0.15,0.23,0.1,1.0,1.001,0.999,1.0,0.983,1.008
7081.154747524908,-0.0033239954066185,0.07,0.1,0.53,0.17,0.06,0.08,1.0,0.98,1.008,0.992,0.966,0.997
7079.190044279272,-0.0002774937033144,0.08,0.05,0.11,0.66,0.03,0.08,1.0,0.978,1.015,1.001,0.993,1.017
7091.509876327729,0.0017387758150834,0.16,0.05,0.04,0.12,0.51,0.12,1.0,0.995,1.0,1.006,1.01,0.991
7117.735400601406,0.0036913366672978,0.17,0.2,0.38,0.07,0.1,0.08,1.0,1.002,0.998,1.022,1.044,1.005
7049.705958677435,-0.0096037051528853,0.15,0.29,0.07,0.39,0.04,0.06,1.0,0.989,1.0,0.995,0.946,0.996
7019.444033281832,-0.00430189060213,0.07,0.12,0.1,0.02,0.52,0.17,1.0,0.997,0.984,0.989,1.008,0.979
6903.358673489612,-0.0166759599174567,0.11,0.1,0.08,0.13,0.3,0.27,1.0,0.994,1.011,0.987,0.965,0.988
6914.273366784829,0.0015798214243236,0.03,0.08,0.04,0.09,0.25,0.5,1.0,0.993,1.004,0.997,1.003,1.005
6855.257255109684,-0.0085720384622866,0.42,0.11,0.05,0.08,0.05,0.29,1.0,0.937,0.995,0.988,0.994,1.003
6696.770969694149,-0.0233903750053903,0.16,0.19,0.38,0.15,0.09,0.04,1.0,0.969,0.979,0.984,0.947,0.986
6670.60504114256,-0.0039148987728875,0.07,0.09,0.21,0.11,0.25,0.28,1.0,0.989,1.006,1.007,0.993,0.994
6727.656003073291,0.0085162255831572,0.13,0.21,0.09,0.13,0.26,0.18,1.0,0.999,1.007,0.996,1.026,1.016
6642.925500164649,-0.0126743383802699,0.06,0.07,0.41,0.19,0.03,0.24,1.0,1.016,0.987,0.991,0.976,0.984
6581.760153011867,-0.0092502438093304,0.11,0.27,0.31,0.05,0.17,0.08,1.0,0.99,0.992,0.999,0.989,0.998
6625.953084758005,0.006692013352339,0.24,0.18,0.08,0.21,0.11,0.19,1.0,0.99,1.006,1.04,1.005,1.004
6630.33567605417,0.0006612094131189,0.28,0.18,0.15,0.2,0.1,0.09,1.0,0.994,1.009,1.005,0.995,1.005
6640.655110126689,0.0015551869967617,0.08,0.12,0.07,0.31,0.28,0.13,1.0,1.001,1.003,1.003,1.003,1.006
6690.8777732830495,0.0075344525167407,0.28,0.11,0.22,0.16,0.02,0.22,1.0,1.007,1.02,1.004,1.035,1.013
6620.976195808631,-0.0105022516220129,0.1,0.23,0.11,0.17,0.16,0.23,1.0,0.99,0.996,1.001,0.992,0.976
6626.013985307151,0.0007605938666077,0.21,0.05,0.35,0.15,0.08,0.16,1.0,0.977,0.999,0.992,1.052,1.008
6572.535222630306,-0.0081037778473877,0.2,0.3,0.07,0.27,0.09,0.06,1.0,1.002,1.0,0.975,1.011,0.986
6692.945132775208,0.0181543696828553,0.04,0.2,0.13,0.2,0.05,0.38,1.0,1.037,1.013,1.028,1.009,1.013
6608.83706602818,-0.0126463035449204,0.04,0.25,0.58,0.03,0.03,0.07,1.0,0.996,0.987,1.001,0.983,0.987
6615.469949803831,0.0010031352605353,0.11,0.06,0.2,0.37,0.03,0.23,1.0,1.011,1.008,0.996,1.033,1.008
6537.32100954483,-0.0118833881186168,0.05,0.45,0.14,0.04,0.19,0.12,1.0,0.996,0.992,0.991,0.974,0.993
6593.985074332557,0.0086304311453568,0.06,0.13,0.08,0.07,0.35,0.3,1.0,1.011,1.01,1.006,1.013,1.01
6592.578030462735,-0.0002134057015433,0.15,0.19,0.11,0.36,0.05,0.15,1.0,1.013,0.997,1.003,0.994,0.994
6706.53377576101,0.0171377661968273,0.29,0.25,0.18,0.19,0.04,0.05,1.0,1.015,1.031,1.027,1.06,1.028
6705.110934743981,-0.000212179945574,0.06,0.38,0.08,0.08,0.31,0.09,1.0,1.018,1.0,0.932,1.002,0.996
6716.402642140573,0.0016826284153474,0.23,0.06,0.18,0.08,0.16,0.28,1.0,1.008,0.998,1.037,1.005,0.999
6740.929658795355,0.003645156895019,0.09,0.1,0.05,0.17,0.53,0.06,1.0,0.999,1.008,1.033,0.999,1.008
6708.2944944964,-0.004853102005073,0.2,0.29,0.02,0.12,0.16,0.21,1.0,0.995,0.993,1.013,0.994,0.991
6628.120390801924,-0.0120234816087933,0.11,0.12,0.11,0.17,0.15,0.35,1.0,0.986,1.006,0.935,1.0,1.004
6630.021630034783,0.0002868032704587,0.33,0.21,0.08,0.17,0.08,0.12,1.0,0.992,1.001,1.008,1.005,1.009
6579.511527292079,-0.0076475600333831,0.19,0.18,0.39,0.11,0.07,0.07,1.0,1.002,0.985,0.991,0.998,1.0
6673.555810561622,0.0141923163015036,0.09,0.08,0.06,0.4,0.25,0.12,1.0,1.007,1.004,1.019,1.03,1.008
6667.213656904144,-0.0009507928535491,0.13,0.42,0.11,0.07,0.1,0.17,1.0,1.004,0.994,0.997,1.003,1.001
6692.61642282631,0.0038028622197463,0.13,0.04,0.01,0.22,0.36,0.25,1.0,0.999,1.002,0.997,1.01,1.013
6646.674562871366,-0.0068882284158864,0.07,0.08,0.26,0.24,0.27,0.08,1.0,1.007,0.994,0.999,0.986,0.995
6573.581800590182,-0.0110578047891357,0.27,0.21,0.2,0.05,0.08,0.18,1.0,0.992,0.99,0.979,0.974,0.987
6510.322941371743,-0.0096697971107916,0.2,0.43,0.24,0.06,0.04,0.02,1.0,0.985,0.999,0.994,0.982,0.978
6543.778574692655,0.0051257003827471,0.08,0.13,0.19,0.16,0.35,0.09,1.0,1.001,1.0,1.031,1.005,1.002
6543.214522940329,-8.620035916075518e-05,0.18,0.3,0.04,0.21,0.13,0.15,1.0,0.997,1.0,1.008,1.012,0.995
6530.495584637007,-0.0019457280620937,0.08,0.15,0.25,0.02,0.27,0.22,1.0,1.004,1.002,0.998,0.994,1.002
6464.13755660899,-0.0102132325127669,0.13,0.1,0.28,0.1,0.29,0.1,1.0,0.977,0.983,0.984,1.003,0.983
6496.615404329088,0.0050117328519503,0.24,0.06,0.09,0.11,0.06,0.45,1.0,0.998,1.025,1.015,1.022,1.005
6550.0306457139495,0.0081883941108548,0.18,0.12,0.31,0.13,0.15,0.11,1.0,1.009,1.018,1.006,1.019,1.0
6344.107644766367,-0.0319432762181431,0.05,0.13,0.45,0.06,0.24,0.06,1.0,0.996,0.943,1.001,0.984,0.99
6390.253668171812,0.007247513127955,0.12,0.1,0.12,0.4,0.23,0.03,1.0,1.006,1.023,1.005,1.014,1.022
6243.443113005485,-0.0232421541444005,0.48,0.08,0.14,0.03,0.21,0.06,1.0,0.972,0.958,0.964,0.952,0.959
6142.281864124465,-0.0163354989100189,0.32,0.07,0.04,0.06,0.07,0.43,1.0,0.985,0.985,0.973,0.981,0.977
6251.868305361639,0.0176840357092814,0.14,0.33,0.08,0.21,0.08,0.15,1.0,1.017,1.018,1.028,1.038,1.025
6388.589507404377,0.0216331617226724,0.12,0.15,0.17,0.06,0.31,0.19,1.0,1.009,1.021,1.023,1.043,1.021
6416.165247813611,0.0043071161559503,0.16,0.17,0.27,0.11,0.21,0.09,1.0,1.013,1.015,1.019,1.0,0.967
6409.283837454826,-0.0010730869497624,0.18,0.05,0.16,0.4,0.09,0.12,1.0,1.003,0.995,1.002,1.001,1.004
6359.218254184328,-0.0078420850762179,0.04,0.09,0.06,0.44,0.29,0.08,1.0,0.991,0.994,0.991,0.993,1.003
6379.740438587299,0.003221959133606,0.16,0.25,0.13,0.21,0.15,0.1,1.0,1.006,1.005,0.996,1.031,0.992
6390.519348973674,0.0016881274344414,0.45,0.16,0.12,0.14,0.05,0.09,1.0,1.004,1.0,1.009,1.0,1.006
6442.575831384061,0.0081128936089253,0.31,0.21,0.13,0.11,0.11,0.13,1.0,1.008,1.017,0.995,1.017,1.026
6477.691719759746,0.0054357968522449,0.19,0.14,0.32,0.04,0.17,0.13,1.0,1.003,1.004,1.031,1.02,1.001
6486.552465957771,0.001366951663487,0.08,0.14,0.09,0.07,0.19,0.43,1.0,1.005,1.004,1.003,0.98,1.013
6415.200494498167,-0.0110609308882434,0.22,0.02,0.32,0.11,0.2,0.13,1.0,0.994,0.998,0.986,0.966,1.0
6492.175666512,0.0119274566138292,0.03,0.36,0.03,0.45,0.01,0.11,1.0,1.02,1.004,1.015,1.017,1.009
6477.103798526623,-0.0023242424239507,0.09,0.16,0.11,0.05,0.24,0.36,1.0,1.0,1.001,0.994,1.0,1.002
6507.839729943315,0.0047340966486166,0.33,0.05,0.16,0.38,0.03,0.04,1.0,1.011,1.0,1.017,1.009,1.0
6508.581829809673,0.0001140251740855,0.11,0.11,0.12,0.12,0.13,0.41,1.0,1.0,1.0,1.001,0.999,1.005
6535.633207946972,0.0041476496422953,0.1,0.26,0.28,0.07,0.14,0.14,1.0,1.001,1.006,1.02,1.008,1.008
6482.343591280879,-0.0081871269476543,0.33,0.07,0.14,0.18,0.12,0.16,1.0,0.995,0.979,0.997,0.983,0.993
6530.85956847712,0.0074564580889314,0.07,0.13,0.26,0.22,0.1,0.22,1.0,0.992,1.018,1.004,1.007,1.014
6465.559108629428,-0.0100490775180564,0.15,0.06,0.41,0.16,0.06,0.16,1.0,0.987,0.992,0.985,0.988,0.988
6474.346896940439,0.0013582462899232,0.18,0.2,0.14,0.13,0.29,0.06,1.0,0.993,1.006,1.005,1.012,0.994
6591.315594915724,0.0179052264693479,0.05,0.3,0.42,0.07,0.09,0.07,1.0,1.065,1.0,0.994,1.006,1.001
6640.59126775688,0.0074480422425642,0.05,0.36,0.05,0.04,0.12,0.37,1.0,1.014,1.005,1.0,1.01,1.008
6629.21567145333,-0.0017145086047213,0.09,0.45,0.1,0.15,0.05,0.16,1.0,0.999,0.994,0.992,1.089,0.986
6621.366215491749,-0.001184771649537,0.58,0.02,0.2,0.1,0.07,0.03,1.0,1.018,0.999,1.023,0.973,1.003
6578.869287504006,-0.0064388358525801,0.11,0.16,0.11,0.09,0.2,0.33,1.0,0.985,0.983,0.994,1.0,1.0
6573.392625326769,-0.0008328092202044,0.42,0.11,0.04,0.23,0.17,0.04,1.0,1.013,1.006,0.998,0.995,1.005
6608.8016015370895,0.0053722560543155,0.09,0.18,0.22,0.24,0.25,0.02,1.0,1.001,1.004,1.013,1.008,1.01
6606.331927063343,-0.0003737645930179,0.26,0.07,0.02,0.48,0.04,0.14,1.0,1.015,1.02,0.998,1.004,1.008
6604.1553677916245,-0.0003295199098766,0.21,0.05,0.14,0.4,0.08,0.12,1.0,1.008,0.994,1.005,0.987,0.998
6632.188537085698,0.0042357937221427,0.01,0.07,0.35,0.38,0.14,0.05,1.0,1.004,1.004,1.003,1.017,1.001
6663.861571954296,0.0047642863135278,0.18,0.22,0.1,0.3,0.03,0.17,1.0,0.993,1.018,1.025,1.0,0.995
6709.220620435212,0.0067836601574405,0.08,0.39,0.14,0.1,0.06,0.22,1.0,0.999,1.01,1.051,1.006,1.006
6860.742207255429,0.0223328370724011,0.05,0.16,0.18,0.36,0.04,0.21,1.0,1.002,0.994,1.071,0.993,0.999
6867.732190161602,0.0010183190510264,0.26,0.28,0.23,0.1,0.07,0.06,1.0,1.012,0.999,0.989,0.998,1.011
6837.830469522934,-0.0043634499107306,0.1,0.02,0.13,0.28,0.18,0.3,1.0,0.999,0.997,0.995,1.001,0.999
6807.844709660998,-0.0043949174714332,0.06,0.39,0.07,0.26,0.18,0.03,1.0,0.999,0.991,1.004,0.987,1.0
6844.884584583758,0.0054260162932535,0.16,0.18,0.11,0.15,0.29,0.1,1.0,0.999,1.01,1.0,1.023,0.993
6818.022042843458,-0.0039321905778125,0.14,0.06,0.15,0.2,0.25,0.2,1.0,1.003,0.997,0.999,0.989,1.002
6800.796103953805,-0.0025297273067973,0.14,0.28,0.12,0.13,0.14,0.18,1.0,0.992,0.999,0.988,1.009,1.007
6816.926339308587,0.0023690074409761,0.19,0.2,0.26,0.14,0.1,0.1,1.0,1.003,1.009,1.001,1.003,0.997
6746.304692309433,-0.0104137848951112,0.09,0.2,0.14,0.39,0.1,0.07,1.0,0.992,1.0,0.98,1.004,0.994
6748.977795166939,0.0003961536773974,0.1,0.12,0.27,0.06,0.24,0.2,1.0,0.996,1.005,1.001,1.006,1.0
6744.18676592852,-0.0007101417044267,0.04,0.11,0.42,0.08,0.26,0.09,1.0,0.994,1.004,1.012,0.992,1.003
6727.293204282675,-0.0025080496780877,0.07,0.22,0.14,0.11,0.17,0.29,1.0,0.999,1.002,0.998,0.99,1.004
6707.9689344899925,-0.0028766514443818,0.04,0.15,0.11,0.14,0.36,0.21,1.0,0.992,0.997,1.012,0.992,1.004
6710.00463182789,0.0003034284340261,0.12,0.14,0.14,0.28,0.16,0.17,1.0,1.001,1.003,1.012,0.987,0.997
6723.403286722441,0.0019948265427406,0.24,0.13,0.38,0.07,0.09,0.09,1.0,1.006,1.006,1.002,0.999,1.005
6788.293013737123,0.0096050450584423,0.06,0.1,0.36,0.07,0.32,0.08,1.0,1.009,1.007,1.019,1.016,1.009
6864.048498140036,0.0110979148686909,0.12,0.1,0.37,0.19,0.1,0.12,1.0,1.0,0.999,1.046,1.027,1.006
6853.3788143862985,-0.0015556395032946,0.07,0.18,0.32,0.12,0.13,0.19,1.0,1.006,0.995,0.986,0.998,1.009
6759.817591287125,-0.0137458820838445,0.06,0.36,0.15,0.18,0.14,0.1,1.0,0.974,0.989,1.002,0.99,0.997
6614.702234427801,-0.0217011232915729,0.16,0.06,0.06,0.28,0.15,0.31,1.0,0.977,0.975,0.971,0.98,0.98
6664.328464244599,0.0074744101404621,0.35,0.07,0.22,0.17,0.04,0.14,1.0,1.022,1.009,1.012,1.007,1.02
6594.946183383915,-0.0104655670810299,0.08,0.1,0.37,0.08,0.25,0.12,1.0,1.024,0.985,0.995,0.984,0.987
6607.525872200049,0.0019056571481659,0.12,0.04,0.18,0.17,0.15,0.35,1.0,1.035,1.0,1.021,1.002,0.995
6661.035542450638,0.0080656762504916,0.23,0.06,0.13,0.15,0.33,0.09,1.0,1.034,1.008,1.02,1.008,1.006
6632.768824380592,-0.0042526217311229,0.21,0.1,0.06,0.38,0.12,0.13,1.0,0.994,0.993,1.002,0.979,1.001
6621.68379368018,-0.0016726504827132,0.57,0.05,0.1,0.08,0.16,0.04,1.0,0.988,1.008,0.985,1.003,1.005
6646.501460494886,0.0037409329583521,0.08,0.12,0.19,0.04,0.23,0.33,1.0,1.0,1.009,0.985,1.018,1.0
6860.826708780826,0.0317373258965179,0.13,0.03,0.3,0.07,0.21,0.26,1.0,1.0,1.071,1.045,1.03,1.009
6909.421441107986,0.0070579605430691,0.11,0.3,0.27,0.11,0.11,0.09,1.0,1.009,1.001,1.032,1.014,1.002
6837.868769741842,-0.0104098067928237,0.37,0.06,0.08,0.4,0.03,0.05,1.0,0.983,0.996,0.985,0.991,0.99
6783.944750050339,-0.0079173454100766,0.03,0.12,0.28,0.04,0.13,0.41,1.0,1.002,0.998,0.983,0.996,0.991
6853.020562996983,0.010130758881308,0.07,0.27,0.34,0.13,0.05,0.14,1.0,1.002,1.023,1.022,1.0,1.004
6862.154182818996,0.0013319000802407,0.1,0.06,0.3,0.11,0.3,0.13,1.0,1.008,0.998,1.005,1.003,1.01
6759.708317991001,-0.0150416723648933,0.05,0.13,0.19,0.13,0.38,0.11,1.0,0.984,0.985,0.971,0.99,0.987
6779.766381808788,0.0029629035005156,0.11,0.31,0.07,0.26,0.1,0.16,1.0,1.008,1.007,1.002,0.999,1.01
6762.255372426342,-0.0025861750128819,0.28,0.16,0.14,0.11,0.15,0.15,1.0,0.995,0.999,0.996,0.997,1.002
6748.143181651331,-0.0020890865433746,0.17,0.09,0.07,0.33,0.08,0.26,1.0,1.004,0.999,1.001,0.989,0.998
6796.121427585017,0.0070846883161219,0.22,0.02,0.1,0.37,0.1,0.19,1.0,1.0,1.004,1.014,1.006,1.007
6795.767057945729,-5.2144282929626085e-05,0.11,0.42,0.13,0.15,0.14,0.04,1.0,1.007,0.998,1.001,0.993,1.0
6762.348791660232,-0.0049296427810458,0.11,0.19,0.12,0.14,0.18,0.26,1.0,1.001,1.001,0.99,0.994,0.994
6794.363122823828,0.0047230317908315,0.24,0.08,0.3,0.07,0.11,0.2,1.0,1.017,1.006,1.023,1.006,1.003
6723.039127067784,-0.0105530125328877,0.23,0.05,0.05,0.19,0.23,0.25,1.0,1.002,0.983,0.971,1.002,0.987
6718.060645752023,-0.000740784850581,0.18,0.27,0.03,0.1,0.31,0.11,1.0,1.009,1.006,0.985,0.998,1.003
6663.691667368748,-0.0081258831094688,0.08,0.12,0.1,0.49,0.1,0.11,1.0,0.997,1.0,0.986,1.017,0.995
6647.626581960907,-0.0024137493983358,0.18,0.1,0.3,0.14,0.13,0.14,1.0,1.006,0.998,0.997,0.989,1.007
6649.193659317369,0.000235707084142,0.29,0.11,0.09,0.24,0.14,0.14,1.0,0.999,0.997,1.01,0.997,0.996
6652.833571704287,0.0005472718427877,0.19,0.59,0.03,0.02,0.14,0.04,1.0,0.999,1.009,1.005,1.022,0.993
6646.238453905996,-0.00099181632015,0.07,0.03,0.06,0.61,0.15,0.09,1.0,0.997,1.0,1.006,0.982,1.015
6634.977121466846,-0.0016958289810223,0.17,0.1,0.15,0.36,0.16,0.06,1.0,0.999,1.006,0.999,0.994,0.996
6617.103076616498,-0.0026975471657189,0.12,0.19,0.35,0.24,0.04,0.06,1.0,0.996,1.0,1.001,0.981,0.998
6636.654847203619,0.0029503760189707,0.2,0.18,0.05,0.1,0.29,0.17,1.0,1.009,1.016,1.005,1.001,1.01
6585.496177383835,-0.0077383664754744,0.07,0.25,0.12,0.16,0.06,0.33,1.0,1.005,0.984,0.997,0.991,0.986
6545.196911960273,-0.0061381972269791,0.04,0.04,0.13,0.06,0.5,0.23,1.0,0.978,0.99,0.986,1.0,0.997
6499.575755463317,-0.0069945783890385,0.1,0.22,0.24,0.11,0.11,0.22,1.0,0.99,0.992,0.996,0.99,1.002
6477.576695846445,-0.0033904326504195,0.12,0.09,0.07,0.16,0.48,0.08,1.0,0.993,1.005,0.996,0.999,1.004
6463.595910360904,-0.0021606683335524,0.18,0.08,0.14,0.22,0.13,0.26,1.0,0.998,0.999,0.998,0.995,1.004
6382.517096067148,-0.0126232566826252,0.06,0.23,0.12,0.11,0.09,0.39,1.0,0.982,0.994,0.995,0.981,0.989
6349.720733698157,-0.0051517157223353,0.29,0.15,0.09,0.17,0.15,0.15,1.0,1.001,0.991,0.974,1.021,0.987
6340.544811128435,-0.0014461358805219,0.1,0.15,0.19,0.06,0.07,0.44,1.0,0.984,1.012,0.992,1.001,1.001
6293.744923218185,-0.007408426266014,0.21,0.16,0.05,0.32,0.14,0.12,1.0,0.991,0.991,0.998,0.982,0.996
6343.528567139834,0.0078788991145152,0.07,0.43,0.04,0.06,0.23,0.16,1.0,1.014,1.023,1.018,0.986,1.027
6356.531465259342,0.0020476915274115,0.06,0.09,0.18,0.32,0.2,0.14,1.0,1.006,0.998,1.005,1.008,1.004
6308.082305667049,-0.0076511446491159,0.29,0.11,0.03,0.15,0.18,0.24,1.0,0.998,0.995,0.968,0.986,1.004
6183.980241971664,-0.019869600582571,0.28,0.23,0.12,0.24,0.09,0.05,1.0,0.972,0.965,0.976,0.988,0.984
6145.267563471547,-0.0062798325306861,0.16,0.03,0.3,0.32,0.07,0.11,1.0,1.006,0.996,0.986,1.009,1.0
6038.975438218854,-0.0174479156012842,0.01,0.04,0.41,0.24,0.28,0.01,1.0,0.975,0.988,0.965,0.996,0.957
6049.685428334481,0.0017719072502726,0.06,0.08,0.07,0.21,0.11,0.47,1.0,1.013,1.012,1.014,0.987,1.002
6112.683362048459,0.0103595768578693,0.13,0.08,0.16,0.49,0.11,0.03,1.0,1.027,1.004,1.02,0.992,1.019
6138.112710314798,0.0041514665068838,0.49,0.12,0.17,0.07,0.07,0.09,1.0,1.0,1.017,1.013,1.011,1.012
6083.9677958288175,-0.008860237612324,0.08,0.15,0.19,0.09,0.3,0.17,1.0,1.001,0.993,0.993,0.982,0.997
6121.791245504376,0.0061976597468562,0.06,0.24,0.08,0.38,0.13,0.12,1.0,1.015,1.006,1.0,1.02,1.011
6100.830115317283,-0.0034298944747613,0.21,0.2,0.2,0.22,0.07,0.1,1.0,1.001,0.996,0.998,1.014,0.978
6067.748326850512,-0.0054372612422939,0.12,0.1,0.26,0.31,0.16,0.06,1.0,0.995,0.99,0.998,0.996,0.995
6059.656330237965,-0.0013344978653327,0.05,0.16,0.13,0.31,0.18,0.16,1.0,1.005,1.008,1.0,0.981,1.007
6063.389408790649,0.0006158648166539,0.13,0.17,0.1,0.3,0.23,0.08,1.0,0.998,0.995,1.008,1.002,0.987
6078.381717284691,0.0024695435217423,0.1,0.12,0.18,0.24,0.1,0.26,1.0,0.999,1.004,1.013,0.997,1.001
5975.725888128519,-0.0170329176381761,0.07,0.06,0.12,0.3,0.06,0.4,1.0,0.992,0.98,0.99,0.986,0.977
5820.327318801562,-0.0263490774856208,0.08,0.24,0.26,0.1,0.18,0.13,1.0,0.991,0.968,0.956,0.971,0.976
5826.382572103195,0.0010398222165652,0.06,0.14,0.25,0.25,0.22,0.09,1.0,1.004,1.002,1.007,0.994,1.004
5860.399206465949,0.0058214025164934,0.25,0.23,0.29,0.18,0.01,0.05,1.0,0.993,1.022,1.006,1.003,1.021
5835.644206885854,-0.0042330616722638,0.35,0.01,0.19,0.34,0.07,0.04,1.0,1.008,0.996,0.994,1.001,0.997
5897.4919800205125,0.010542508837361,0.13,0.15,0.07,0.23,0.33,0.09,1.0,1.01,1.018,1.007,1.016,1.029
5947.021590867053,0.0083633488615616,0.23,0.12,0.08,0.03,0.41,0.15,1.0,1.01,1.001,1.014,1.019,1.0
5973.405214977781,0.0044266312981643,0.16,0.11,0.28,0.2,0.08,0.18,1.0,1.016,1.008,1.011,1.008,0.998
5925.885261719417,-0.0079870654426053,0.25,0.11,0.02,0.16,0.38,0.09,1.0,0.994,1.008,0.991,0.99,0.992
5964.613980023972,0.006514252172773,0.17,0.09,0.04,0.19,0.25,0.24,1.0,1.017,1.009,0.997,1.016,1.009
5921.15361436435,-0.007313042090853,0.13,0.25,0.07,0.18,0.16,0.22,1.0,1.0,0.997,0.989,0.974,0.999
5898.209688179617,-0.0038824350208182,0.13,0.11,0.24,0.13,0.14,0.25,1.0,1.005,0.993,0.974,1.001,1.005
5859.6675783432975,-0.0065559874475077,0.39,0.12,0.15,0.11,0.19,0.05,1.0,1.001,0.985,0.998,0.985,0.986
5874.204178748807,0.0024777171837598,0.22,0.11,0.14,0.16,0.08,0.3,1.0,1.006,1.017,1.003,1.014,0.997
5887.942301033303,0.0023359900432031,0.11,0.07,0.08,0.37,0.24,0.13,1.0,1.003,1.005,1.01,0.997,1.003
5863.393118902411,-0.0041781154168126,0.28,0.06,0.18,0.23,0.09,0.16,1.0,1.001,0.998,0.993,0.991,0.997
5821.713588199488,-0.0071338171756811,0.1,0.28,0.17,0.04,0.1,0.31,1.0,0.993,0.993,0.973,0.995,0.997
5831.149514546079,0.0016195038636883,0.02,0.13,0.09,0.07,0.37,0.31,1.0,1.002,1.003,1.0,1.004,1.003
5836.265740644282,0.0008770111141549,0.18,0.18,0.13,0.1,0.22,0.19,1.0,1.006,1.0,1.009,0.997,1.003
5808.068564726204,-0.0048430816727436,0.13,0.28,0.18,0.15,0.1,0.17,1.0,0.996,0.988,0.998,0.996,0.999
5803.425266435832,-0.0007997762571108,0.19,0.25,0.15,0.16,0.09,0.17,1.0,1.0,0.999,1.0,0.995,1.0