,0,1,2,3
0,10076.42167228444,0.007613113795381859,"0.17,0.13,0.53,0.04,0.07,0.06","1.000,0.992,1.020,1.006,0.988,1.007"
1,10137.554836141608,0.006048621874623856,"0.23,0.12,0.31,0.10,0.10,0.14","1.000,1.026,0.997,1.033,1.007,1.007"
2,10281.451888357915,0.014094655666408011,"0.11,0.06,0.26,0.22,0.13,0.21","1.000,1.008,1.001,1.032,1.052,1.002"
3,10389.457772701104,0.010450131998375384,"0.11,0.26,0.02,0.19,0.30,0.12","1.000,1.026,1.027,1.007,1.012,1.001"
4,10457.464940849088,0.00652445546321763,"0.18,0.05,0.05,0.23,0.47,0.02","1.000,1.005,1.008,0.991,1.019,1.003"
5,10489.825196736918,0.0030896866772076982,"0.14,0.17,0.13,0.29,0.15,0.11","1.000,1.001,0.982,1.009,1.034,0.993"
6,10314.71668008567,-0.01683407911088687,"0.10,0.04,0.23,0.13,0.30,0.20","1.000,0.965,0.982,0.990,0.987,0.978"
7,10292.41225618938,-0.00216472975689559,"0.09,0.12,0.15,0.04,0.22,0.37","1.000,1.057,0.983,0.956,1.017,0.982"
8,10161.447281975286,-0.012806068582723526,"0.20,0.06,0.22,0.21,0.25,0.07","1.000,1.031,1.020,0.912,1.005,1.007"
9,10026.842356588766,-0.013335148492570979,"0.05,0.28,0.44,0.06,0.05,0.12","1.000,0.985,0.979,0.992,0.988,1.028"
10,10116.311827654963,0.008883420999703658,"0.06,0.10,0.31,0.41,0.05,0.06","1.000,1.013,1.014,1.012,1.002,1.002"
11,10152.669356660119,0.0035875081898425914,"0.04,0.26,0.09,0.42,0.12,0.06","1.000,1.000,1.011,1.005,1.003,1.017"
12,10257.39788188356,0.010262528110333359,"0.06,0.09,0.26,0.36,0.08,0.15","1.000,1.008,1.005,0.993,1.109,1.020"
13,10352.053409795566,0.009185707288914081,"0.05,0.05,0.35,0.17,0.29,0.09","1.000,1.003,1.011,0.967,1.034,1.026"
14,10256.294105230038,-0.00929332094083807,"0.11,0.09,0.40,0.11,0.22,0.07","1.000,0.992,0.992,0.985,0.991,0.984"
15,10064.804544741623,-0.01884693657132631,"0.18,0.15,0.05,0.04,0.52,0.06","1.000,1.007,0.997,1.004,0.967,0.993"
16,10161.002558342509,0.009512474681483574,"0.09,0.10,0.12,0.07,0.48,0.13","1.000,1.019,1.006,1.015,1.014,0.997"
17,10216.922435460041,0.005488293582366983,"0.21,0.36,0.14,0.14,0.05,0.11","1.000,1.023,1.003,0.986,1.002,1.005"
18,10335.189720348677,0.011509142171504163,"0.31,0.08,0.15,0.30,0.09,0.07","1.000,1.013,1.022,1.013,1.039,1.018"
19,10387.383831371013,0.005037426578674608,"0.29,0.09,0.07,0.07,0.45,0.03","1.000,1.005,1.026,1.022,1.007,0.995"
20,10306.160480687993,-0.007850155253547758,"0.30,0.13,0.18,0.15,0.21,0.04","1.000,1.006,1.008,0.975,0.974,1.005"
21,10608.151014075285,0.028880847845709146,"0.09,0.05,0.11,0.15,0.56,0.04","1.000,1.007,1.008,0.999,1.053,0.994"
22,10566.657243882877,-0.0039191687403756096,"0.07,0.18,0.13,0.40,0.08,0.14","1.000,0.998,1.000,1.002,0.977,1.000"
23,10563.652249342154,-0.00028442503995920407,"0.36,0.14,0.08,0.06,0.30,0.06","1.000,1.008,1.011,0.997,0.996,1.014"
24,10566.141483442176,0.0002356136688333123,"0.09,0.24,0.05,0.12,0.41,0.08","1.000,1.027,0.994,0.986,0.992,1.000"
25,10515.26287582863,-0.004826880176530905,"0.13,0.34,0.18,0.15,0.06,0.13","1.000,0.994,0.995,0.991,1.026,0.998"
26,10484.777398702863,-0.002903375245211996,"0.06,0.34,0.13,0.32,0.06,0.09","1.000,0.974,1.005,1.018,0.998,1.002"
27,10559.169674920973,0.007070212242066247,"0.07,0.12,0.06,0.14,0.53,0.08","1.000,1.013,1.011,0.990,1.016,1.003"
28,10541.39303928867,-0.001684944622452508,"0.17,0.09,0.09,0.34,0.30,0.02","1.000,0.985,1.002,0.997,1.007,0.991"
29,10456.000841212672,-0.008133644520827743,"0.05,0.25,0.02,0.55,0.13,0.01","1.000,1.005,1.009,0.987,0.993,1.026"
30,10404.114075457328,-0.0049747446714214025,"0.64,0.11,0.10,0.03,0.09,0.03","1.000,1.002,0.990,0.971,0.990,0.989"
31,10455.273310301074,0.004905162023647845,"0.11,0.33,0.15,0.23,0.08,0.09","1.000,0.994,0.983,1.048,1.002,0.994"
32,10483.289968955794,0.002676083836411658,"0.18,0.03,0.06,0.52,0.07,0.14","1.000,0.983,1.013,1.007,1.006,1.001"
33,10390.371051942011,-0.008903041079516748,"0.42,0.14,0.18,0.09,0.03,0.15","1.000,1.002,0.986,0.980,0.980,0.982"
34,10398.676452357988,0.0007990169685384806,"0.25,0.10,0.21,0.04,0.13,0.27","1.000,1.004,1.005,0.978,0.991,1.008"
35,10313.37717883528,-0.008236726042936652,"0.12,0.09,0.10,0.51,0.13,0.05","1.000,0.979,0.975,1.005,0.974,0.977"
36,10215.195850269132,-0.009565406912011893,"0.07,0.27,0.05,0.25,0.09,0.27","1.000,0.982,1.000,0.988,1.010,0.998"
37,10261.868230253323,0.004558510987876379,"0.29,0.03,0.08,0.15,0.42,0.02","1.000,1.018,1.018,0.999,1.011,1.018"
38,10181.009890980815,-0.007910702246861833,"0.13,0.18,0.07,0.38,0.23,0.02","1.000,0.993,1.003,0.999,0.979,0.983"
39,10251.906968803754,0.006939524378736292,"0.20,0.15,0.10,0.17,0.10,0.28","1.000,1.011,1.009,1.026,0.972,1.015"
40,10342.345230872972,0.008782920841856296,"0.04,0.26,0.31,0.14,0.08,0.18","1.000,1.017,1.017,1.006,1.036,0.983"
41,10442.600666437818,0.009647002554520194,"0.18,0.25,0.07,0.06,0.13,0.32","1.000,1.011,0.965,1.001,1.051,1.012"
42,10407.079270219945,-0.0034073837769707494,"0.03,0.14,0.11,0.16,0.34,0.24","1.000,0.992,1.003,1.014,0.991,0.998"
43,10377.600426235724,-0.002836595432883468,"0.18,0.06,0.19,0.33,0.13,0.10","1.000,0.987,1.003,0.994,1.002,1.009"
44,10339.583077413827,-0.003670131269458739,"0.46,0.10,0.10,0.03,0.27,0.04","1.000,1.010,0.987,0.989,0.995,0.995"
45,10261.329785971946,-0.007597106820742541,"0.05,0.05,0.29,0.15,0.15,0.31","1.000,0.996,0.988,0.993,0.992,1.000"
46,10044.22976379018,-0.021384123353810743,"0.06,0.13,0.05,0.09,0.11,0.56","1.000,0.974,0.969,1.001,0.968,0.980"
47,10036.34951682517,-0.000784862553954467,"0.27,0.17,0.17,0.22,0.09,0.08","1.000,1.007,0.998,1.005,0.994,0.998"
48,10043.671675903037,0.0007292979755477599,"0.20,0.14,0.08,0.06,0.32,0.20","1.000,0.992,1.005,1.005,1.009,0.999"
49,10108.266256922341,0.006410778205109855,"0.07,0.08,0.04,0.12,0.48,0.21","1.000,1.025,1.004,0.992,1.012,1.002"
50,10008.813577863268,-0.009887467773562239,"0.06,0.29,0.15,0.19,0.21,0.11","1.000,0.985,1.005,0.992,0.989,0.996"
51,10049.426217475897,0.004049477474103142,"0.25,0.33,0.14,0.03,0.20,0.04","1.000,0.999,1.015,0.989,1.018,0.996"
52,10106.264680016995,0.005639956823626306,"0.20,0.16,0.44,0.05,0.10,0.05","1.000,1.009,1.008,0.999,1.022,1.002"
53,10187.871324089676,0.008042429982742733,"0.14,0.26,0.27,0.05,0.07,0.22","1.000,1.016,1.007,0.994,1.054,0.999"
54,10168.78417891442,-0.0018752737418981334,"0.33,0.15,0.02,0.31,0.07,0.12","1.000,0.989,0.992,1.005,0.987,1.009"
55,10266.872125479907,0.009599760182013917,"0.11,0.11,0.17,0.08,0.42,0.11","1.000,0.997,0.997,1.039,1.019,1.011"
56,10350.599195880075,0.008121998024124673,"0.03,0.09,0.20,0.27,0.29,0.12","1.000,1.008,1.012,1.009,1.013,0.999"
57,10402.505725233525,0.005002300888359862,"0.26,0.07,0.11,0.04,0.30,0.22","1.000,1.004,1.003,0.982,1.022,0.998"
58,10331.10682446933,-0.006887288245130147,"0.14,0.07,0.39,0.11,0.19,0.10","1.000,0.998,0.993,0.996,0.994,0.989"
59,10323.389444771654,-0.0007472832991144404,"0.09,0.33,0.20,0.04,0.11,0.23","1.000,0.996,0.999,1.009,1.025,0.999"
60,10383.895911965059,0.005843995323746876,"0.02,0.12,0.33,0.06,0.34,0.13","1.000,1.004,1.001,0.996,1.020,1.002"
61,10265.259342057123,-0.011490821182092619,"0.18,0.14,0.20,0.08,0.34,0.05","1.000,0.995,0.988,0.993,0.979,1.000"
62,10044.57689172448,-0.021732438745152776,"0.12,0.18,0.41,0.10,0.07,0.12","1.000,0.989,0.973,0.974,0.966,0.983"
63,10123.560675736442,0.007832571306746208,"0.10,0.18,0.22,0.05,0.13,0.32","1.000,1.023,1.011,1.004,1.012,1.003"
64,10110.582300084905,-0.001282819583398344,"0.19,0.50,0.13,0.03,0.08,0.07","1.000,0.995,1.009,1.003,1.017,1.010"
65,10397.471331087603,0.027980007520790967,"0.10,0.10,0.09,0.04,0.20,0.47","1.000,1.013,1.012,0.996,1.048,1.041"
66,10200.401570099302,-0.019135546209285457,"0.06,0.05,0.10,0.17,0.37,0.26","1.000,1.008,1.014,1.003,0.950,0.996"
67,10290.530371236431,0.008797001779064681,"0.10,0.36,0.06,0.23,0.15,0.10","1.000,1.005,1.000,1.028,1.020,0.996"
68,10319.154221159459,0.0027777104689847513,"0.08,0.31,0.11,0.09,0.28,0.14","1.000,1.018,1.000,1.004,0.995,0.994"
69,10261.561594648569,-0.005596771012384937,"0.26,0.06,0.05,0.10,0.13,0.39","1.000,0.984,0.993,1.002,0.994,0.995"
70,10119.52272436876,-0.013938529244970545,"0.10,0.35,0.06,0.23,0.14,0.12","1.000,0.985,1.008,0.969,0.990,1.009"
71,9979.485004377566,-0.013935014899409804,"0.23,0.14,0.09,0.21,0.27,0.05","1.000,0.973,0.992,0.986,0.985,0.981"
72,10058.16909942965,0.007853663815186668,"0.08,0.18,0.14,0.10,0.20,0.30","1.000,1.030,1.005,0.999,1.022,0.996"
73,10009.349645366816,-0.0048655293156819575,"0.15,0.24,0.05,0.38,0.10,0.08","1.000,0.998,0.992,0.993,1.008,0.997"
74,9860.238453781361,-0.015009268448027913,"0.16,0.47,0.10,0.09,0.05,0.14","1.000,0.977,0.989,0.987,0.974,1.006"
75,9795.012489632107,-0.006637025777092271,"0.15,0.18,0.04,0.18,0.31,0.15","1.000,0.994,0.993,1.006,0.988,0.996"
76,9948.14780563507,0.015513057156465136,"0.06,0.17,0.09,0.12,0.19,0.37","1.000,1.002,1.003,1.075,1.011,1.014"
77,10056.213949572748,0.010804363219368349,"0.35,0.16,0.12,0.18,0.13,0.06","1.000,1.019,1.021,1.012,1.011,1.043"
78,10030.959786307454,-0.0025144579225664433,"0.09,0.22,0.08,0.26,0.26,0.08","1.000,0.990,1.006,0.996,1.007,0.994"
79,10073.71957037771,0.004253721015565946,"0.21,0.18,0.17,0.11,0.30,0.04","1.000,0.996,0.997,1.001,1.022,0.995"
80,10119.420822171956,0.004526421243544205,"0.04,0.22,0.23,0.40,0.06,0.05","1.000,1.001,1.007,1.009,1.016,0.999"
81,10228.682503445836,0.01073935291686953,"0.28,0.23,0.08,0.08,0.18,0.14","1.000,1.023,1.030,1.010,1.006,1.020"
82,10237.881834533382,0.0008989619904106179,"0.06,0.28,0.09,0.31,0.18,0.09","1.000,0.999,0.994,1.001,1.017,0.994"
83,10196.862316915214,-0.004014689140149238,"0.23,0.19,0.06,0.34,0.11,0.06","1.000,1.011,1.006,0.985,0.991,1.006"
84,10232.624927099683,0.003501081185986332,"0.12,0.12,0.23,0.23,0.24,0.06","1.000,0.999,1.003,1.013,1.005,1.002"
85,10230.982908333031,-0.00016048184497879852,"0.06,0.23,0.19,0.16,0.22,0.15","1.000,1.000,1.000,1.028,0.987,0.995"
86,10197.02803426586,-0.0033243476746706493,"0.17,0.15,0.04,0.05,0.41,0.19","1.000,1.010,1.012,1.035,0.989,0.994"
87,10148.503810432001,-0.004770021861373044,"0.05,0.04,0.37,0.14,0.22,0.17","1.000,1.009,0.994,0.994,0.997,1.004"
88,10040.07222321567,-0.010741978997894135,"0.04,0.16,0.10,0.30,0.34,0.06","1.000,0.978,0.992,0.992,0.997,0.984"
89,10081.519125274759,0.0041196503754914755,"0.12,0.22,0.15,0.18,0.19,0.14","1.000,1.019,1.010,1.001,0.988,1.014"
90,10028.089616008352,-0.005313841326046959,"0.06,0.04,0.07,0.07,0.73,0.04","1.000,0.998,0.998,0.982,0.998,1.001"
91,9891.101446547224,-0.013754607679397226,"0.11,0.30,0.31,0.03,0.08,0.17","1.000,0.989,0.988,0.982,0.992,0.987"
92,9924.073601578606,0.0033279731703567245,"0.08,0.20,0.20,0.20,0.26,0.05","1.000,1.002,1.010,1.016,0.996,1.006"
93,9890.475167515533,-0.003391292595710775,"0.18,0.03,0.36,0.24,0.09,0.11","1.000,0.996,0.999,0.997,0.992,0.999"
94,9869.902794104699,-0.0020821849544991316,"0.04,0.11,0.09,0.17,0.10,0.49","1.000,1.001,1.004,1.003,0.996,0.999"
95,9802.716357483456,-0.0068304781708033785,"0.33,0.34,0.04,0.12,0.07,0.09","1.000,0.994,0.983,0.998,0.987,0.989"
96,9790.641191442437,-0.0012325776773715043,"0.06,0.07,0.08,0.24,0.40,0.15","1.000,0.995,1.001,1.001,1.001,1.002"
97,9664.389270806701,-0.0129790280402246,"0.14,0.44,0.08,0.14,0.09,0.10","1.000,0.993,0.991,0.973,0.974,0.990"
98,9615.393819268773,-0.005082583842623029,"0.10,0.11,0.24,0.21,0.22,0.12","1.000,0.997,0.997,0.992,0.996,1.004"
99,9764.195739086013,0.015356862303747795,"0.22,0.08,0.20,0.25,0.24,0.01","1.000,1.011,1.021,1.015,1.029,1.025"
100,9747.637603204166,-0.001697240804202188,"0.03,0.35,0.35,0.07,0.12,0.08","1.000,0.998,1.001,0.981,1.018,1.000"
101,9686.835179369764,-0.0062571928649566766,"0.16,0.32,0.11,0.19,0.12,0.10","1.000,0.989,1.003,0.993,0.998,0.996"
102,9658.713826963784,-0.0029072705255453464,"0.44,0.09,0.06,0.19,0.12,0.10","1.000,0.998,0.988,0.994,1.008,0.989"
103,9637.069291101512,-0.0022434481988131967,"0.12,0.22,0.04,0.18,0.39,0.05","1.000,1.005,1.013,1.000,0.992,1.006"
104,9583.71280926608,-0.005551971674564599,"0.18,0.46,0.06,0.11,0.13,0.06","1.000,0.998,0.975,1.008,0.984,0.996"
105,9633.994776876898,0.005232890772767558,"0.10,0.04,0.07,0.03,0.62,0.14","1.000,1.005,1.019,0.999,1.008,1.011"
106,9534.530296130966,-0.010377989238218258,"0.20,0.12,0.11,0.10,0.13,0.34","1.000,0.990,1.004,0.988,0.983,0.988"
107,9574.717892902581,0.00420609493595999,"0.15,0.02,0.13,0.57,0.08,0.05","1.000,1.008,1.032,0.999,1.028,1.006"
108,9624.524531606281,0.005188407889595082,"0.04,0.25,0.21,0.05,0.35,0.12","1.000,0.995,1.015,0.993,1.017,1.005"
109,9583.872701689374,-0.004232720733133364,"0.11,0.23,0.11,0.11,0.13,0.31","1.000,1.009,0.998,1.001,0.984,0.992"
110,9584.980043259548,0.00011553550816410881,"0.10,0.32,0.07,0.22,0.12,0.16","1.000,0.995,1.006,1.001,1.021,0.997"
111,9501.714691822168,-0.008725018219606228,"0.10,0.37,0.22,0.11,0.14,0.06","1.000,0.994,0.986,0.977,1.001,1.002"
112,9333.815330836256,-0.017828413432192457,"0.24,0.29,0.10,0.12,0.12,0.13","1.000,0.982,0.982,0.973,0.974,0.970"
113,9271.933820117121,-0.00665189435728774,"0.15,0.20,0.12,0.20,0.17,0.15","1.000,1.007,0.997,1.015,0.935,1.006"
114,9294.035098977283,0.0023808387697261814,"0.08,0.07,0.26,0.12,0.33,0.15","1.000,1.009,0.999,1.002,1.004,1.010"
115,9269.276379542322,-0.00266749110410791,"0.16,0.26,0.08,0.16,0.21,0.14","1.000,0.999,0.998,0.995,0.996,1.006"
116,9151.235789981538,-0.012816386889432941,"0.07,0.19,0.10,0.41,0.09,0.15","1.000,0.997,0.997,0.978,0.988,0.998"
117,9129.950248103622,-0.0023286838668401945,"0.18,0.14,0.24,0.13,0.19,0.12","1.000,0.998,1.001,0.992,1.005,0.995"
118,8909.193967173633,-0.024476471766043287,"0.13,0.13,0.08,0.28,0.23,0.15","1.000,0.975,0.993,0.979,0.952,0.985"
119,8942.75083562951,0.003759468041137722,"0.13,0.19,0.16,0.10,0.27,0.14","1.000,0.980,1.006,1.014,1.021,1.005"
120,9138.965922069756,0.021703999845972207,"0.03,0.11,0.05,0.25,0.27,0.28","1.000,1.027,1.001,1.016,1.038,1.020"
121,9230.037843482703,0.009915907122268126,"0.19,0.08,0.21,0.13,0.21,0.17","1.000,1.019,1.011,1.019,1.010,1.016"
122,9215.725894206018,-0.0015517874295903375,"0.21,0.14,0.03,0.20,0.15,0.28","1.000,1.000,1.006,0.996,0.987,1.008"
123,9203.038205545705,-0.0013776918579777012,"0.22,0.24,0.18,0.15,0.10,0.10","1.000,1.010,1.003,0.991,0.987,0.999"
124,9264.13202486397,0.0066165028466021545,"0.07,0.19,0.09,0.15,0.11,0.39","1.000,1.013,1.005,1.010,1.002,1.008"
125,9295.487248471321,0.0033788681736187168,"0.27,0.06,0.03,0.06,0.22,0.36","1.000,1.009,0.995,1.022,1.005,1.004"
126,9291.707102838818,-0.0004067473135722093,"0.23,0.16,0.28,0.25,0.04,0.05","1.000,1.019,1.000,0.992,1.000,1.026"
127,9247.102188650286,-0.00481206743753145,"0.12,0.11,0.29,0.21,0.15,0.12","1.000,0.990,0.989,0.998,1.012,0.991"
128,9203.07831957165,-0.0047721974978479215,"0.18,0.06,0.15,0.06,0.07,0.49","1.000,0.958,0.994,1.020,0.998,0.999"
129,9214.091687318469,0.0011959892921097038,"0.10,0.19,0.25,0.06,0.14,0.26","1.000,1.000,0.999,0.997,1.029,0.997"
130,9234.809046307255,0.0022459189299538313,"0.12,0.06,0.32,0.17,0.25,0.09","1.000,0.995,1.004,0.990,1.002,1.043"
131,9113.856485101009,-0.013183990189123973,"0.16,0.06,0.10,0.18,0.36,0.14","1.000,0.986,0.987,0.980,0.987,0.987"
132,9159.897070468005,0.005038995699140226,"0.15,0.08,0.23,0.14,0.27,0.13","1.000,1.005,1.008,0.990,1.012,1.012"
133,9184.811969297987,0.0027163051858858783,"0.31,0.12,0.17,0.06,0.10,0.24","1.000,0.997,0.996,0.996,1.010,1.017"
134,9175.214680792777,-0.0010454548418966192,"0.25,0.22,0.18,0.18,0.08,0.09","1.000,0.995,1.013,0.996,0.986,1.005"
135,8968.883811326448,-0.022744559540048642,"0.02,0.10,0.07,0.07,0.66,0.08","1.000,0.991,1.009,0.980,0.974,0.986"
136,8861.125491611238,-0.01208744537319984,"0.21,0.29,0.27,0.03,0.05,0.14","1.000,0.976,0.993,0.996,0.979,1.006"
137,8801.885323587812,-0.006707847350610886,"0.07,0.15,0.04,0.40,0.25,0.09","1.000,0.968,1.008,1.011,0.986,0.993"
138,8852.128718391052,0.005692023393344833,"0.08,0.16,0.25,0.28,0.14,0.09","1.000,1.007,1.016,1.012,0.991,0.996"
139,8697.102171188148,-0.017668076843568546,"0.10,0.04,0.03,0.16,0.37,0.30","1.000,0.998,0.986,0.989,0.980,0.981"
140,8719.154898899737,0.0025324315561686523,"0.43,0.13,0.08,0.03,0.22,0.11","1.000,1.003,1.006,0.998,1.010,1.009"
141,8779.128739294554,0.006854852336064911,"0.23,0.06,0.06,0.12,0.16,0.37","1.000,1.036,1.011,1.021,1.012,1.002"
142,8692.003327879724,-0.00997372503549163,"0.22,0.08,0.13,0.09,0.23,0.26","1.000,0.948,1.003,0.961,1.007,0.986"
143,8632.551823056034,-0.006863291747043914,"0.15,0.21,0.14,0.11,0.18,0.21","1.000,1.015,0.999,0.949,0.977,1.002"
144,8690.36779210169,0.006675108469679581,"0.31,0.12,0.16,0.22,0.17,0.02","1.000,0.999,1.006,1.024,1.009,1.005"
145,8750.649080192597,0.006912616228000578,"0.17,0.10,0.29,0.14,0.17,0.13","1.000,1.007,1.021,0.995,1.006,1.004"
146,8743.286328813254,-0.0008417490566801927,"0.74,0.08,0.05,0.03,0.08,0.02","1.000,1.010,1.008,1.006,0.989,1.003"
147,8699.389610752087,-0.005033265639474184,"0.25,0.15,0.09,0.17,0.17,0.17","1.000,0.994,0.996,0.983,1.001,1.001"
148,8619.763720178214,-0.009195189867820558,"0.20,0.20,0.08,0.28,0.23,0.03","1.000,0.987,0.989,0.990,0.991,0.999"
149,8438.631236932644,-0.021237553910662774,"0.29,0.25,0.09,0.14,0.15,0.08","1.000,0.979,0.967,0.962,0.958,0.994"
150,8132.378480744109,-0.03696668290645423,"0.15,0.10,0.19,0.16,0.23,0.16","1.000,0.939,0.954,0.970,0.960,0.963"
151,7811.6736917150765,-0.04023419482234926,"0.12,0.10,0.21,0.05,0.05,0.48","1.000,0.975,0.942,0.965,0.949,0.960"
152,7864.701917971681,0.0067653939708653636,"0.40,0.07,0.18,0.14,0.13,0.08","1.000,1.006,1.004,1.042,1.023,0.980"
153,8086.922318309857,0.02786359233965654,"0.07,0.14,0.32,0.30,0.08,0.08","1.000,1.057,1.037,1.001,1.053,1.056"
154,8287.271292389176,0.024472530117263618,"0.06,0.21,0.25,0.10,0.29,0.09","1.000,1.029,1.020,1.032,1.033,1.024"
155,8293.41453130364,0.0007410114709234657,"0.24,0.04,0.32,0.07,0.26,0.08","1.000,1.003,1.006,0.989,1.000,1.001"
156,8200.151211461553,-0.01130917538466103,"0.09,0.30,0.26,0.07,0.19,0.10","1.000,0.995,0.990,0.944,0.997,0.984"
157,7884.025758882927,-0.039313938001911644,"0.07,0.62,0.12,0.06,0.06,0.07","1.000,0.955,0.967,0.980,0.965,0.967"
158,7959.022834294563,0.00946757628957913,"0.30,0.10,0.02,0.05,0.12,0.40","1.000,1.043,1.017,1.011,1.024,1.010"
159,7984.1536295932165,0.0031525481975606673,"0.21,0.06,0.10,0.17,0.21,0.26","1.000,0.982,1.014,1.014,0.994,1.011"
160,7834.663948006562,-0.018900797248129483,"0.18,0.14,0.12,0.14,0.15,0.27","1.000,0.990,0.982,0.961,0.970,0.982"
161,7903.614560125746,0.008762210330806167,"0.21,0.18,0.19,0.16,0.09,0.17","1.000,1.028,1.038,0.953,1.014,1.020"
162,8039.545869842692,0.01705240365496061,"0.13,0.21,0.03,0.47,0.07,0.10","1.000,0.981,0.984,1.051,1.006,0.987"
163,8136.144116963702,0.01194377433529978,"0.10,0.50,0.09,0.20,0.08,0.03","1.000,1.022,1.002,0.997,1.035,1.009"
164,8182.146683676771,0.005638174872566077,"0.19,0.20,0.12,0.04,0.14,0.32","1.000,1.015,1.006,1.013,1.009,1.008"
165,8093.536407515417,-0.010888778206507549,"0.11,0.11,0.03,0.16,0.38,0.22","1.000,1.010,0.991,0.969,0.992,0.989"
166,8152.888605395076,0.007306525820533507,"0.08,0.13,0.17,0.08,0.08,0.45","1.000,1.008,1.014,1.036,0.995,1.007"
167,8203.098478395554,0.006139651549767421,"0.08,0.26,0.07,0.05,0.41,0.13","1.000,1.001,1.013,1.037,1.012,1.007"
168,8213.046936814466,0.0012120335663659576,"0.08,0.07,0.27,0.02,0.49,0.06","1.000,0.979,0.997,0.982,1.011,1.000"
169,8111.223573769513,-0.012475250707911157,"0.06,0.11,0.22,0.21,0.26,0.15","1.000,0.996,1.012,0.996,0.962,0.984"
170,8154.9057773895465,0.005370953062751352,"0.06,0.20,0.35,0.24,0.06,0.09","1.000,1.016,1.025,0.972,1.002,1.014"
171,8030.24267184605,-0.015404933882714385,"0.12,0.31,0.05,0.06,0.38,0.10","1.000,0.984,1.016,0.969,0.983,0.993"
172,8042.593892141317,0.001536906404455911,"0.25,0.28,0.06,0.05,0.23,0.13","1.000,1.008,1.010,0.969,0.998,1.010"
173,8017.981228908327,-0.0030649814611645536,"0.16,0.25,0.14,0.14,0.16,0.14","1.000,1.006,0.981,0.999,1.002,0.990"
174,8025.94906891915,0.0009932529645755518,"0.12,0.23,0.10,0.13,0.31,0.11","1.000,0.997,0.991,0.989,1.013,1.006"
175,7792.031729650103,-0.029578287650913637,"0.09,0.33,0.18,0.23,0.07,0.10","1.000,0.980,0.969,0.969,0.949,0.951"
176,7759.803422627266,-0.0041446366736933304,"0.06,0.03,0.23,0.47,0.19,0.03","1.000,0.970,0.991,1.007,0.982,1.020"
177,7917.615386540585,0.020133071193766616,"0.16,0.07,0.11,0.17,0.31,0.17","1.000,1.011,1.030,1.020,1.038,1.016"
178,7935.461777442485,0.002251474367545673,"0.20,0.25,0.19,0.04,0.12,0.20","1.000,0.993,1.019,0.998,1.009,1.005"
179,8058.1389468237085,0.015341082659334315,"0.03,0.11,0.46,0.07,0.19,0.13","1.000,1.007,1.003,1.074,1.042,1.010"
180,8158.906946501867,0.01242757740973672,"0.23,0.18,0.15,0.13,0.22,0.10","1.000,1.004,1.022,1.012,1.028,1.022"
181,8111.234009038583,-0.005860191872323324,"0.16,0.10,0.48,0.06,0.14,0.06","1.000,1.005,0.992,1.000,0.994,0.998"
182,8084.075257676019,-0.003353906538449413,"0.51,0.13,0.14,0.11,0.06,0.06","1.000,0.995,0.947,1.037,1.016,1.016"
183,8147.987736794137,0.007874884348039346,"0.09,0.16,0.40,0.12,0.08,0.14","1.000,0.988,1.020,1.021,0.987,1.009"
184,8212.990336018926,0.007946094782284393,"0.11,0.10,0.07,0.24,0.35,0.12","1.000,1.024,1.019,1.015,1.007,1.001"
185,8258.88613721417,0.005572640135040419,"0.21,0.15,0.15,0.20,0.18,0.11","1.000,0.995,1.001,1.023,1.004,1.014"
186,8230.364636524766,-0.003459408741493184,"0.15,0.18,0.17,0.06,0.15,0.29","1.000,1.002,0.997,0.991,0.989,1.000"
187,8152.445168000885,-0.009512416612890859,"0.22,0.02,0.10,0.11,0.07,0.49","1.000,0.986,1.002,0.984,0.985,0.989"
188,8301.24246917076,0.018087295810983645,"0.29,0.14,0.10,0.11,0.13,0.23","1.000,1.015,1.035,1.047,1.038,1.015"
189,8326.544336950048,0.0030433259221777876,"0.22,0.24,0.10,0.09,0.15,0.20","1.000,0.993,1.022,1.003,1.007,1.009"
190,8360.620517874155,0.0040841243658400386,"0.11,0.48,0.14,0.05,0.16,0.06","1.000,1.006,0.997,1.009,1.009,1.013"
191,8435.550251641163,0.00892229924008646,"0.02,0.69,0.03,0.02,0.20,0.04","1.000,1.018,0.982,0.988,0.993,0.991"
192,8503.297749747944,0.007999110605455089,"0.10,0.04,0.10,0.12,0.53,0.12","1.000,1.000,0.992,0.968,1.032,0.989"
193,8630.755008965036,0.014877929009340872,"0.14,0.29,0.08,0.07,0.29,0.13","1.000,1.015,1.027,1.022,1.023,1.013"
194,8764.199552361171,0.01534320320377053,"0.08,0.19,0.37,0.20,0.06,0.10","1.000,1.031,0.993,1.065,1.002,1.009"
195,8729.28899961598,-0.003991267834983091,"0.12,0.21,0.07,0.14,0.42,0.03","1.000,0.968,1.011,1.010,1.005,1.014"
196,8662.883671575055,-0.007636268565748275,"0.07,0.22,0.05,0.05,0.59,0.02","1.000,0.994,0.991,1.040,0.988,0.992"
197,8848.523088817848,0.0212029078478166,"0.07,0.32,0.17,0.14,0.14,0.17","1.000,1.041,1.005,1.037,1.013,1.017"
198,8832.349620320332,-0.001829488088587793,"0.46,0.20,0.13,0.07,0.07,0.08","1.000,1.011,0.996,0.998,0.970,0.995"
199,8884.436004922221,0.00587990798897346,"0.10,0.08,0.24,0.29,0.19,0.09","1.000,0.991,1.006,1.020,1.011,0.988"
200,8945.60309625195,0.006861155035964085,"0.23,0.39,0.12,0.14,0.09,0.03","1.000,1.014,1.014,1.006,1.017,0.970"
201,8985.062880713958,0.004401381210763473,"0.07,0.31,0.12,0.05,0.41,0.05","1.000,1.011,1.005,0.989,1.001,1.036"
202,8969.562461266707,-0.001726621748197603,"0.04,0.43,0.08,0.13,0.18,0.14","1.000,0.995,1.007,1.023,0.984,1.006"
203,8934.9101018899,-0.003870809656235791,"0.11,0.14,0.14,0.44,0.12,0.05","1.000,0.991,0.995,1.000,0.996,1.012"
204,8879.044409166205,-0.006272147583457481,"0.20,0.30,0.08,0.08,0.23,0.11","1.000,1.001,1.002,0.979,0.989,0.994"
205,8784.528136192583,-0.010701931879165483,"0.13,0.14,0.06,0.19,0.39,0.09","1.000,0.996,0.990,0.973,0.994,0.991"
206,8777.317329002068,-0.0008211901886992436,"0.19,0.12,0.27,0.18,0.16,0.08","1.000,0.968,1.005,1.001,1.008,1.018"
207,8712.42088086955,-0.007421122625241551,"0.09,0.09,0.06,0.36,0.22,0.17","1.000,0.994,1.010,0.981,1.007,0.996"
208,8640.18567304927,-0.008325622418731799,"0.24,0.32,0.06,0.13,0.21,0.04","1.000,0.997,0.996,0.986,0.985,0.989"
209,8497.546300335944,-0.016646621247121525,"0.20,0.11,0.10,0.16,0.17,0.26","1.000,0.971,0.980,0.963,0.980,0.997"
210,8582.956778406746,0.010001015728218585,"0.24,0.13,0.08,0.12,0.13,0.29","1.000,1.016,1.008,1.032,1.005,1.010"
211,8558.759625736311,-0.0028231908837725336,"0.14,0.23,0.31,0.07,0.10,0.17","1.000,0.996,1.006,0.998,0.979,0.999"
212,8553.488252103367,-0.0006160936701377652,"0.03,0.09,0.03,0.51,0.30,0.04","1.000,1.032,1.011,0.994,1.004,1.021"
213,8568.139809034159,0.0017114681448313247,"0.08,0.26,0.18,0.22,0.20,0.06","1.000,1.013,1.005,1.002,0.995,0.996"
214,8647.06542299631,0.00916935533254883,"0.12,0.22,0.12,0.34,0.07,0.12","1.000,1.004,1.001,1.027,1.001,1.000"
215,8639.735457184659,-0.0008480419600770451,"0.18,0.02,0.09,0.14,0.22,0.35","1.000,0.987,1.002,1.017,0.996,0.999"
216,8648.229182873538,0.0009826172772953528,"0.18,0.23,0.14,0.08,0.19,0.18","1.000,1.010,1.000,0.994,1.006,0.996"
217,8627.968940729434,-0.0023454525454075837,"0.59,0.05,0.18,0.05,0.03,0.10","1.000,0.993,0.998,1.011,0.983,0.997"
218,8627.461523575637,-5.881245964764303e-05,"0.24,0.03,0.39,0.03,0.28,0.03","1.000,0.998,1.004,0.996,0.999,1.004"
219,8592.492845296056,-0.004061419165025219,"0.16,0.21,0.22,0.09,0.09,0.23","1.000,1.004,0.992,1.033,0.978,0.990"
220,8636.00152383295,0.005050792030768449,"0.21,0.12,0.21,0.09,0.04,0.33","1.000,0.992,1.012,0.999,1.011,1.011"
221,8557.312458746697,-0.009153513347185071,"0.10,0.14,0.42,0.10,0.13,0.12","1.000,0.991,0.994,1.012,0.969,0.989"
222,8429.129207850398,-0.015092705893224024,"0.14,0.22,0.20,0.19,0.18,0.08","1.000,0.991,0.977,0.972,0.994,0.991"
223,8612.340928498403,0.021502696465292313,"0.10,0.28,0.13,0.12,0.18,0.20","1.000,1.033,1.030,1.027,1.006,1.027"
224,8466.162329358584,-0.017118850145092904,"0.23,0.10,0.40,0.07,0.06,0.13","1.000,0.994,0.968,0.999,0.996,0.989"
225,8444.383464196882,-0.002575774604649177,"0.06,0.28,0.20,0.18,0.21,0.07","1.000,1.000,1.024,0.996,0.980,0.994"
226,8309.563504670648,-0.01609446060490125,"0.09,0.13,0.06,0.30,0.21,0.21","1.000,0.978,0.976,0.989,0.982,0.985"
227,8304.06349851049,-0.0006621078419580444,"0.36,0.18,0.23,0.11,0.02,0.10","1.000,1.005,0.993,1.011,1.011,1.003"
228,8265.14843663946,-0.004697282354361468,"0.24,0.24,0.33,0.09,0.07,0.03","1.000,0.974,1.028,0.946,0.988,0.974"
229,8304.88455226981,0.004796151199935335,"0.06,0.27,0.07,0.19,0.22,0.19","1.000,0.994,1.020,1.010,1.013,1.010"
230,8372.056274848423,0.008055684376208292,"0.18,0.05,0.21,0.38,0.15,0.04","1.000,0.982,1.008,1.024,0.994,1.023"
231,8475.174185136057,0.012241679519866731,"0.22,0.15,0.22,0.08,0.12,0.21","1.000,1.008,1.016,1.026,1.030,1.016"
232,8364.548710920975,-0.013138822570966933,"0.10,0.14,0.12,0.26,0.13,0.25","1.000,0.979,0.986,0.987,0.996,0.985"
233,8158.344455387163,-0.024961120279979855,"0.14,0.18,0.08,0.07,0.22,0.32","1.000,0.973,0.969,0.989,0.973,0.970"
234,8174.850606512805,0.0020211791608784903,"0.16,0.06,0.07,0.06,0.37,0.28","1.000,1.012,1.003,1.003,0.996,1.011"
235,8257.33584409418,0.010039556288374031,"0.14,0.12,0.22,0.31,0.15,0.05","1.000,0.999,1.024,1.024,0.998,1.003"
236,8306.842477842363,0.0059775716244440565,"0.18,0.31,0.14,0.24,0.06,0.08","1.000,1.013,1.009,1.000,1.013,1.015"
237,8262.050334474949,-0.005406788853486067,"0.14,0.14,0.08,0.17,0.18,0.29","1.000,0.995,0.996,0.987,1.003,0.996"
238,8249.720740275354,-0.001493431132901834,"0.02,0.12,0.09,0.04,0.13,0.60","1.000,0.989,0.999,0.981,0.999,1.003"
239,8314.03463260722,0.007765656288691336,"0.07,0.19,0.09,0.09,0.38,0.18","1.000,1.018,1.012,1.014,1.006,1.009"
240,8227.20566012632,-0.010498580332341724,"0.21,0.36,0.04,0.12,0.13,0.14","1.000,0.987,0.999,0.981,0.996,0.989"
241,8117.994108201007,-0.013363333419760405,"0.14,0.44,0.18,0.12,0.08,0.05","1.000,0.981,0.986,0.995,0.996,0.990"
242,7976.961735671686,-0.017525488561116045,"0.31,0.13,0.09,0.23,0.17,0.07","1.000,1.001,0.979,0.944,1.005,0.976"
243,8028.514379119956,0.006441897929964976,"0.17,0.11,0.05,0.29,0.01,0.37","1.000,0.975,1.004,1.025,1.030,1.008"
244,7806.2408956951795,-0.02807597340849513,"0.25,0.28,0.08,0.10,0.23,0.06","1.000,0.980,0.986,0.983,0.928,0.987"
245,7594.296765191968,-0.027525988657635708,"0.10,0.20,0.29,0.08,0.10,0.23","1.000,0.958,0.979,0.940,0.985,0.980"
246,7487.298365062189,-0.014189506411372585,"0.07,0.13,0.10,0.22,0.35,0.14","1.000,1.005,0.986,0.974,0.988,0.988"
247,7577.0554492822685,0.011916627489531218,"0.11,0.13,0.20,0.02,0.23,0.30","1.000,1.016,1.017,0.988,1.016,1.014"
248,7666.994445101653,0.011800019028488094,"0.07,0.12,0.16,0.29,0.15,0.20","1.000,1.015,1.005,1.039,0.978,1.011"
249,7472.111205356588,-0.025747096296377135,"0.13,0.70,0.03,0.09,0.02,0.03","1.000,0.974,0.983,0.967,0.984,0.978"
250,7516.259329454604,0.005891000849142357,"0.18,0.09,0.17,0.13,0.21,0.22","1.000,1.022,1.017,1.028,0.992,1.010"
251,7338.529768242901,-0.023930066100015482,"0.09,0.20,0.14,0.05,0.05,0.47","1.000,0.976,0.993,0.963,0.961,0.973"
252,7368.286679235226,0.004046688378286603,"0.07,0.15,0.29,0.14,0.18,0.17","1.000,0.995,1.000,1.008,1.036,0.994"
253,7248.1702118867815,-0.016436154442175607,"0.40,0.01,0.14,0.28,0.13,0.05","1.000,1.001,0.986,0.980,0.947,0.990"
254,7263.964801030944,0.0021767431693008165,"0.13,0.23,0.23,0.06,0.20,0.17","1.000,0.995,1.001,1.029,1.006,1.012"
255,7432.813630377686,0.022978676543756293,"0.09,0.32,0.18,0.20,0.15,0.05","1.000,1.053,1.019,0.995,1.027,1.016"
256,7274.834343334219,-0.021483430035363533,"0.04,0.10,0.12,0.22,0.35,0.17","1.000,0.980,0.968,0.991,0.972,0.987"
257,7289.31004258436,0.001987855054629409,"0.08,0.06,0.17,0.10,0.53,0.06","1.000,1.006,1.001,1.001,1.005,1.002"
258,7181.875481259511,-0.014848339137174362,"0.03,0.04,0.22,0.16,0.41,0.15","1.000,0.934,0.977,0.997,0.991,0.987"
259,7054.458841385822,-0.017900681363222634,"0.22,0.03,0.22,0.19,0.10,0.23","1.000,1.007,0.996,0.962,0.964,0.978"
260,7415.710650502193,0.04994093390297634,"0.37,0.11,0.08,0.09,0.18,0.17","1.000,1.035,1.055,1.002,1.177,1.074"
261,7390.608820503845,-0.003390694641804298,"0.13,0.07,0.13,0.42,0.08,0.16","1.000,0.991,1.005,1.000,0.976,0.999"
262,7226.933698106915,-0.022395277872273227,"0.06,0.54,0.07,0.05,0.09,0.18","1.000,0.980,0.981,0.971,0.961,0.987"
263,7238.120537007161,0.0015467402954326519,"0.07,0.22,0.03,0.21,0.07,0.41","1.000,1.020,1.000,0.975,0.984,1.013"
264,7240.712211950418,0.00035799501463579567,"0.08,0.12,0.16,0.23,0.33,0.08","1.000,1.003,0.981,1.022,1.002,0.991"
265,6994.077580980528,-0.03465584229104872,"0.12,0.08,0.23,0.14,0.37,0.06","1.000,0.973,0.917,0.966,0.984,0.971"
266,6791.979766589765,-0.029321261086351934,"0.21,0.06,0.11,0.34,0.05,0.23","1.000,1.011,0.946,0.975,0.976,0.947"
267,6754.301002005737,-0.005562982548097763,"0.02,0.07,0.03,0.15,0.34,0.39","1.000,1.000,0.985,1.005,0.979,1.008"
268,6747.740928041134,-0.0009717159100491842,"0.02,0.55,0.01,0.13,0.12,0.16","1.000,0.992,1.023,1.006,1.002,1.027"
269,6585.577473034527,-0.024325744968356097,"0.09,0.05,0.02,0.08,0.65,0.11","1.000,0.994,0.992,0.980,0.975,0.976"
270,6629.345720841893,0.006624088117002519,"0.14,0.20,0.08,0.41,0.08,0.09","1.000,1.003,1.023,1.005,1.028,1.028"
271,6892.088039040127,0.038867977986924145,"0.04,0.07,0.04,0.26,0.36,0.23","1.000,1.028,1.029,1.089,1.036,1.010"
272,6971.979700587549,0.011525123415407998,"0.18,0.55,0.08,0.06,0.08,0.05","1.000,1.015,1.038,1.001,1.028,1.013"
273,6898.711918105977,-0.010564500449980767,"0.11,0.09,0.16,0.11,0.15,0.39","1.000,0.981,0.984,1.002,1.002,0.989"
274,6908.428721740744,0.0014075043475493484,"0.21,0.07,0.13,0.25,0.14,0.19","1.000,0.998,1.004,1.011,0.989,1.004"
275,7004.123693996801,0.013756854758139361,"0.03,0.36,0.06,0.13,0.29,0.14","1.000,1.009,1.036,1.023,1.015,1.021"
276,6822.48179834824,-0.026275769036062928,"0.08,0.04,0.10,0.22,0.41,0.14","1.000,0.977,0.991,0.973,0.964,0.988"
277,6826.722732039483,0.0006214184597022289,"0.07,0.12,0.06,0.39,0.14,0.21","1.000,1.015,1.004,1.004,0.996,0.996"
278,6827.114322939468,5.7359832040679604e-05,"0.06,0.13,0.07,0.41,0.25,0.08","1.000,1.007,1.039,0.992,0.996,1.020"
279,6834.153757169379,0.0010305682915617053,"0.10,0.33,0.09,0.18,0.20,0.10","1.000,1.002,0.999,1.004,1.009,0.993"
280,6827.607741007625,-0.0009582976051191567,"0.14,0.16,0.19,0.10,0.33,0.07","1.000,1.000,1.001,1.000,1.000,1.000"
281,6771.115157604763,-0.008308560856419449,"0.22,0.04,0.09,0.15,0.49,0.01","1.000,0.997,0.982,1.028,0.981,0.995"
282,6850.637879252336,0.011675975164739248,"0.61,0.16,0.08,0.07,0.06,0.03","1.000,1.040,1.038,1.030,1.023,1.031"
283,6863.633753823913,0.0018952342215881547,"0.10,0.37,0.18,0.24,0.07,0.04","1.000,1.002,1.000,1.006,1.018,0.995"
284,6849.9548888543995,-0.0019949365352123958,"0.15,0.08,0.14,0.13,0.43,0.07","1.000,1.007,0.987,0.997,1.005,0.995"
285,6957.687039401692,0.015605030506368318,"0.13,0.03,0.12,0.40,0.30,0.01","1.000,1.015,0.988,1.017,1.037,1.000"
286,6885.793489799203,-0.010386722587096251,"0.16,0.09,0.16,0.12,0.15,0.31","1.000,0.989,0.988,1.009,1.013,0.973"
287,6776.63058604726,-0.015980359887951486,"0.16,0.18,0.27,0.06,0.21,0.12","1.000,0.992,0.991,0.975,0.967,0.982"
288,6906.6984985505305,0.01901172286097698,"0.09,0.10,0.05,0.07,0.51,0.18","1.000,1.001,1.011,1.019,1.037,1.001"
289,6891.148062694373,-0.0022540390445780255,"0.38,0.05,0.13,0.20,0.13,0.11","1.000,1.000,0.995,0.994,1.016,0.993"
290,7024.722803310105,0.01919805730628683,"0.05,0.07,0.32,0.02,0.24,0.30","1.000,1.011,1.014,1.028,1.040,1.020"
291,7008.183127530894,-0.002357271333478081,"0.32,0.13,0.06,0.15,0.20,0.15","1.000,1.003,1.012,0.991,0.999,0.998"
292,7031.21958279733,0.003281688888902612,"0.21,0.25,0.15,0.06,0.21,0.13","1.000,1.020,0.998,0.985,0.998,1.006"
293,7108.403843695456,0.010917550661694342,"0.21,0.10,0.30,0.08,0.09,0.22","1.000,1.013,1.015,1.018,1.040,1.006"
294,7152.633708779266,0.00620291570473235,"0.02,0.33,0.01,0.16,0.14,0.33","1.000,0.998,1.020,1.010,1.023,1.011"
295,7224.6781166533465,0.010022041918193874,"0.04,0.09,0.10,0.13,0.48,0.16","1.000,1.001,1.038,1.027,1.007,1.009"
296,7263.441896697193,0.005351125267691286,"0.11,0.28,0.08,0.29,0.13,0.11","1.000,1.000,0.990,1.024,1.008,1.000"
297,7248.812328250118,-0.0020161682914308955,"0.46,0.08,0.03,0.21,0.14,0.07","1.000,1.008,1.001,1.001,0.992,0.989"
298,7182.7748764049775,-0.009151857218490364,"0.21,0.05,0.31,0.04,0.26,0.13","1.000,0.994,0.996,0.979,0.974,1.013"
299,7164.410235706007,-0.0025600353777113175,"0.06,0.07,0.27,0.26,0.06,0.28","1.000,0.996,1.004,0.991,0.996,1.003"
300,7156.842372880969,-0.0010568717327041368,"0.15,0.14,0.10,0.09,0.30,0.22","1.000,0.995,0.999,1.008,1.003,0.999"
301,7286.9351972147215,0.018014171392849374,"0.09,0.46,0.03,0.15,0.14,0.13","1.000,1.024,1.009,1.021,1.024,1.018"
302,7314.766337212899,0.003812045279153161,"0.49,0.14,0.06,0.16,0.07,0.08","1.000,1.017,1.006,1.010,0.986,1.019"
303,7299.135599881216,-0.002139160829119939,"0.20,0.12,0.16,0.20,0.28,0.03","1.000,0.995,1.000,1.002,0.997,0.996"
304,7269.630679090773,-0.004050440588278465,"0.07,0.14,0.17,0.42,0.18,0.03","1.000,1.009,1.014,0.996,0.969,1.015"
305,7298.039092209733,0.0039002049849271663,"0.20,0.36,0.18,0.08,0.10,0.08","1.000,1.010,0.993,1.004,1.028,1.003"
306,7233.370463549819,-0.008900589489903618,"0.27,0.24,0.12,0.14,0.07,0.17","1.000,0.988,0.997,0.978,1.003,0.989"
307,7288.638865025907,0.007611710896340797,"0.13,0.02,0.29,0.13,0.35,0.07","1.000,1.010,1.013,1.018,1.006,1.016"
308,7162.0468210619,-0.017521006987892485,"0.04,0.11,0.13,0.40,0.24,0.08","1.000,0.978,0.983,0.986,0.979,0.992"
309,7192.667565352514,0.004266304422538143,"0.07,0.05,0.07,0.57,0.18,0.06","1.000,1.001,1.003,0.998,1.030,1.006"
310,7244.12589266198,0.007128805352016037,"0.13,0.32,0.10,0.11,0.27,0.07","1.000,1.003,0.988,1.003,1.035,0.997"
311,7312.08759773968,0.009337895319526017,"0.19,0.33,0.04,0.26,0.13,0.06","1.000,1.013,1.005,1.002,1.037,1.009"
312,7389.540261898303,0.01053670810842428,"0.15,0.24,0.09,0.18,0.22,0.12","1.000,1.014,1.012,1.023,1.005,1.015"
313,7378.3141421881455,-0.0015203456867012538,"0.06,0.07,0.17,0.32,0.10,0.28","1.000,1.001,0.999,1.000,0.983,1.008"
314,7319.459528832061,-0.008008686110748701,"0.14,0.15,0.17,0.06,0.10,0.38","1.000,0.980,1.008,0.992,0.966,0.997"
315,7312.446888235149,-0.0009585410040166007,"0.21,0.25,0.39,0.06,0.04,0.05","1.000,0.978,1.015,1.001,0.993,1.017"
316,7287.449869844895,-0.003424276654830715,"0.14,0.32,0.14,0.12,0.08,0.20","1.000,0.995,1.000,1.006,1.010,0.991"
317,7397.596549700088,0.015001484143733394,"0.10,0.20,0.09,0.14,0.27,0.20","1.000,1.002,0.998,1.022,1.044,1.005"
318,7152.94186708028,-0.033631434848272544,"0.06,0.17,0.06,0.03,0.54,0.13","1.000,0.989,1.000,0.995,0.946,0.996"
319,7089.5842678722465,-0.008897019607342868,"0.17,0.35,0.02,0.06,0.12,0.27","1.000,0.997,0.984,0.989,1.008,0.979"
320,6991.521959064237,-0.013928436100686068,"0.13,0.07,0.12,0.08,0.20,0.40","1.000,0.994,1.011,0.987,0.965,0.988"
321,6960.263822702745,-0.00448088712819937,"0.10,0.46,0.11,0.11,0.17,0.05","1.000,0.993,1.004,0.997,1.003,1.005"
322,6845.254123425536,-0.01666179572825254,"0.12,0.15,0.20,0.35,0.05,0.14","1.000,0.937,0.995,0.988,0.994,1.003"
323,6620.56692036788,-0.03337457966037664,"0.05,0.51,0.07,0.14,0.20,0.03","1.000,0.969,0.979,0.984,0.947,0.986"
324,6594.497082534375,-0.003945477925256269,"0.10,0.09,0.19,0.13,0.24,0.24","1.000,0.989,1.006,1.007,0.993,0.994"
325,6655.306562976651,0.009178989971681548,"0.25,0.10,0.14,0.11,0.34,0.06","1.000,0.999,1.007,0.996,1.026,1.016"
326,6637.535434529203,-0.0026737907571854616,"0.10,0.41,0.08,0.18,0.19,0.04","1.000,1.016,0.987,0.991,0.976,0.984"
327,6572.694308967608,-0.009816883968652317,"0.18,0.15,0.11,0.03,0.48,0.04","1.000,0.990,0.992,0.999,0.989,0.998"
328,6603.94087066295,0.004742731333110386,"0.18,0.10,0.36,0.10,0.20,0.07","1.000,0.990,1.006,1.040,1.005,1.004"
329,6623.82182900274,0.003005946471987696,"0.13,0.05,0.31,0.36,0.05,0.11","1.000,0.994,1.009,1.005,0.995,1.005"
330,6619.869024042709,-0.0005969340603413246,"0.08,0.43,0.03,0.26,0.16,0.04","1.000,1.001,1.003,1.003,1.003,1.006"
331,6722.941345180941,0.01545017408262916,"0.29,0.06,0.08,0.10,0.41,0.06","1.000,1.007,1.020,1.004,1.035,1.013"
332,6674.578956156856,-0.0072196343804944675,"0.20,0.13,0.33,0.14,0.12,0.08","1.000,0.990,0.996,1.001,0.992,0.976"
333,6748.879707612875,0.011070397299962864,"0.20,0.09,0.22,0.13,0.29,0.07","1.000,0.977,0.999,0.992,1.052,1.008"
334,6737.427683425034,-0.0016983191333794613,"0.15,0.05,0.15,0.16,0.39,0.10","1.000,1.002,1.000,0.975,1.011,0.986"
335,6819.581240121345,0.012119865494365344,"0.06,0.06,0.17,0.06,0.35,0.30","1.000,1.037,1.013,1.028,1.009,1.013"
336,6770.414074161667,-0.007235820078412695,"0.39,0.10,0.03,0.19,0.28,0.02","1.000,0.996,0.987,1.001,0.983,0.987"
337,6822.922878495476,0.007725706452923688,"0.06,0.07,0.11,0.21,0.16,0.39","1.000,1.011,1.008,0.996,1.033,1.008"
338,6740.70520632546,-0.012123405133488134,"0.17,0.16,0.18,0.08,0.25,0.15","1.000,0.996,0.992,0.991,0.974,0.993"
339,6786.1865285417025,0.006724603774093046,"0.06,0.05,0.15,0.48,0.25,0.02","1.000,1.011,1.010,1.006,1.013,1.010"
340,6792.659732263807,0.0009534247738181472,"0.06,0.13,0.05,0.62,0.08,0.06","1.000,1.013,0.997,1.003,0.994,0.994"
341,6939.9237457288145,0.021448208793801198,"0.07,0.44,0.14,0.13,0.10,0.13","1.000,1.015,1.031,1.027,1.060,1.028"
342,6923.944665783438,-0.0023051411837904006,"0.35,0.31,0.03,0.10,0.14,0.07","1.000,1.018,1.000,0.932,1.002,0.996"
343,7017.644281350593,0.013441943636089644,"0.10,0.06,0.04,0.39,0.18,0.23","1.000,1.008,0.998,1.037,1.005,0.999"
344,7058.890123109051,0.0058602435249417275,"0.51,0.10,0.08,0.19,0.06,0.05","1.000,0.999,1.008,1.033,0.999,1.008"
345,7028.2015450889785,-0.0043569854289987175,"0.11,0.11,0.06,0.17,0.17,0.37","1.000,0.995,0.993,1.013,0.994,0.991"
346,6898.25956276982,-0.018661704853141444,"0.20,0.08,0.15,0.27,0.20,0.10","1.000,0.986,1.006,0.935,1.000,1.004"
347,6889.316511894753,-0.0012972624166595363,"0.32,0.27,0.16,0.11,0.07,0.06","1.000,0.992,1.001,1.008,1.005,1.009"
348,6859.865365887297,-0.0042840645083936655,"0.29,0.11,0.06,0.23,0.08,0.23","1.000,1.002,0.985,0.991,0.998,1.000"
349,6933.2456811732545,0.010640240239525953,"0.07,0.23,0.19,0.08,0.21,0.22","1.000,1.007,1.004,1.019,1.030,1.008"
350,6919.8391726087075,-0.0019355274137730625,"0.12,0.07,0.29,0.07,0.41,0.03","1.000,1.004,0.994,0.997,1.003,1.001"
351,6931.320389113773,0.001657798985476522,"0.08,0.23,0.05,0.23,0.27,0.13","1.000,0.999,1.002,0.997,1.010,1.013"
352,6895.186112108026,-0.005226824182564181,"0.04,0.22,0.05,0.15,0.33,0.22","1.000,1.007,0.994,0.999,0.986,0.995"
353,6813.50883938467,-0.011916267669098687,"0.19,0.39,0.07,0.09,0.10,0.16","1.000,0.992,0.990,0.979,0.974,0.987"
354,6730.505641147825,-0.012256962292241257,"0.15,0.13,0.12,0.25,0.18,0.17","1.000,0.985,0.999,0.994,0.982,0.978"
355,6771.674641157098,0.006098145148266472,"0.19,0.21,0.12,0.20,0.03,0.25","1.000,1.001,1.000,1.031,1.005,1.002"
356,6795.226943905526,0.0034720273101344627,"0.09,0.15,0.15,0.13,0.42,0.06","1.000,0.997,1.000,1.008,1.012,0.995"
357,6771.209484893206,-0.0035407211363160506,"0.15,0.07,0.05,0.06,0.52,0.15","1.000,1.004,1.002,0.998,0.994,1.002"
358,6679.6493230913575,-0.013614234943308705,"0.17,0.21,0.13,0.10,0.17,0.21","1.000,0.977,0.983,0.984,1.003,0.983"
359,6718.470224839899,0.005794993879513461,"0.13,0.46,0.09,0.03,0.26,0.05","1.000,0.998,1.025,1.015,1.022,1.005"
360,6762.9728937631535,0.006602087058261547,"0.15,0.24,0.10,0.19,0.17,0.16","1.000,1.009,1.018,1.006,1.019,1.000"
361,6617.848293257491,-0.021692284680296096,"0.06,0.27,0.28,0.11,0.08,0.21","1.000,0.996,0.943,1.001,0.984,0.990"
362,6666.362480975907,0.007304070106453584,"0.30,0.13,0.04,0.22,0.13,0.19","1.000,1.006,1.023,1.005,1.014,1.022"
363,6466.648690993617,-0.030416358337231077,"0.27,0.15,0.38,0.07,0.03,0.10","1.000,0.972,0.958,0.964,0.952,0.959"
364,6341.3119186560825,-0.019572323378585842,"0.09,0.33,0.08,0.11,0.09,0.29","1.000,0.985,0.985,0.973,0.981,0.977"
365,6422.131878167163,0.01266445655427966,"0.37,0.07,0.30,0.06,0.10,0.11","1.000,1.017,1.018,1.028,1.038,1.025"
366,6540.812093664691,0.018311200273712806,"0.09,0.21,0.23,0.24,0.11,0.11","1.000,1.009,1.021,1.023,1.043,1.021"
367,6580.991126290292,0.006124029986432229,"0.30,0.40,0.10,0.08,0.10,0.02","1.000,1.013,1.015,1.019,1.000,0.967"
368,6560.384326281426,-0.0031361735266187997,"0.07,0.14,0.47,0.15,0.12,0.06","1.000,1.003,0.995,1.002,1.001,1.004"
369,6526.709414410213,-0.005146289445124634,"0.31,0.10,0.16,0.11,0.19,0.13","1.000,0.991,0.994,0.991,0.993,1.003"
370,6571.917887859865,0.006902807739601318,"0.03,0.11,0.29,0.29,0.25,0.03","1.000,1.006,1.005,0.996,1.031,0.992"
371,6571.381922023971,-8.155727160512165e-05,"0.09,0.19,0.47,0.06,0.09,0.10","1.000,1.004,1.000,1.009,1.000,1.006"
372,6641.228054862731,0.010572745822915501,"0.04,0.39,0.23,0.11,0.01,0.21","1.000,1.008,1.017,0.995,1.017,1.026"
373,6697.140248801682,0.008383712333568149,"0.21,0.22,0.05,0.16,0.20,0.15","1.000,1.003,1.004,1.031,1.020,1.001"
374,6662.002163115388,-0.005260542276599813,"0.18,0.15,0.15,0.09,0.34,0.08","1.000,1.005,1.004,1.003,0.980,1.013"
375,6564.171454426818,-0.014793771160850178,"0.03,0.34,0.19,0.12,0.28,0.03","1.000,0.994,0.998,0.986,0.966,1.000"
376,6614.5222744422435,0.007641283126606571,"0.15,0.02,0.23,0.47,0.10,0.04","1.000,1.020,1.004,1.015,1.017,1.009"
377,6597.952062268348,-0.0025082691461296627,"0.13,0.23,0.07,0.10,0.14,0.32","1.000,1.000,1.001,0.994,1.000,1.002"
378,6644.622722258779,0.00704860708394333,"0.14,0.28,0.04,0.17,0.31,0.06","1.000,1.011,1.000,1.017,1.009,1.000"
379,6635.0678127987385,-0.0014390261706282107,"0.08,0.05,0.05,0.22,0.56,0.04","1.000,1.000,1.000,1.001,0.999,1.005"
380,6674.440148023745,0.005916439614564652,"0.13,0.27,0.08,0.23,0.19,0.10","1.000,1.001,1.006,1.020,1.008,1.008"
381,6622.632279536052,-0.007792411589051669,"0.17,0.08,0.06,0.35,0.17,0.16","1.000,0.995,0.979,0.997,0.983,0.993"
382,6655.524787679456,0.004954388663788966,"0.24,0.10,0.20,0.27,0.08,0.11","1.000,0.992,1.018,1.004,1.007,1.014"
383,6591.526480952033,-0.009662347241021055,"0.32,0.24,0.11,0.06,0.19,0.09","1.000,0.987,0.992,0.985,0.988,0.988"
384,6629.48402183179,0.005742018760595742,"0.17,0.03,0.11,0.10,0.56,0.04","1.000,0.993,1.006,1.005,1.012,0.994"
385,6627.589523367581,-0.0002858094541975948,"0.14,0.03,0.26,0.23,0.17,0.18","1.000,1.065,1.000,0.994,1.006,1.001"
386,6667.616533102895,0.0060212877483589305,"0.09,0.20,0.06,0.14,0.36,0.15","1.000,1.014,1.005,1.000,1.010,1.008"
387,6697.254543899297,0.004435218149150744,"0.22,0.15,0.11,0.30,0.12,0.11","1.000,0.999,0.994,0.992,1.089,0.986"
388,6738.509585029986,0.006141097802743085,"0.04,0.55,0.26,0.02,0.06,0.08","1.000,1.018,0.999,1.023,0.973,1.003"
389,6685.343162976841,-0.007921228137498206,"0.06,0.19,0.13,0.07,0.47,0.07","1.000,0.985,0.983,0.994,1.000,1.000"
390,6672.732376485841,-0.0018881148261478164,"0.43,0.04,0.05,0.18,0.26,0.03","1.000,1.013,1.006,0.998,0.995,1.005"
391,6691.033015072984,0.0027388463491810704,"0.04,0.36,0.25,0.10,0.10,0.14","1.000,1.001,1.004,1.013,1.008,1.010"
392,6724.486005939823,0.0049872181839963085,"0.07,0.05,0.06,0.06,0.06,0.70","1.000,1.015,1.020,0.998,1.004,1.008"
393,6697.512732282723,-0.0040192687385629325,"0.07,0.30,0.11,0.14,0.26,0.12","1.000,1.008,0.994,1.005,0.987,0.998"
394,6725.596582455341,0.00418440921420574,"0.08,0.13,0.13,0.29,0.19,0.18","1.000,1.004,1.004,1.003,1.017,1.001"
395,6731.373985288876,0.0008586484096716941,"0.10,0.25,0.15,0.11,0.12,0.28","1.000,0.993,1.018,1.025,1.000,0.995"
396,6778.129197350876,0.00692185317371407,"0.19,0.22,0.05,0.11,0.39,0.04","1.000,0.999,1.010,1.051,1.006,1.006"
397,7017.170415936012,0.034658927845843075,"0.09,0.06,0.17,0.56,0.06,0.06","1.000,1.002,0.994,1.071,0.993,0.999"
398,6998.117336187901,-0.002718901220218267,"0.05,0.10,0.15,0.32,0.25,0.14","1.000,1.012,0.999,0.989,0.998,1.011"
399,6976.594082449464,-0.0030803170258074646,"0.10,0.17,0.16,0.27,0.11,0.19","1.000,0.999,0.997,0.995,1.001,0.999"
400,6941.949809334989,-0.004978156469544654,"0.08,0.11,0.29,0.18,0.16,0.18","1.000,0.999,0.991,1.004,0.987,1.000"
401,6930.136121395112,-0.0017032320668754104,"0.03,0.66,0.07,0.11,0.07,0.06","1.000,0.999,1.010,1.000,1.023,0.993"
402,6885.731624422126,-0.006428065278186458,"0.19,0.08,0.26,0.15,0.27,0.06","1.000,1.003,0.997,0.999,0.989,1.002"
403,6872.180750534985,-0.001969903267277833,"0.11,0.30,0.02,0.11,0.20,0.26","1.000,0.992,0.999,0.988,1.009,1.007"
404,6881.453443339865,0.001348399132785092,"0.22,0.19,0.14,0.12,0.19,0.13","1.000,1.003,1.009,1.001,1.003,0.997"
405,6849.422961486289,-0.0046654764064501045,"0.09,0.23,0.10,0.13,0.29,0.17","1.000,0.992,1.000,0.980,1.004,0.994"
406,6846.82275195909,-0.0003796966866454055,"0.08,0.28,0.12,0.09,0.15,0.27","1.000,0.996,1.005,1.001,1.006,1.000"
407,6808.801037044092,-0.005568667350105601,"0.03,0.11,0.18,0.07,0.56,0.05","1.000,0.994,1.004,1.012,0.992,1.003"
408,6779.846391483867,-0.004261599917653568,"0.07,0.22,0.23,0.15,0.31,0.02","1.000,0.999,1.002,0.998,0.990,1.004"
409,6775.938323393751,-0.0005765904786167418,"0.05,0.02,0.26,0.25,0.24,0.18","1.000,0.992,0.997,1.012,0.992,1.004"
410,6784.498367918444,0.001262502949801802,"0.16,0.19,0.18,0.25,0.07,0.17","1.000,1.001,1.003,1.012,0.987,0.997"
411,6774.804700476628,-0.0014298181911536621,"0.13,0.03,0.01,0.18,0.54,0.11","1.000,1.006,1.006,1.002,0.999,1.005"
412,6835.2200091662,0.008878118417977476,"0.12,0.03,0.25,0.29,0.14,0.17","1.000,1.009,1.007,1.019,1.016,1.009"
413,6898.047962888228,0.00914980937876992,"0.18,0.34,0.10,0.16,0.11,0.11","1.000,1.000,0.999,1.046,1.027,1.006"
414,6916.859525139539,0.0027233731234684207,"0.08,0.25,0.05,0.06,0.09,0.46","1.000,1.006,0.995,0.986,0.998,1.009"
415,6855.720698491947,-0.008878398566555305,"0.09,0.06,0.22,0.18,0.25,0.20","1.000,0.974,0.989,1.002,0.990,0.997"
416,6715.6877244852585,-0.020637201319334157,"0.20,0.37,0.11,0.13,0.05,0.13","1.000,0.977,0.975,0.971,0.980,0.980"
417,6761.7969854628545,0.006842440094551621,"0.20,0.06,0.10,0.10,0.42,0.12","1.000,1.022,1.009,1.012,1.007,1.020"
418,6731.232211883809,-0.004530461679242095,"0.06,0.21,0.04,0.28,0.31,0.09","1.000,1.024,0.985,0.995,0.984,0.987"
419,6738.387564016382,0.0010624431757824031,"0.49,0.06,0.16,0.07,0.07,0.15","1.000,1.035,1.000,1.021,1.002,0.995"
420,6802.3065889143745,0.009441096439642157,"0.06,0.07,0.02,0.22,0.12,0.51","1.000,1.034,1.008,1.020,1.008,1.006"
421,6779.496603342709,-0.0033589070161671956,"0.09,0.13,0.09,0.08,0.08,0.53","1.000,0.994,0.993,1.002,0.979,1.001"
422,6758.399079248189,-0.0031168124897000063,"0.02,0.15,0.16,0.15,0.41,0.12","1.000,0.988,1.008,0.985,1.003,1.005"
423,6753.202701008501,-0.0007691728309332368,"0.24,0.45,0.15,0.06,0.05,0.05","1.000,1.000,1.009,0.985,1.018,1.000"
424,6912.918834893095,0.023375089375220745,"0.36,0.10,0.15,0.24,0.11,0.04","1.000,1.000,1.071,1.045,1.030,1.009"
425,6942.708101602745,0.0042999588175380975,"0.26,0.10,0.22,0.09,0.07,0.25","1.000,1.009,1.001,1.032,1.014,1.002"
426,6874.672165842714,-0.009847957326039212,"0.10,0.10,0.24,0.18,0.03,0.36","1.000,0.983,0.996,0.985,0.991,0.990"
427,6832.837522488458,-0.0061039202881375335,"0.06,0.27,0.25,0.20,0.07,0.15","1.000,1.002,0.998,0.983,0.996,0.991"
428,6899.092282739052,0.009649812563904032,"0.31,0.07,0.04,0.46,0.04,0.07","1.000,1.002,1.023,1.022,1.000,1.004"
429,6914.297002182591,0.002201447489904388,"0.12,0.24,0.15,0.13,0.21,0.15","1.000,1.008,0.998,1.005,1.003,1.010"
430,6816.3221540420245,-0.014271244418820491,"0.24,0.06,0.31,0.16,0.15,0.09","1.000,0.984,0.985,0.971,0.990,0.987"
431,6837.554014843781,0.00311001471704506,"0.10,0.15,0.22,0.32,0.13,0.08","1.000,1.008,1.007,1.002,0.999,1.010"
432,6813.3451460380475,-0.0035468570824198726,"0.11,0.14,0.11,0.28,0.30,0.07","1.000,0.995,0.999,0.996,0.997,1.002"
433,6798.86235014239,-0.0021279136928500494,"0.10,0.32,0.25,0.13,0.17,0.03","1.000,1.004,0.999,1.001,0.989,0.998"
434,6818.253099227204,0.0028479985006508637,"0.20,0.25,0.22,0.05,0.17,0.10","1.000,1.000,1.004,1.014,1.006,1.007"
435,6821.044104909555,0.0004092594624979236,"0.34,0.26,0.04,0.21,0.08,0.07","1.000,1.007,0.998,1.001,0.993,1.000"
436,6786.827113835685,-0.005029010436505492,"0.20,0.09,0.18,0.10,0.06,0.36","1.000,1.001,1.001,0.990,0.994,0.994"
437,6854.847655416971,0.009972544641401185,"0.06,0.55,0.05,0.05,0.13,0.16","1.000,1.017,1.006,1.023,1.006,1.003"
438,6824.042125882617,-0.004504105538693644,"0.23,0.39,0.05,0.10,0.15,0.08","1.000,1.002,0.983,0.971,1.002,0.987"
439,6824.727168848363,0.000100381646363699,"0.44,0.16,0.19,0.09,0.03,0.09","1.000,1.009,1.006,0.985,0.998,1.003"
440,6804.747745280488,-0.002931798620966925,"0.20,0.22,0.24,0.15,0.07,0.13","1.000,0.997,1.000,0.986,1.017,0.995"
441,6760.007354567328,-0.006596588382683859,"0.16,0.11,0.02,0.17,0.46,0.08","1.000,1.006,0.998,0.997,0.989,1.007"
442,6784.8863740506795,0.0036735684990322217,"0.07,0.02,0.05,0.72,0.07,0.06","1.000,0.999,0.997,1.010,0.997,0.996"
443,6790.18871585653,0.0007811878815227238,"0.06,0.09,0.19,0.28,0.10,0.29","1.000,0.999,1.009,1.005,1.022,0.993"
444,6762.302040047215,-0.00411536383525087,"0.19,0.15,0.06,0.33,0.24,0.02","1.000,0.997,1.000,1.006,0.982,1.015"
445,6742.55155092528,-0.002924948881508098,"0.25,0.10,0.17,0.09,0.05,0.34","1.000,0.999,1.006,0.999,0.994,0.996"
446,6720.06441415597,-0.0033406817428290408,"0.14,0.08,0.11,0.16,0.09,0.42","1.000,0.996,1.000,1.001,0.981,0.998"
447,6745.514856395085,0.0037800783810119417,"0.31,0.36,0.09,0.08,0.11,0.05","1.000,1.009,1.016,1.005,1.001,1.010"
448,6699.233727824241,-0.006884667435173446,"0.05,0.03,0.03,0.73,0.08,0.07","1.000,1.005,0.984,0.997,0.991,0.986"
449,6632.574254362559,-0.010000148376262247,"0.09,0.11,0.03,0.25,0.13,0.39","1.000,0.978,0.990,0.986,1.000,0.997"
450,6595.518413704193,-0.005602612336909894,"0.21,0.05,0.04,0.36,0.22,0.11","1.000,0.990,0.992,0.996,0.990,1.002"
451,6589.929423526956,-0.0008477513363150392,"0.17,0.09,0.36,0.12,0.14,0.12","1.000,0.993,1.005,0.996,0.999,1.004"
452,6573.321526527436,-0.002523374487805271,"0.18,0.18,0.08,0.07,0.24,0.24","1.000,0.998,0.999,0.998,0.995,1.004"
453,6497.515192171014,-0.011599438650395998,"0.23,0.29,0.05,0.04,0.03,0.36","1.000,0.982,0.994,0.995,0.981,0.989"
454,6502.400709811442,0.0007516229962201077,"0.06,0.12,0.11,0.05,0.39,0.26","1.000,1.001,0.991,0.974,1.021,0.987"
455,6478.8809403527475,-0.0036236476225827226,"0.03,0.26,0.28,0.15,0.09,0.19","1.000,0.984,1.012,0.992,1.001,1.001"
456,6415.064199413474,-0.009898795340457223,"0.14,0.29,0.11,0.15,0.25,0.07","1.000,0.991,0.991,0.998,0.982,0.996"
457,6488.221973879466,0.011339523497589214,"0.20,0.05,0.21,0.20,0.13,0.21","1.000,1.014,1.023,1.018,0.986,1.027"
458,6505.3337671779755,0.002633890758173814,"0.15,0.23,0.16,0.22,0.18,0.05","1.000,1.006,0.998,1.005,1.008,1.004"
459,6430.137171902101,-0.01162654884336081,"0.15,0.19,0.21,0.29,0.04,0.12","1.000,0.998,0.995,0.968,0.986,1.004"
460,6276.261944314879,-0.024221299670388153,"0.09,0.28,0.25,0.09,0.15,0.16","1.000,0.972,0.965,0.976,0.988,0.984"
461,6260.807338576809,-0.00246542684219511,"0.20,0.14,0.03,0.28,0.32,0.03","1.000,1.006,0.996,0.986,1.009,1.000"
462,6159.191092409582,-0.016363691864713863,"0.23,0.36,0.05,0.09,0.24,0.03","1.000,0.975,0.988,0.965,0.996,0.957"
463,6134.17242777687,-0.004070277289417022,"0.12,0.09,0.06,0.09,0.47,0.17","1.000,1.013,1.012,1.014,0.987,1.002"
464,6184.762404873779,0.00821341490715064,"0.22,0.14,0.16,0.20,0.16,0.14","1.000,1.027,1.004,1.020,0.992,1.019"
465,6241.747964096824,0.009171675232618373,"0.13,0.05,0.06,0.33,0.20,0.23","1.000,1.000,1.017,1.013,1.011,1.012"
466,6201.332536095866,-0.006496071471090494,"0.34,0.17,0.22,0.09,0.13,0.05","1.000,1.001,0.993,0.993,0.982,0.997"
467,6254.865564795886,0.008595457114509914,"0.21,0.22,0.17,0.13,0.21,0.06","1.000,1.015,1.006,1.000,1.020,1.011"
468,6252.780103996285,-0.0003334697630793977,"0.10,0.04,0.07,0.28,0.37,0.14","1.000,1.001,0.996,0.998,1.014,0.978"
469,6221.9721932567745,-0.0049392521211494966,"0.36,0.04,0.11,0.09,0.09,0.31","1.000,0.995,0.990,0.998,0.996,0.995"
470,6220.307760274178,-0.000267544694178528,"0.25,0.36,0.10,0.03,0.12,0.14","1.000,1.005,1.008,1.000,0.981,1.007"
471,6216.40688135568,-0.0006273166441184313,"0.05,0.08,0.08,0.37,0.28,0.13","1.000,0.998,0.995,1.008,1.002,0.987"
472,6220.749767458691,0.0006983728519550666,"0.17,0.21,0.16,0.16,0.22,0.09","1.000,0.999,1.004,1.013,0.997,1.001"
473,6137.910107113585,-0.01340613009403457,"0.10,0.43,0.25,0.12,0.03,0.07","1.000,0.992,0.980,0.990,0.986,0.977"
474,5959.517119743,-0.029494853166998677,"0.06,0.24,0.12,0.30,0.22,0.05","1.000,0.991,0.968,0.956,0.971,0.976"
475,5959.709890878147,3.2346247788042084e-05,"0.17,0.20,0.07,0.16,0.27,0.12","1.000,1.004,1.002,1.007,0.994,1.004"
476,5984.606080501626,0.004168715184250194,"0.09,0.21,0.14,0.26,0.25,0.05","1.000,0.993,1.022,1.006,1.003,1.021"
477,5975.419009904164,-0.0015362965102439536,"0.23,0.09,0.06,0.09,0.44,0.09","1.000,1.008,0.996,0.994,1.001,0.997"
478,6059.492955260419,0.013971903292133,"0.18,0.11,0.16,0.10,0.15,0.30","1.000,1.010,1.018,1.007,1.016,1.029"
479,6084.936313742633,0.004190134446808085,"0.09,0.24,0.05,0.10,0.09,0.43","1.000,1.010,1.001,1.014,1.019,1.000"
480,6118.618615984628,0.005520094425753269,"0.18,0.26,0.14,0.06,0.10,0.25","1.000,1.016,1.008,1.011,1.008,0.998"
481,6092.044220685971,-0.004352660884979637,"0.11,0.10,0.27,0.28,0.09,0.15","1.000,0.994,1.008,0.991,0.990,0.992"
482,6137.450059093738,0.007425662257223116,"0.18,0.19,0.09,0.12,0.22,0.20","1.000,1.017,1.009,0.997,1.016,1.009"
483,6080.77709140349,-0.009276857179294745,"0.19,0.06,0.19,0.11,0.26,0.20","1.000,1.000,0.997,0.989,0.974,0.999"
484,6060.963137975332,-0.003263777785132153,"0.04,0.23,0.13,0.14,0.34,0.11","1.000,1.005,0.993,0.974,1.001,1.005"
485,6032.011151012627,-0.004788241765279737,"0.14,0.47,0.04,0.14,0.11,0.11","1.000,1.001,0.985,0.998,0.985,0.986"
486,6032.274879092622,4.3720462094143936e-05,"0.03,0.09,0.06,0.44,0.05,0.32","1.000,1.006,1.017,1.003,1.014,0.997"
487,6031.818771402061,-7.561408324418798e-05,"0.23,0.12,0.15,0.13,0.24,0.12","1.000,1.003,1.005,1.010,0.997,1.003"
488,6001.207841621715,-0.005087829819988254,"0.09,0.31,0.10,0.41,0.03,0.05","1.000,1.001,0.998,0.993,0.991,0.997"
489,5930.957087837674,-0.011775158307294602,"0.06,0.10,0.21,0.21,0.13,0.28","1.000,0.993,0.993,0.973,0.995,0.997"
490,5932.840037165587,0.0003174277718817182,"0.07,0.03,0.02,0.43,0.17,0.28","1.000,1.002,1.003,1.000,1.004,1.003"
491,5947.28622756313,0.002431993936076532,"0.21,0.28,0.07,0.28,0.06,0.10","1.000,1.006,1.000,1.009,0.997,1.003"
492,5921.455739071318,-0.00435269876898846,"0.13,0.27,0.09,0.08,0.19,0.24","1.000,0.996,0.988,0.998,0.996,0.999"
493,5911.1368034850475,-0.0017441550809890695,"0.27,0.10,0.12,0.18,0.13,0.20","1.000,1.000,0.999,1.000,0.995,1.000"
