Action_Cash,Action_AAPL,Action_V,Action_SNE,Action_ADBE,Action_BABA,State_Cash_close_L1,State_Cash_high_L1,State_Cash_low_L1,State_Cash_open_L1,State_AAPL_close_L1,State_AAPL_high_L1,State_AAPL_low_L1,State_AAPL_open_L1,State_V_close_L1,State_V_high_L1,State_V_low_L1,State_V_open_L1,State_SNE_close_L1,State_SNE_high_L1,State_SNE_low_L1,State_SNE_open_L1,State_ADBE_close_L1,State_ADBE_high_L1,State_ADBE_low_L1,State_ADBE_open_L1,State_BABA_close_L1,State_BABA_high_L1,State_BABA_low_L1,State_BABA_open_L1
0.16671728,0.16666055,0.16662128,0.16660981,0.16658454,0.1668065,1.0,1.0,1.0,1.0,1.02292343,1.04686775,1.01076566,1.04686775,1.01902552,1.02542923,1.00696056,1.02542923,0.99136891,1.02143852,0.98988399,1.02143852,0.98366589,0.99842227,0.97633411,0.99842227,1.00900232,1.01039443,0.98839907,1.01039443
0.16671693,0.16666046,0.16662173,0.16660951,0.16658434,0.16680707,1.0,1.0,1.0,1.0,1.01902552,1.02542923,1.00696056,1.02542923,0.99136891,1.02143852,0.98988399,1.02143852,0.98366589,0.99842227,0.97633411,0.99842227,1.00900232,1.01039443,0.98839907,1.01039443,1.01670534,1.03071926,1.00482599,1.03071926
0.16671702,0.16666044,0.1666218,0.1666095,0.16658406,0.1668072,1.0,1.0,1.0,1.0,0.99136891,1.02143852,0.98988399,1.02143852,0.98366589,0.99842227,0.97633411,0.99842227,1.00900232,1.01039443,0.98839907,1.01039443,1.01670534,1.03071926,1.00482599,1.03071926,1.04315545,1.0438051,1.01828306,1.0438051
0.16671762,0.1666601,0.16662152,0.16660893,0.16658376,0.16680807,1.0,1.0,1.0,1.0,0.98366589,0.99842227,0.97633411,0.99842227,1.00900232,1.01039443,0.98839907,1.01039443,1.01670534,1.03071926,1.00482599,1.03071926,1.04315545,1.0438051,1.01828306,1.0438051,1.04853828,1.05568445,1.03508121,1.05568445
0.16671877,0.16665953,0.16662095,0.16660874,0.16658336,0.16680863,1.0,1.0,1.0,1.0,1.00900232,1.01039443,0.98839907,1.01039443,1.01670534,1.03071926,1.00482599,1.03071926,1.04315545,1.0438051,1.01828306,1.0438051,1.04853828,1.05568445,1.03508121,1.05568445,1.04965197,1.06134571,1.04686775,1.06134571
0.1667192,0.1666594,0.1666205,0.16660906,0.16658337,0.16680855,1.0,1.0,1.0,1.0,1.01670534,1.03071926,1.00482599,1.03071926,1.04315545,1.0438051,1.01828306,1.0438051,1.04853828,1.05568445,1.03508121,1.05568445,1.04965197,1.06134571,1.04686775,1.06134571,1.01290023,1.04389791,1.01187935,1.04389791
0.16672029,0.16665891,0.16662076,0.16660845,0.16658239,0.16680919,1.0,1.0,1.0,1.0,1.04315545,1.0438051,1.01828306,1.0438051,1.04853828,1.05568445,1.03508121,1.05568445,1.04965197,1.06134571,1.04686775,1.06134571,1.01290023,1.04389791,1.01187935,1.04389791,1.07016241,1.0962413,1.07016241,1.0962413
0.16672073,0.16665836,0.16662136,0.16660792,0.16658126,0.16681042,1.0,1.0,1.0,1.0,1.04853828,1.05568445,1.03508121,1.05568445,1.04965197,1.06134571,1.04686775,1.06134571,1.01290023,1.04389791,1.01187935,1.04389791,1.07016241,1.0962413,1.07016241,1.0962413,1.10348028,1.10617169,1.0724826,1.10617169
0.16672173,0.16665824,0.16661988,0.16660798,0.16658114,0.1668111,1.0,1.0,1.0,1.0,1.04965197,1.06134571,1.04686775,1.06134571,1.01290023,1.04389791,1.01187935,1.04389791,1.07016241,1.0962413,1.07016241,1.0962413,1.10348028,1.10617169,1.0724826,1.10617169,1.08733179,1.1136891,1.08445476,1.1136891
0.16672294,0.16665715,0.16661975,0.16660783,0.1665809,0.16681138,1.0,1.0,1.0,1.0,1.01290023,1.04389791,1.01187935,1.04389791,1.07016241,1.0962413,1.07016241,1.0962413,1.10348028,1.10617169,1.0724826,1.10617169,1.08733179,1.1136891,1.08445476,1.1136891,1.10097448,1.10598608,1.07730858,1.10598608
0.1667241,0.16665712,0.16661921,0.16660771,0.16658069,0.16681117,1.0,1.0,1.0,1.0,1.07016241,1.0962413,1.07016241,1.0962413,1.10348028,1.10617169,1.0724826,1.10617169,1.08733179,1.1136891,1.08445476,1.1136891,1.10097448,1.10598608,1.07730858,1.10598608,1.10116009,1.10524362,1.09150812,1.10524362
0.16672496,0.16665658,0.1666191,0.16660766,0.16658051,0.16681118,1.0,1.0,1.0,1.0,1.10348028,1.10617169,1.0724826,1.10617169,1.08733179,1.1136891,1.08445476,1.1136891,1.10097448,1.10598608,1.07730858,1.10598608,1.10116009,1.10524362,1.09150812,1.10524362,1.10960557,1.11842227,1.09800464,1.11842227
0.16672505,0.16665678,0.16661902,0.1666076,0.16658054,0.166811,1.0,1.0,1.0,1.0,1.08733179,1.1136891,1.08445476,1.1136891,1.10097448,1.10598608,1.07730858,1.10598608,1.10116009,1.10524362,1.09150812,1.10524362,1.10960557,1.11842227,1.09800464,1.11842227,1.11313225,1.11582367,1.10672854,1.11582367
0.16672543,0.16665637,0.16661903,0.1666075,0.16658041,0.16681126,1.0,1.0,1.0,1.0,1.10097448,1.10598608,1.07730858,1.10598608,1.10116009,1.10524362,1.09150812,1.10524362,1.10960557,1.11842227,1.09800464,1.11842227,1.11313225,1.11582367,1.10672854,1.11582367,1.1037587,1.11600928,1.09930394,1.11600928
0.16672598,0.16665599,0.16661903,0.16660744,0.16658036,0.16681114,1.0,1.0,1.0,1.0,1.10116009,1.10524362,1.09150812,1.10524362,1.10960557,1.11842227,1.09800464,1.11842227,1.11313225,1.11582367,1.10672854,1.11582367,1.1037587,1.11600928,1.09930394,1.11600928,1.11109049,1.11220418,1.09911833,1.11220418
0.16672675,0.16665572,0.16661915,0.16660714,0.16657981,0.16681145,1.0,1.0,1.0,1.0,1.10960557,1.11842227,1.09800464,1.11842227,1.11313225,1.11582367,1.10672854,1.11582367,1.1037587,1.11600928,1.09930394,1.11600928,1.11109049,1.11220418,1.09911833,1.11220418,1.13243619,1.13364269,1.11517401,1.13364269
0.16672722,0.16665567,0.16661899,0.1666065,0.16657917,0.16681236,1.0,1.0,1.0,1.0,1.11313225,1.11582367,1.10672854,1.11582367,1.1037587,1.11600928,1.09930394,1.11600928,1.11109049,1.11220418,1.09911833,1.11220418,1.13243619,1.13364269,1.11517401,1.13364269,1.15897912,1.15935035,1.13689095,1.15935035
0.16672793,0.16665575,0.16661853,0.16660573,0.16657887,0.16681321,1.0,1.0,1.0,1.0,1.1037587,1.11600928,1.09930394,1.11600928,1.11109049,1.11220418,1.09911833,1.11220418,1.13243619,1.13364269,1.11517401,1.13364269,1.15897912,1.15935035,1.13689095,1.15935035,1.17364269,1.18310905,1.16538283,1.18310905
0.16672906,0.1666551,0.16661805,0.16660519,0.16657904,0.16681361,1.0,1.0,1.0,1.0,1.11109049,1.11220418,1.09911833,1.11220418,1.13243619,1.13364269,1.11517401,1.13364269,1.15897912,1.15935035,1.13689095,1.15935035,1.17364269,1.18310905,1.16538283,1.18310905,1.17939675,1.1812529,1.16612529,1.1812529
0.16673139,0.16665402,0.16661745,0.16660455,0.16657881,0.16681379,1.0,1.0,1.0,1.0,1.13243619,1.13364269,1.11517401,1.13364269,1.15897912,1.15935035,1.13689095,1.15935035,1.17364269,1.18310905,1.16538283,1.18310905,1.17939675,1.1812529,1.16612529,1.1812529,1.18635731,1.19610209,1.17791183,1.19610209
0.16673316,0.1666529,0.16661729,0.16660447,0.16657881,0.1668134,1.0,1.0,1.0,1.0,1.15897912,1.15935035,1.13689095,1.15935035,1.17364269,1.18310905,1.16538283,1.18310905,1.17939675,1.1812529,1.16612529,1.1812529,1.18635731,1.19610209,1.17791183,1.19610209,1.19461717,1.19517401,1.18283063,1.19517401
0.1667342,0.16665268,0.16661677,0.16660452,0.16657862,0.1668132,1.0,1.0,1.0,1.0,1.17364269,1.18310905,1.16538283,1.18310905,1.17939675,1.1812529,1.16612529,1.1812529,1.18635731,1.19610209,1.17791183,1.19610209,1.19461717,1.19517401,1.18283063,1.19517401,1.19211137,1.1974942,1.19099768,1.1974942
0.16673489,0.16665208,0.16661678,0.16660437,0.16657855,0.1668133,1.0,1.0,1.0,1.0,1.17939675,1.1812529,1.16612529,1.1812529,1.18635731,1.19610209,1.17791183,1.19610209,1.19461717,1.19517401,1.18283063,1.19517401,1.19211137,1.1974942,1.19099768,1.1974942,1.20185615,1.20185615,1.18839907,1.20185615
0.166736,0.16665192,0.16661681,0.16660376,0.1665778,0.16681366,1.0,1.0,1.0,1.0,1.18635731,1.19610209,1.17791183,1.19610209,1.19461717,1.19517401,1.18283063,1.19517401,1.19211137,1.1974942,1.19099768,1.1974942,1.20185615,1.20185615,1.18839907,1.20185615,1.23433875,1.23433875,1.20334107,1.23433875
0.16673648,0.16665165,0.16661666,0.1666033,0.16657771,0.1668142,1.0,1.0,1.0,1.0,1.19461717,1.19517401,1.18283063,1.19517401,1.19211137,1.1974942,1.19099768,1.1974942,1.20185615,1.20185615,1.18839907,1.20185615,1.23433875,1.23433875,1.20334107,1.23433875,1.22663573,1.23990719,1.21735499,1.23990719
0.16673669,0.16665147,0.16661601,0.16660358,0.16657823,0.16681398,1.0,1.0,1.0,1.0,1.19211137,1.1974942,1.19099768,1.1974942,1.20185615,1.20185615,1.18839907,1.20185615,1.23433875,1.23433875,1.20334107,1.23433875,1.22663573,1.23990719,1.21735499,1.23990719,1.19526682,1.22134571,1.18932715,1.22134571
0.16673729,0.16665098,0.16661613,0.16660365,0.1665786,0.16681331,1.0,1.0,1.0,1.0,1.20185615,1.20185615,1.18839907,1.20185615,1.23433875,1.23433875,1.20334107,1.23433875,1.22663573,1.23990719,1.21735499,1.23990719,1.19526682,1.22134571,1.18932715,1.22134571,1.21030162,1.21457077,1.1750348,1.21457077
0.16673757,0.16665101,0.16661608,0.16660424,0.16657862,0.16681243,1.0,1.0,1.0,1.0,1.23433875,1.23433875,1.20334107,1.23433875,1.22663573,1.23990719,1.21735499,1.23990719,1.19526682,1.22134571,1.18932715,1.22134571,1.21030162,1.21457077,1.1750348,1.21457077,1.19220418,1.21178654,1.19016241,1.21178654
0.16673678,0.16665162,0.16661587,0.1666047,0.16657867,0.16681238,1.0,1.0,1.0,1.0,1.22663573,1.23990719,1.21735499,1.23990719,1.19526682,1.22134571,1.18932715,1.22134571,1.21030162,1.21457077,1.1750348,1.21457077,1.19220418,1.21178654,1.19016241,1.21178654,1.19805104,1.20909513,1.19071926,1.20909513
0.16673571,0.16665226,0.16661604,0.16660452,0.1665789,0.16681255,1.0,1.0,1.0,1.0,1.19526682,1.22134571,1.18932715,1.22134571,1.21030162,1.21457077,1.1750348,1.21457077,1.19220418,1.21178654,1.19016241,1.21178654,1.19805104,1.20909513,1.19071926,1.20909513,1.20055684,1.20204176,1.1887703,1.20204176
0.16673611,0.16665164,0.16661629,0.16660449,0.16657889,0.16681257,1.0,1.0,1.0,1.0,1.21030162,1.21457077,1.1750348,1.21457077,1.19220418,1.21178654,1.19016241,1.21178654,1.19805104,1.20909513,1.19071926,1.20909513,1.20055684,1.20204176,1.1887703,1.20204176,1.19294664,1.20241299,1.19090487,1.20241299
0.16673593,0.16665173,0.16661635,0.16660489,0.16657884,0.16681226,1.0,1.0,1.0,1.0,1.19220418,1.21178654,1.19016241,1.21178654,1.19805104,1.20909513,1.19071926,1.20909513,1.20055684,1.20204176,1.1887703,1.20204176,1.19294664,1.20241299,1.19090487,1.20241299,1.17317865,1.19489559,1.16714617,1.19489559
0.16673563,0.16665198,0.16661665,0.16660473,0.16657884,0.1668122,1.0,1.0,1.0,1.0,1.19805104,1.20909513,1.19071926,1.20909513,1.20055684,1.20204176,1.1887703,1.20204176,1.19294664,1.20241299,1.19090487,1.20241299,1.17317865,1.19489559,1.16714617,1.19489559,1.174942,1.20064965,1.17178654,1.20064965
0.16673502,0.16665211,0.166617,0.16660455,0.16657867,0.16681263,1.0,1.0,1.0,1.0,1.20055684,1.20204176,1.1887703,1.20204176,1.19294664,1.20241299,1.19090487,1.20241299,1.17317865,1.19489559,1.16714617,1.19489559,1.174942,1.20064965,1.17178654,1.20064965,1.1799536,1.2025058,1.16064965,1.2025058
0.16673423,0.16665256,0.16661672,0.16660498,0.16657923,0.1668122,1.0,1.0,1.0,1.0,1.19294664,1.20241299,1.19090487,1.20241299,1.17317865,1.19489559,1.16714617,1.19489559,1.174942,1.20064965,1.17178654,1.20064965,1.1799536,1.2025058,1.16064965,1.2025058,1.15554524,1.18069606,1.14895592,1.18069606
0.16673352,0.16665266,0.1666167,0.16660577,0.16657978,0.16681162,1.0,1.0,1.0,1.0,1.17317865,1.19489559,1.16714617,1.19489559,1.174942,1.20064965,1.17178654,1.20064965,1.1799536,1.2025058,1.16064965,1.2025058,1.15554524,1.18069606,1.14895592,1.18069606,1.13447796,1.15795824,1.13327146,1.15795824
0.16673283,0.16665322,0.16661698,0.16660613,0.16657974,0.1668111,1.0,1.0,1.0,1.0,1.174942,1.20064965,1.17178654,1.20064965,1.1799536,1.2025058,1.16064965,1.2025058,1.15554524,1.18069606,1.14895592,1.18069606,1.13447796,1.15795824,1.13327146,1.15795824,1.1549884,1.15916473,1.12881671,1.15916473
0.16673198,0.16665386,0.16661729,0.1666062,0.16657975,0.16681093,1.0,1.0,1.0,1.0,1.1799536,1.2025058,1.16064965,1.2025058,1.15554524,1.18069606,1.14895592,1.18069606,1.13447796,1.15795824,1.13327146,1.15795824,1.1549884,1.15916473,1.12881671,1.15916473,1.14700696,1.1638051,1.13763341,1.1638051
0.1667311,0.16665411,0.1666175,0.16660613,0.16657962,0.16681153,1.0,1.0,1.0,1.0,1.15554524,1.18069606,1.14895592,1.18069606,1.13447796,1.15795824,1.13327146,1.15795824,1.1549884,1.15916473,1.12881671,1.15916473,1.14700696,1.1638051,1.13763341,1.1638051,1.15962877,1.15962877,1.14032483,1.15962877
0.16673079,0.1666546,0.16661748,0.16660552,0.16657907,0.16681263,1.0,1.0,1.0,1.0,1.13447796,1.15795824,1.13327146,1.15795824,1.1549884,1.15916473,1.12881671,1.15916473,1.14700696,1.1638051,1.13763341,1.1638051,1.15962877,1.15962877,1.14032483,1.15962877,1.17902552,1.18162413,1.16612529,1.18162413
0.16673155,0.16665404,0.16661751,0.16660488,0.16657895,0.16681308,1.0,1.0,1.0,1.0,1.1549884,1.15916473,1.12881671,1.15916473,1.14700696,1.1638051,1.13763341,1.1638051,1.15962877,1.15962877,1.14032483,1.15962877,1.17902552,1.18162413,1.16612529,1.18162413,1.19229698,1.1987007,1.17280742,1.1987007
0.16673234,0.16665383,0.16661713,0.16660458,0.16657889,0.16681325,1.0,1.0,1.0,1.0,1.14700696,1.1638051,1.13763341,1.1638051,1.15962877,1.15962877,1.14032483,1.15962877,1.17902552,1.18162413,1.16612529,1.18162413,1.19229698,1.1987007,1.17280742,1.1987007,1.18329466,1.19953596,1.18236659,1.19953596
0.16673319,0.16665289,0.16661702,0.16660449,0.16657901,0.16681331,1.0,1.0,1.0,1.0,1.15962877,1.15962877,1.14032483,1.15962877,1.17902552,1.18162413,1.16612529,1.18162413,1.19229698,1.1987007,1.17280742,1.1987007,1.18329466,1.19953596,1.18236659,1.19953596,1.16844548,1.19164733,1.16157773,1.19164733
0.16673411,0.1666525,0.16661687,0.16660467,0.16657911,0.16681267,1.0,1.0,1.0,1.0,1.17902552,1.18162413,1.16612529,1.18162413,1.19229698,1.1987007,1.17280742,1.1987007,1.18329466,1.19953596,1.18236659,1.19953596,1.16844548,1.19164733,1.16157773,1.19164733,1.18060325,1.18654292,1.17419954,1.18654292
0.16673438,0.16665243,0.1666168,0.16660497,0.16657892,0.16681251,1.0,1.0,1.0,1.0,1.19229698,1.1987007,1.17280742,1.1987007,1.18329466,1.19953596,1.18236659,1.19953596,1.16844548,1.19164733,1.16157773,1.19164733,1.18060325,1.18654292,1.17419954,1.18654292,1.17577726,1.18830626,1.17457077,1.18830626
0.16673386,0.1666528,0.16661659,0.1666055,0.16657946,0.16681178,1.0,1.0,1.0,1.0,1.18329466,1.19953596,1.18236659,1.19953596,1.16844548,1.19164733,1.16157773,1.19164733,1.18060325,1.18654292,1.17419954,1.18654292,1.17577726,1.18830626,1.17457077,1.18830626,1.145058,1.17698376,1.145058,1.17698376
0.1667335,0.16665266,0.16661723,0.16660571,0.16657963,0.16681132,1.0,1.0,1.0,1.0,1.16844548,1.19164733,1.16157773,1.19164733,1.18060325,1.18654292,1.17419954,1.18654292,1.17577726,1.18830626,1.17457077,1.18830626,1.145058,1.17698376,1.145058,1.17698376,1.15303944,1.15897912,1.13781903,1.15897912
0.16673288,0.16665295,0.16661732,0.16660587,0.1665793,0.16681165,1.0,1.0,1.0,1.0,1.18060325,1.18654292,1.17419954,1.18654292,1.17577726,1.18830626,1.17457077,1.18830626,1.145058,1.17698376,1.145058,1.17698376,1.15303944,1.15897912,1.13781903,1.15897912,1.14385151,1.15730858,1.14069606,1.15730858
0.16673228,0.16665357,0.16661732,0.16660593,0.16657925,0.1668117,1.0,1.0,1.0,1.0,1.17577726,1.18830626,1.17457077,1.18830626,1.145058,1.17698376,1.145058,1.17698376,1.15303944,1.15897912,1.13781903,1.15897912,1.14385151,1.15730858,1.14069606,1.15730858,1.17280742,1.17308585,1.15081206,1.17308585
0.16673128,0.16665433,0.16661736,0.16660576,0.16657934,0.16681191,1.0,1.0,1.0,1.0,1.145058,1.17698376,1.145058,1.17698376,1.15303944,1.15897912,1.13781903,1.15897912,1.14385151,1.15730858,1.14069606,1.15730858,1.17280742,1.17308585,1.15081206,1.17308585,1.15480278,1.17392111,1.15415313,1.17392111
0.16673128,0.16665383,0.1666175,0.16660567,0.1665796,0.16681215,1.0,1.0,1.0,1.0,1.15303944,1.15897912,1.13781903,1.15897912,1.14385151,1.15730858,1.14069606,1.15730858,1.17280742,1.17308585,1.15081206,1.17308585,1.15480278,1.17392111,1.15415313,1.17392111,1.15313225,1.1612065,1.1424594,1.1612065
0.1667316,0.16665374,0.16661747,0.16660553,0.16657928,0.16681233,1.0,1.0,1.0,1.0,1.14385151,1.15730858,1.14069606,1.15730858,1.17280742,1.17308585,1.15081206,1.17308585,1.15480278,1.17392111,1.15415313,1.17392111,1.15313225,1.1612065,1.1424594,1.1612065,1.16306265,1.16529002,1.15257541,1.16529002
0.16673231,0.1666534,0.1666176,0.16660537,0.16657898,0.16681235,1.0,1.0,1.0,1.0,1.17280742,1.17308585,1.15081206,1.17308585,1.15480278,1.17392111,1.15415313,1.17392111,1.15313225,1.1612065,1.1424594,1.1612065,1.16306265,1.16529002,1.15257541,1.16529002,1.18190255,1.18338747,1.15387471,1.18338747
0.1667322,0.16665383,0.16661729,0.16660519,0.16657898,0.16681248,1.0,1.0,1.0,1.0,1.15480278,1.17392111,1.15415313,1.17392111,1.15313225,1.1612065,1.1424594,1.1612065,1.16306265,1.16529002,1.15257541,1.16529002,1.18190255,1.18338747,1.15387471,1.18338747,1.16946636,1.18904872,1.16918794,1.18904872
0.16673209,0.1666535,0.16661726,0.16660514,0.16657926,0.16681275,1.0,1.0,1.0,1.0,1.15313225,1.1612065,1.1424594,1.1612065,1.16306265,1.16529002,1.15257541,1.16529002,1.18190255,1.18338747,1.15387471,1.18338747,1.16946636,1.18904872,1.16918794,1.18904872,1.16566125,1.17308585,1.15981439,1.17308585
0.16673262,0.16665326,0.16661713,0.16660509,0.16657917,0.16681269,1.0,1.0,1.0,1.0,1.16306265,1.16529002,1.15257541,1.16529002,1.18190255,1.18338747,1.15387471,1.18338747,1.16946636,1.18904872,1.16918794,1.18904872,1.16566125,1.17308585,1.15981439,1.17308585,1.17457077,1.17475638,1.15693735,1.17475638
0.1667335,0.16665268,0.1666173,0.16660523,0.16657913,0.1668122,1.0,1.0,1.0,1.0,1.18190255,1.18338747,1.15387471,1.18338747,1.16946636,1.18904872,1.16918794,1.18904872,1.16566125,1.17308585,1.15981439,1.17308585,1.17457077,1.17475638,1.15693735,1.17475638,1.17958237,1.18060325,1.1625058,1.18060325
0.16673349,0.16665316,0.16661705,0.16660519,0.16657877,0.16681242,1.0,1.0,1.0,1.0,1.16946636,1.18904872,1.16918794,1.18904872,1.16566125,1.17308585,1.15981439,1.17308585,1.17457077,1.17475638,1.15693735,1.17475638,1.17958237,1.18060325,1.1625058,1.18060325,1.17726218,1.19322506,1.1750348,1.19322506
0.16673285,0.16665329,0.16661708,0.16660501,0.16657914,0.16681267,1.0,1.0,1.0,1.0,1.16566125,1.17308585,1.15981439,1.17308585,1.17457077,1.17475638,1.15693735,1.17475638,1.17958237,1.18060325,1.1625058,1.18060325,1.17726218,1.19322506,1.1750348,1.19322506,1.17215777,1.18134571,1.16853828,1.18134571
0.16673331,0.16665293,0.16661702,0.1666049,0.1665791,0.16681269,1.0,1.0,1.0,1.0,1.17457077,1.17475638,1.15693735,1.17475638,1.17958237,1.18060325,1.1625058,1.18060325,1.17726218,1.19322506,1.1750348,1.19322506,1.17215777,1.18134571,1.16853828,1.18134571,1.17661253,1.17986079,1.16946636,1.17986079
0.1667338,0.1666525,0.16661702,0.16660511,0.16657907,0.16681243,1.0,1.0,1.0,1.0,1.17958237,1.18060325,1.1625058,1.18060325,1.17726218,1.19322506,1.1750348,1.19322506,1.17215777,1.18134571,1.16853828,1.18134571,1.17661253,1.17986079,1.16946636,1.17986079,1.17095128,1.17958237,1.17039443,1.17958237
0.16673373,0.16665274,0.16661695,0.16660559,0.16657925,0.16681181,1.0,1.0,1.0,1.0,1.17726218,1.19322506,1.1750348,1.19322506,1.17215777,1.18134571,1.16853828,1.18134571,1.17661253,1.17986079,1.16946636,1.17986079,1.17095128,1.17958237,1.17039443,1.17958237,1.15777262,1.17067285,1.15508121,1.17067285
0.1667337,0.16665275,0.16661732,0.1666051,0.16657872,0.16681236,1.0,1.0,1.0,1.0,1.17215777,1.18134571,1.16853828,1.18134571,1.17661253,1.17986079,1.16946636,1.17986079,1.17095128,1.17958237,1.17039443,1.17958237,1.15777262,1.17067285,1.15508121,1.17067285,1.18422274,1.18904872,1.16167053,1.18904872
0.16673341,0.1666529,0.16661736,0.16660488,0.1665787,0.1668127,1.0,1.0,1.0,1.0,1.17661253,1.17986079,1.16946636,1.17986079,1.17095128,1.17958237,1.17039443,1.17958237,1.15777262,1.17067285,1.15508121,1.17067285,1.18422274,1.18904872,1.16167053,1.18904872,1.17781903,1.18979118,1.17559165,1.18979118
0.16674101,0.16665284,0.16662967,0.16659923,0.16657473,0.16680251,1.0,1.0,1.0,1.0,1.17095128,1.17958237,1.17039443,1.17958237,1.15777262,1.17067285,1.15508121,1.17067285,1.18422274,1.18904872,1.16167053,1.18904872,1.17781903,1.18979118,1.17559165,1.18979118,1.1936891,1.19600928,1.17234339,1.19600928
0.16673225,0.16666132,0.16663893,0.16660288,0.16657476,0.16678989,1.0,1.0,1.0,1.0,1.15777262,1.17067285,1.15508121,1.17067285,1.18422274,1.18904872,1.16167053,1.18904872,1.17781903,1.18979118,1.17559165,1.18979118,1.1936891,1.19600928,1.17234339,1.19600928,1.20343387,1.21039443,1.18923434,1.21039443
0.1667253,0.16666737,0.16665001,0.1665969,0.16657935,0.16678104,1.0,1.0,1.0,1.0,1.18422274,1.18904872,1.16167053,1.18904872,1.17781903,1.18979118,1.17559165,1.18979118,1.1936891,1.19600928,1.17234339,1.19600928,1.20343387,1.21039443,1.18923434,1.21039443,1.20909513,1.21234339,1.19935035,1.21234339
0.1667235,0.16666947,0.16667013,0.16659324,0.16657263,0.16677108,1.0,1.0,1.0,1.0,1.17781903,1.18979118,1.17559165,1.18979118,1.1936891,1.19600928,1.17234339,1.19600928,1.20343387,1.21039443,1.18923434,1.21039443,1.20909513,1.21234339,1.19935035,1.21234339,1.23109049,1.23554524,1.21716937,1.23554524
0.16671987,0.16667286,0.16669111,0.16658555,0.16656487,0.16676578,1.0,1.0,1.0,1.0,1.1936891,1.19600928,1.17234339,1.19600928,1.20343387,1.21039443,1.18923434,1.21039443,1.20909513,1.21234339,1.19935035,1.21234339,1.23109049,1.23554524,1.21716937,1.23554524,1.21169374,1.24863109,1.2025058,1.24863109
0.16671422,0.16668177,0.16671234,0.16657914,0.16655655,0.16675593,1.0,1.0,1.0,1.0,1.20343387,1.21039443,1.18923434,1.21039443,1.20909513,1.21234339,1.19935035,1.21234339,1.23109049,1.23554524,1.21716937,1.23554524,1.21169374,1.24863109,1.2025058,1.24863109,1.19387471,1.2212529,1.19071926,1.2212529
0.16670111,0.16669819,0.16672792,0.16657135,0.16655545,0.16674599,1.0,1.0,1.0,1.0,1.20909513,1.21234339,1.19935035,1.21234339,1.23109049,1.23554524,1.21716937,1.23554524,1.21169374,1.24863109,1.2025058,1.24863109,1.19387471,1.2212529,1.19071926,1.2212529,1.16148492,1.18682135,1.1561949,1.18682135
0.16668426,0.16671881,0.16673978,0.1665685,0.16655254,0.16673613,1.0,1.0,1.0,1.0,1.23109049,1.23554524,1.21716937,1.23554524,1.21169374,1.24863109,1.2025058,1.24863109,1.19387471,1.2212529,1.19071926,1.2212529,1.16148492,1.18682135,1.1561949,1.18682135,1.19675174,1.20770302,1.16287703,1.20770302
0.16666612,0.166737,0.1667461,0.16656883,0.16655642,0.16672546,1.0,1.0,1.0,1.0,1.21169374,1.24863109,1.2025058,1.24863109,1.19387471,1.2212529,1.19071926,1.2212529,1.16148492,1.18682135,1.1561949,1.18682135,1.19675174,1.20770302,1.16287703,1.20770302,1.19443155,1.21178654,1.19034803,1.21178654
0.16666028,0.16675037,0.16675092,0.16657114,0.1665472,0.16672009,1.0,1.0,1.0,1.0,1.19387471,1.2212529,1.19071926,1.2212529,1.16148492,1.18682135,1.1561949,1.18682135,1.19675174,1.20770302,1.16287703,1.20770302,1.19443155,1.21178654,1.19034803,1.21178654,1.1675174,1.19211137,1.16733179,1.19211137
0.16665705,0.16676536,0.16675873,0.16657192,0.1665378,0.16670913,1.0,1.0,1.0,1.0,1.16148492,1.18682135,1.1561949,1.18682135,1.19675174,1.20770302,1.16287703,1.20770302,1.19443155,1.21178654,1.19034803,1.21178654,1.1675174,1.19211137,1.16733179,1.19211137,1.16018561,1.17633411,1.14487239,1.17633411
0.16665646,0.16677916,0.1667674,0.1665715,0.16652672,0.16669875,1.0,1.0,1.0,1.0,1.19675174,1.20770302,1.16287703,1.20770302,1.19443155,1.21178654,1.19034803,1.21178654,1.1675174,1.19211137,1.16733179,1.19211137,1.16018561,1.17633411,1.14487239,1.17633411,1.1625058,1.17011601,1.15099768,1.17011601
0.16665025,0.16678698,0.1667775,0.16657567,0.16651896,0.16669065,1.0,1.0,1.0,1.0,1.19443155,1.21178654,1.19034803,1.21178654,1.1675174,1.19211137,1.16733179,1.19211137,1.16018561,1.17633411,1.14487239,1.17633411,1.1625058,1.17011601,1.15099768,1.17011601,1.18440835,1.18440835,1.17039443,1.18440835
0.16664483,0.16679466,0.16678528,0.16657908,0.16651425,0.16668192,1.0,1.0,1.0,1.0,1.1675174,1.19211137,1.16733179,1.19211137,1.16018561,1.17633411,1.14487239,1.17633411,1.1625058,1.17011601,1.15099768,1.17011601,1.18440835,1.18440835,1.17039443,1.18440835,1.17234339,1.18385151,1.16584687,1.18385151
0.16664936,0.16680132,0.16679566,0.1665728,0.1665107,0.16667013,1.0,1.0,1.0,1.0,1.16018561,1.17633411,1.14487239,1.17633411,1.1625058,1.17011601,1.15099768,1.17011601,1.18440835,1.18440835,1.17039443,1.18440835,1.17234339,1.18385151,1.16584687,1.18385151,1.16807425,1.1775406,1.15842227,1.1775406
0.16666049,0.16680868,0.16680732,0.1665616,0.16650239,0.16665947,1.0,1.0,1.0,1.0,1.1625058,1.17011601,1.15099768,1.17011601,1.18440835,1.18440835,1.17039443,1.18440835,1.17234339,1.18385151,1.16584687,1.18385151,1.16807425,1.1775406,1.15842227,1.1775406,1.16946636,1.18041763,1.16816705,1.18041763
0.16666357,0.16682653,0.16681202,0.16654973,0.16650194,0.1666462,1.0,1.0,1.0,1.0,1.18440835,1.18440835,1.17039443,1.18440835,1.17234339,1.18385151,1.16584687,1.18385151,1.16807425,1.1775406,1.15842227,1.1775406,1.16946636,1.18041763,1.16816705,1.18041763,1.19675174,1.19675174,1.18013921,1.19675174
0.1666651,0.16684604,0.16681744,0.16653705,0.16650191,0.16663246,1.0,1.0,1.0,1.0,1.17234339,1.18385151,1.16584687,1.18385151,1.16807425,1.1775406,1.15842227,1.1775406,1.16946636,1.18041763,1.16816705,1.18041763,1.19675174,1.19675174,1.18013921,1.19675174,1.19508121,1.20176334,1.18988399,1.20176334
0.16667143,0.16686745,0.16682847,0.1665251,0.16649258,0.16661498,1.0,1.0,1.0,1.0,1.16807425,1.1775406,1.15842227,1.1775406,1.16946636,1.18041763,1.16816705,1.18041763,1.19675174,1.19675174,1.18013921,1.19675174,1.19508121,1.20176334,1.18988399,1.20176334,1.20825986,1.21317865,1.1912761,1.21317865
0.1666747,0.16689672,0.16683438,0.16651511,0.1664841,0.16659495,1.0,1.0,1.0,1.0,1.16946636,1.18041763,1.16816705,1.18041763,1.19675174,1.19675174,1.18013921,1.19675174,1.19508121,1.20176334,1.18988399,1.20176334,1.20825986,1.21317865,1.1912761,1.21317865,1.20714617,1.21466357,1.20315545,1.21466357
0.16667572,0.16691919,0.16684498,0.16650248,0.16648161,0.16657607,1.0,1.0,1.0,1.0,1.19675174,1.19675174,1.18013921,1.19675174,1.19508121,1.20176334,1.18988399,1.20176334,1.20825986,1.21317865,1.1912761,1.21317865,1.20714617,1.21466357,1.20315545,1.21466357,1.20705336,1.21559165,1.20037123,1.21559165
0.16667296,0.16694723,0.16685428,0.16648448,0.16648406,0.16655698,1.0,1.0,1.0,1.0,1.19508121,1.20176334,1.18988399,1.20176334,1.20825986,1.21317865,1.1912761,1.21317865,1.20714617,1.21466357,1.20315545,1.21466357,1.20705336,1.21559165,1.20037123,1.21559165,1.21939675,1.22162413,1.20491879,1.22162413
0.16666648,0.16697398,0.16686805,0.16645573,0.16649006,0.16654575,1.0,1.0,1.0,1.0,1.20825986,1.21317865,1.1912761,1.21317865,1.20714617,1.21466357,1.20315545,1.21466357,1.20705336,1.21559165,1.20037123,1.21559165,1.21939675,1.22162413,1.20491879,1.22162413,1.23006961,1.23406032,1.21948956,1.23406032
0.16665572,0.16699591,0.16687362,0.1664322,0.16649494,0.16654767,1.0,1.0,1.0,1.0,1.20714617,1.21466357,1.20315545,1.21466357,1.20705336,1.21559165,1.20037123,1.21559165,1.21939675,1.22162413,1.20491879,1.22162413,1.23006961,1.23406032,1.21948956,1.23406032,1.20296984,1.23350348,1.19832947,1.23350348
0.16665664,0.1670196,0.16687608,0.1664141,0.16648999,0.16654363,1.0,1.0,1.0,1.0,1.20705336,1.21559165,1.20037123,1.21559165,1.21939675,1.22162413,1.20491879,1.22162413,1.23006961,1.23406032,1.21948956,1.23406032,1.20296984,1.23350348,1.19832947,1.23350348,1.22542923,1.227471,1.20696056,1.227471
0.16666335,0.16704623,0.16687772,0.16639498,0.1664796,0.16653813,1.0,1.0,1.0,1.0,1.21939675,1.22162413,1.20491879,1.22162413,1.23006961,1.23406032,1.21948956,1.23406032,1.20296984,1.23350348,1.19832947,1.23350348,1.22542923,1.227471,1.20696056,1.227471,1.22301624,1.22459397,1.21670534,1.22459397
0.16667381,0.16707744,0.1668685,0.16637878,0.16646643,0.16653502,1.0,1.0,1.0,1.0,1.23006961,1.23406032,1.21948956,1.23406032,1.20296984,1.23350348,1.19832947,1.23350348,1.22542923,1.227471,1.20696056,1.227471,1.22301624,1.22459397,1.21670534,1.22459397,1.20909513,1.2199536,1.20556845,1.2199536
0.16668628,0.16710174,0.16685477,0.16636471,0.16646297,0.16652949,1.0,1.0,1.0,1.0,1.20296984,1.23350348,1.19832947,1.23350348,1.22542923,1.227471,1.20696056,1.227471,1.22301624,1.22459397,1.21670534,1.22459397,1.20909513,1.2199536,1.20556845,1.2199536,1.21141531,1.21939675,1.20696056,1.21939675
0.16669792,0.16712113,0.16684525,0.16635168,0.16646142,0.16652259,1.0,1.0,1.0,1.0,1.22542923,1.227471,1.20696056,1.227471,1.22301624,1.22459397,1.21670534,1.22459397,1.20909513,1.2199536,1.20556845,1.2199536,1.21141531,1.21939675,1.20696056,1.21939675,1.20612529,1.21262181,1.20018561,1.21262181
0.16671364,0.16714951,0.1668302,0.1663357,0.16645841,0.16651261,1.0,1.0,1.0,1.0,1.22301624,1.22459397,1.21670534,1.22459397,1.20909513,1.2199536,1.20556845,1.2199536,1.21141531,1.21939675,1.20696056,1.21939675,1.20612529,1.21262181,1.20018561,1.21262181,1.20761021,1.21522042,1.20556845,1.21522042
0.16672923,0.16717246,0.16682042,0.16632122,0.16645253,0.1665041,1.0,1.0,1.0,1.0,1.20909513,1.2199536,1.20556845,1.2199536,1.21141531,1.21939675,1.20696056,1.21939675,1.20612529,1.21262181,1.20018561,1.21262181,1.20761021,1.21522042,1.20556845,1.21522042,1.20055684,1.21187935,1.19638051,1.21187935
0.1667414,0.16719371,0.16681926,0.16630751,0.16644685,0.16649126,1.0,1.0,1.0,1.0,1.21141531,1.21939675,1.20696056,1.21939675,1.20612529,1.21262181,1.20018561,1.21262181,1.20761021,1.21522042,1.20556845,1.21522042,1.20055684,1.21187935,1.19638051,1.21187935,1.19396752,1.20361949,1.1912761,1.20361949
0.16675419,0.16721325,0.1668275,0.16629376,0.16643856,0.1664727,1.0,1.0,1.0,1.0,1.20612529,1.21262181,1.20018561,1.21262181,1.20761021,1.21522042,1.20556845,1.21522042,1.20055684,1.21187935,1.19638051,1.21187935,1.19396752,1.20361949,1.1912761,1.20361949,1.18607889,1.19916473,1.17707657,1.19916473
0.16676113,0.16723447,0.1668291,0.16628157,0.16644071,0.16645302,1.0,1.0,1.0,1.0,1.20761021,1.21522042,1.20556845,1.21522042,1.20055684,1.21187935,1.19638051,1.21187935,1.19396752,1.20361949,1.1912761,1.20361949,1.18607889,1.19916473,1.17707657,1.19916473,1.1825522,1.18867749,1.16584687,1.18867749
0.16676873,0.16724814,0.16682753,0.16627023,0.16644602,0.16643934,1.0,1.0,1.0,1.0,1.20055684,1.21187935,1.19638051,1.21187935,1.19396752,1.20361949,1.1912761,1.20361949,1.18607889,1.19916473,1.17707657,1.19916473,1.1825522,1.18867749,1.16584687,1.18867749,1.19610209,1.20037123,1.18654292,1.20037123
0.16677457,0.16726443,0.16682392,0.16626061,0.16644867,0.16642787,1.0,1.0,1.0,1.0,1.19396752,1.20361949,1.1912761,1.20361949,1.18607889,1.19916473,1.17707657,1.19916473,1.1825522,1.18867749,1.16584687,1.18867749,1.19610209,1.20037123,1.18654292,1.20037123,1.19341067,1.20816705,1.19229698,1.20816705
0.16678575,0.16727847,0.16681871,0.16625413,0.1664424,0.16642052,1.0,1.0,1.0,1.0,1.18607889,1.19916473,1.17707657,1.19916473,1.1825522,1.18867749,1.16584687,1.18867749,1.19610209,1.20037123,1.18654292,1.20037123,1.19341067,1.20816705,1.19229698,1.20816705,1.18023202,1.19099768,1.17967517,1.19099768
0.16679598,0.16728787,0.16681959,0.16624345,0.16643742,0.16641572,1.0,1.0,1.0,1.0,1.1825522,1.18867749,1.16584687,1.18867749,1.19610209,1.20037123,1.18654292,1.20037123,1.19341067,1.20816705,1.19229698,1.20816705,1.18023202,1.19099768,1.17967517,1.19099768,1.17791183,1.18088167,1.16668213,1.18088167
0.1667979,0.16730174,0.16682708,0.16623485,0.1664336,0.16640478,1.0,1.0,1.0,1.0,1.19610209,1.20037123,1.18654292,1.20037123,1.19341067,1.20816705,1.19229698,1.20816705,1.18023202,1.19099768,1.17967517,1.19099768,1.17791183,1.18088167,1.16668213,1.18088167,1.18422274,1.18654292,1.17280742,1.18654292
0.16679658,0.16731322,0.16683723,0.16622885,0.16642699,0.16639715,1.0,1.0,1.0,1.0,1.19341067,1.20816705,1.19229698,1.20816705,1.18023202,1.19099768,1.17967517,1.19099768,1.17791183,1.18088167,1.16668213,1.18088167,1.18422274,1.18654292,1.17280742,1.18654292,1.18143852,1.18682135,1.1762413,1.18682135
0.16680226,0.16731755,0.1668415,0.1662264,0.16642097,0.16639133,1.0,1.0,1.0,1.0,1.18023202,1.19099768,1.17967517,1.19099768,1.17791183,1.18088167,1.16668213,1.18088167,1.18422274,1.18654292,1.17280742,1.18654292,1.18143852,1.18682135,1.1762413,1.18682135,1.18682135,1.19081206,1.18069606,1.19081206
0.1668077,0.16732447,0.1668386,0.1662316,0.16642164,0.16637602,1.0,1.0,1.0,1.0,1.17791183,1.18088167,1.16668213,1.18088167,1.18422274,1.18654292,1.17280742,1.18654292,1.18143852,1.18682135,1.1762413,1.18682135,1.18682135,1.19081206,1.18069606,1.19081206,1.174942,1.1862645,1.17308585,1.1862645
0.16681239,0.1673408,0.16683236,0.16623078,0.16642122,0.16636243,1.0,1.0,1.0,1.0,1.18422274,1.18654292,1.17280742,1.18654292,1.18143852,1.18682135,1.1762413,1.18682135,1.18682135,1.19081206,1.18069606,1.19081206,1.174942,1.1862645,1.17308585,1.1862645,1.18431555,1.18849188,1.17939675,1.18849188
0.16680805,0.16736595,0.1668255,0.16623019,0.16642156,0.16634865,1.0,1.0,1.0,1.0,1.18143852,1.18682135,1.1762413,1.18682135,1.18682135,1.19081206,1.18069606,1.19081206,1.174942,1.1862645,1.17308585,1.1862645,1.18431555,1.18849188,1.17939675,1.18849188,1.17893271,1.18431555,1.1775406,1.18431555
0.16681097,0.16739431,0.16681112,0.16622846,0.16641621,0.16633897,1.0,1.0,1.0,1.0,1.18682135,1.19081206,1.18069606,1.19081206,1.174942,1.1862645,1.17308585,1.1862645,1.18431555,1.18849188,1.17939675,1.18849188,1.17893271,1.18431555,1.1775406,1.18431555,1.18895592,1.20464037,1.17976798,1.20464037
0.1668163,0.16741987,0.16679153,0.16623701,0.1664055,0.16632979,1.0,1.0,1.0,1.0,1.174942,1.1862645,1.17308585,1.1862645,1.18431555,1.18849188,1.17939675,1.18849188,1.17893271,1.18431555,1.1775406,1.18431555,1.18895592,1.20464037,1.17976798,1.20464037,1.18329466,1.19907193,1.18329466,1.19907193
0.16682255,0.16744985,0.16676699,0.16624665,0.16639303,0.1663209,1.0,1.0,1.0,1.0,1.18431555,1.18849188,1.17939675,1.18849188,1.17893271,1.18431555,1.1775406,1.18431555,1.18895592,1.20464037,1.17976798,1.20464037,1.18329466,1.19907193,1.18329466,1.19907193,1.17633411,1.18784223,1.17410673,1.18784223
0.16682756,0.16748439,0.166741,0.16625383,0.16638462,0.16630858,1.0,1.0,1.0,1.0,1.17893271,1.18431555,1.1775406,1.18431555,1.18895592,1.20464037,1.17976798,1.20464037,1.18329466,1.19907193,1.18329466,1.19907193,1.17633411,1.18784223,1.17410673,1.18784223,1.15573086,1.1737355,1.15526682,1.1737355
0.1668375,0.16751343,0.16671737,0.16626647,0.1663725,0.16629276,1.0,1.0,1.0,1.0,1.18895592,1.20464037,1.17976798,1.20464037,1.18329466,1.19907193,1.18329466,1.19907193,1.17633411,1.18784223,1.17410673,1.18784223,1.15573086,1.1737355,1.15526682,1.1737355,1.16399072,1.17048724,1.1587935,1.17048724
0.16683504,0.1675369,0.16669291,0.1662789,0.16637227,0.16628395,1.0,1.0,1.0,1.0,1.18329466,1.19907193,1.18329466,1.19907193,1.17633411,1.18784223,1.17410673,1.18784223,1.15573086,1.1737355,1.15526682,1.1737355,1.16399072,1.17048724,1.1587935,1.17048724,1.174942,1.17809745,1.16928074,1.17809745
0.16683836,0.16755131,0.16667303,0.16628699,0.16637188,0.16627835,1.0,1.0,1.0,1.0,1.17633411,1.18784223,1.17410673,1.18784223,1.15573086,1.1737355,1.15526682,1.1737355,1.16399072,1.17048724,1.1587935,1.17048724,1.174942,1.17809745,1.16928074,1.17809745,1.17345708,1.17577726,1.16723898,1.17577726
0.16684286,0.16755489,0.16666,0.16630003,0.16637117,0.16627105,1.0,1.0,1.0,1.0,1.15573086,1.1737355,1.15526682,1.1737355,1.16399072,1.17048724,1.1587935,1.17048724,1.174942,1.17809745,1.16928074,1.17809745,1.17345708,1.17577726,1.16723898,1.17577726,1.16937355,1.17150812,1.1587007,1.17150812
0.16685289,0.16755894,0.16665469,0.16630141,0.16637316,0.16625889,1.0,1.0,1.0,1.0,1.16399072,1.17048724,1.1587935,1.17048724,1.174942,1.17809745,1.16928074,1.17809745,1.17345708,1.17577726,1.16723898,1.17577726,1.16937355,1.17150812,1.1587007,1.17150812,1.16649652,1.17076566,1.14867749,1.17076566
0.1668751,0.1675619,0.16665025,0.16629688,0.16636664,0.16624923,1.0,1.0,1.0,1.0,1.174942,1.17809745,1.16928074,1.17809745,1.17345708,1.17577726,1.16723898,1.17577726,1.16937355,1.17150812,1.1587007,1.17150812,1.16649652,1.17076566,1.14867749,1.17076566,1.1375406,1.15675174,1.13726218,1.15675174
0.1669014,0.16754994,0.16666111,0.16629183,0.16635618,0.16623953,1.0,1.0,1.0,1.0,1.17345708,1.17577726,1.16723898,1.17577726,1.16937355,1.17150812,1.1587007,1.17150812,1.16649652,1.17076566,1.14867749,1.17076566,1.1375406,1.15675174,1.13726218,1.15675174,1.11433875,1.15136891,1.10645012,1.15136891
0.16692212,0.16753508,0.16666785,0.166294,0.16634193,0.16623908,1.0,1.0,1.0,1.0,1.16937355,1.17150812,1.1587007,1.17150812,1.16649652,1.17076566,1.14867749,1.17076566,1.1375406,1.15675174,1.13726218,1.15675174,1.11433875,1.15136891,1.10645012,1.15136891,1.14412993,1.14941995,1.12491879,1.14941995
0.16694006,0.16752566,0.16666698,0.16630018,0.16632694,0.16624014,1.0,1.0,1.0,1.0,1.16649652,1.17076566,1.14867749,1.17076566,1.1375406,1.15675174,1.13726218,1.15675174,1.11433875,1.15136891,1.10645012,1.15136891,1.14412993,1.14941995,1.12491879,1.14941995,1.1662181,1.16705336,1.1537819,1.16705336
0.16696817,0.16752397,0.16666493,0.16629523,0.16630302,0.16624463,1.0,1.0,1.0,1.0,1.1375406,1.15675174,1.13726218,1.15675174,1.11433875,1.15136891,1.10645012,1.15136891,1.14412993,1.14941995,1.12491879,1.14941995,1.1662181,1.16705336,1.1537819,1.16705336,1.16575406,1.17280742,1.16046404,1.17280742
0.16699556,0.16751802,0.16665885,0.16629311,0.16628355,0.16625096,1.0,1.0,1.0,1.0,1.11433875,1.15136891,1.10645012,1.15136891,1.14412993,1.14941995,1.12491879,1.14941995,1.1662181,1.16705336,1.1537819,1.16705336,1.16575406,1.17280742,1.16046404,1.17280742,1.17698376,1.1800464,1.16547564,1.1800464
0.16703016,0.16752626,0.16664016,0.16629212,0.16625972,0.16625164,1.0,1.0,1.0,1.0,1.14412993,1.14941995,1.12491879,1.14941995,1.1662181,1.16705336,1.1537819,1.16705336,1.16575406,1.17280742,1.16046404,1.17280742,1.17698376,1.1800464,1.16547564,1.1800464,1.19266821,1.19322506,1.18190255,1.19322506
0.1670601,0.16752754,0.16662663,0.16629325,0.166235,0.16625747,1.0,1.0,1.0,1.0,1.1662181,1.16705336,1.1537819,1.16705336,1.16575406,1.17280742,1.16046404,1.17280742,1.17698376,1.1800464,1.16547564,1.1800464,1.19266821,1.19322506,1.18190255,1.19322506,1.20296984,1.20296984,1.19081206,1.20296984
0.16708595,0.1675264,0.1666191,0.16629073,0.1662098,0.166268,1.0,1.0,1.0,1.0,1.16575406,1.17280742,1.16046404,1.17280742,1.17698376,1.1800464,1.16547564,1.1800464,1.19266821,1.19322506,1.18190255,1.19322506,1.20296984,1.20296984,1.19081206,1.20296984,1.22570766,1.23406032,1.21299304,1.23406032
0.16710603,0.16752174,0.16661334,0.16629128,0.16618264,0.16628495,1.0,1.0,1.0,1.0,1.17698376,1.1800464,1.16547564,1.1800464,1.19266821,1.19322506,1.18190255,1.19322506,1.20296984,1.20296984,1.19081206,1.20296984,1.22570766,1.23406032,1.21299304,1.23406032,1.21345708,1.23359629,1.20946636,1.23359629
0.16712964,0.16752657,0.16660123,0.16629767,0.16614453,0.16630042,1.0,1.0,1.0,1.0,1.19266821,1.19322506,1.18190255,1.19322506,1.20296984,1.20296984,1.19081206,1.20296984,1.22570766,1.23406032,1.21299304,1.23406032,1.21345708,1.23359629,1.20946636,1.23359629,1.16213457,1.16473318,1.13215777,1.16473318
0.16714568,0.16753426,0.16658702,0.1663042,0.16611165,0.16631724,1.0,1.0,1.0,1.0,1.20296984,1.20296984,1.19081206,1.20296984,1.22570766,1.23406032,1.21299304,1.23406032,1.21345708,1.23359629,1.20946636,1.23359629,1.16213457,1.16473318,1.13215777,1.16473318,1.16157773,1.17948956,1.16064965,1.17948956
0.167148,0.1675312,0.16657403,0.16632095,0.16608888,0.16633691,1.0,1.0,1.0,1.0,1.22570766,1.23406032,1.21299304,1.23406032,1.21345708,1.23359629,1.20946636,1.23359629,1.16213457,1.16473318,1.13215777,1.16473318,1.16157773,1.17948956,1.16064965,1.17948956,1.15545244,1.16696056,1.14988399,1.16696056
0.1671419,0.16751182,0.16656628,0.16633633,0.16608185,0.16636178,1.0,1.0,1.0,1.0,1.21345708,1.23359629,1.20946636,1.23359629,1.16213457,1.16473318,1.13215777,1.16473318,1.16157773,1.17948956,1.16064965,1.17948956,1.15545244,1.16696056,1.14988399,1.16696056,1.13939675,1.14719258,1.13336427,1.14719258
0.16713576,0.1675102,0.16654974,0.1663486,0.16607793,0.16637771,1.0,1.0,1.0,1.0,1.16213457,1.16473318,1.13215777,1.16473318,1.16157773,1.17948956,1.16064965,1.17948956,1.15545244,1.16696056,1.14988399,1.16696056,1.13939675,1.14719258,1.13336427,1.14719258,1.145058,1.1499768,1.13735499,1.1499768
0.16714829,0.16750611,0.16654348,0.16634834,0.16605875,0.16639501,1.0,1.0,1.0,1.0,1.16157773,1.17948956,1.16064965,1.17948956,1.15545244,1.16696056,1.14988399,1.16696056,1.13939675,1.14719258,1.13336427,1.14719258,1.145058,1.1499768,1.13735499,1.1499768,1.14143852,1.14617169,1.13475638,1.14617169
0.16715814,0.16750486,0.16652542,0.16635412,0.16605118,0.16640627,1.0,1.0,1.0,1.0,1.15545244,1.16696056,1.14988399,1.16696056,1.13939675,1.14719258,1.13336427,1.14719258,1.145058,1.1499768,1.13735499,1.1499768,1.14143852,1.14617169,1.13475638,1.14617169,1.13568445,1.1375406,1.12955916,1.1375406
0.1671566,0.16750705,0.16651496,0.16635194,0.16604997,0.16641942,1.0,1.0,1.0,1.0,1.13939675,1.14719258,1.13336427,1.14719258,1.145058,1.1499768,1.13735499,1.1499768,1.14143852,1.14617169,1.13475638,1.14617169,1.13568445,1.1375406,1.12955916,1.1375406,1.12575406,1.13819026,1.12213457,1.13819026
0.16715069,0.16751608,0.1665067,0.16634436,0.1660442,0.16643795,1.0,1.0,1.0,1.0,1.145058,1.1499768,1.13735499,1.1499768,1.14143852,1.14617169,1.13475638,1.14617169,1.13568445,1.1375406,1.12955916,1.1375406,1.12575406,1.13819026,1.12213457,1.13819026,1.09921114,1.1375406,1.09067285,1.1375406
0.16714644,0.16751948,0.16649504,0.16633752,0.16604517,0.16645637,1.0,1.0,1.0,1.0,1.14143852,1.14617169,1.13475638,1.14617169,1.13568445,1.1375406,1.12955916,1.1375406,1.12575406,1.13819026,1.12213457,1.13819026,1.09921114,1.1375406,1.09067285,1.1375406,1.06394432,1.09234339,1.05104408,1.09234339
0.16715199,0.16754077,0.1664732,0.16633177,0.16603878,0.16646346,1.0,1.0,1.0,1.0,1.13568445,1.1375406,1.12955916,1.1375406,1.12575406,1.13819026,1.12213457,1.13819026,1.09921114,1.1375406,1.09067285,1.1375406,1.06394432,1.09234339,1.05104408,1.09234339,1.07099768,1.08993039,1.04037123,1.08993039
0.16717058,0.16756539,0.16644081,0.16632979,0.1660256,0.16646774,1.0,1.0,1.0,1.0,1.12575406,1.13819026,1.12213457,1.13819026,1.09921114,1.1375406,1.09067285,1.1375406,1.06394432,1.09234339,1.05104408,1.09234339,1.07099768,1.08993039,1.04037123,1.08993039,1.06849188,1.0812065,1.05902552,1.0812065
0.16718708,0.16758586,0.16641392,0.16632439,0.1660115,0.16647732,1.0,1.0,1.0,1.0,1.09921114,1.1375406,1.09067285,1.1375406,1.06394432,1.09234339,1.05104408,1.09234339,1.07099768,1.08993039,1.04037123,1.08993039,1.06849188,1.0812065,1.05902552,1.0812065,1.07211137,1.07888631,1.06264501,1.07888631
0.1672095,0.16760215,0.16638263,0.16632709,0.1659925,0.1664861,1.0,1.0,1.0,1.0,1.06394432,1.09234339,1.05104408,1.09234339,1.07099768,1.08993039,1.04037123,1.08993039,1.06849188,1.0812065,1.05902552,1.0812065,1.07211137,1.07888631,1.06264501,1.07888631,1.11109049,1.11359629,1.08148492,1.11359629
0.16724311,0.1676274,0.16633849,0.16633762,0.16596536,0.16648802,1.0,1.0,1.0,1.0,1.07099768,1.08993039,1.04037123,1.08993039,1.06849188,1.0812065,1.05902552,1.0812065,1.07211137,1.07888631,1.06264501,1.07888631,1.11109049,1.11359629,1.08148492,1.11359629,1.05327146,1.09679814,1.05178654,1.09679814
0.1672692,0.16764492,0.16629404,0.16635443,0.16594596,0.16649139,1.0,1.0,1.0,1.0,1.06849188,1.0812065,1.05902552,1.0812065,1.07211137,1.07888631,1.06264501,1.07888631,1.11109049,1.11359629,1.08148492,1.11359629,1.05327146,1.09679814,1.05178654,1.09679814,1.06951276,1.07118329,1.0174478,1.07118329
0.16729131,0.1676776,0.16624524,0.1663705,0.1659224,0.166493,1.0,1.0,1.0,1.0,1.07211137,1.07888631,1.06264501,1.07888631,1.11109049,1.11359629,1.08148492,1.11359629,1.05327146,1.09679814,1.05178654,1.09679814,1.06951276,1.07118329,1.0174478,1.07118329,1.06867749,1.08027842,1.06301624,1.08027842
0.16730094,0.16771525,0.16619332,0.16638932,0.16590472,0.1664965,1.0,1.0,1.0,1.0,1.11109049,1.11359629,1.08148492,1.11359629,1.05327146,1.09679814,1.05178654,1.09679814,1.06951276,1.07118329,1.0174478,1.07118329,1.06867749,1.08027842,1.06301624,1.08027842,1.0761949,1.07944316,1.05809745,1.07944316
0.16730694,0.16773763,0.16615368,0.16640726,0.16588983,0.16650464,1.0,1.0,1.0,1.0,1.05327146,1.09679814,1.05178654,1.09679814,1.06951276,1.07118329,1.0174478,1.07118329,1.06867749,1.08027842,1.06301624,1.08027842,1.0761949,1.07944316,1.05809745,1.07944316,1.08733179,1.09187935,1.07192575,1.09187935
0.16731295,0.16777484,0.16610833,0.16641895,0.16588016,0.16650479,1.0,1.0,1.0,1.0,1.06951276,1.07118329,1.0174478,1.07118329,1.06867749,1.08027842,1.06301624,1.08027842,1.0761949,1.07944316,1.05809745,1.07944316,1.08733179,1.09187935,1.07192575,1.09187935,1.0812065,1.08993039,1.07665893,1.08993039
0.16730927,0.16781856,0.16606478,0.16643813,0.16586751,0.16650176,1.0,1.0,1.0,1.0,1.06867749,1.08027842,1.06301624,1.08027842,1.0761949,1.07944316,1.05809745,1.07944316,1.08733179,1.09187935,1.07192575,1.09187935,1.0812065,1.08993039,1.07665893,1.08993039,1.06737819,1.08139211,1.06431555,1.08139211
0.1673052,0.16785574,0.16602929,0.1664578,0.16585639,0.16649556,1.0,1.0,1.0,1.0,1.0761949,1.07944316,1.05809745,1.07944316,1.08733179,1.09187935,1.07192575,1.09187935,1.0812065,1.08993039,1.07665893,1.08993039,1.06737819,1.08139211,1.06431555,1.08139211,1.04547564,1.0612529,1.03600928,1.0612529
0.16729036,0.16788587,0.1660001,0.16647509,0.16584232,0.1665063,1.0,1.0,1.0,1.0,1.08733179,1.09187935,1.07192575,1.09187935,1.0812065,1.08993039,1.07665893,1.08993039,1.06737819,1.08139211,1.06431555,1.08139211,1.04547564,1.0612529,1.03600928,1.0612529,0.98153132,1.03851508,0.98041763,1.03851508
0.16726577,0.16789412,0.16599041,0.1664773,0.16585094,0.1665215,1.0,1.0,1.0,1.0,1.0812065,1.08993039,1.07665893,1.08993039,1.06737819,1.08139211,1.06431555,1.08139211,1.04547564,1.0612529,1.03600928,1.0612529,0.98153132,1.03851508,0.98041763,1.03851508,0.95703016,1.00974478,0.85382831,1.00974478
0.16722994,0.16788486,0.16599272,0.16648391,0.16586627,0.16654232,1.0,1.0,1.0,1.0,1.06737819,1.08139211,1.06431555,1.08139211,1.04547564,1.0612529,1.03600928,1.0612529,0.98153132,1.03851508,0.98041763,1.03851508,0.95703016,1.00974478,0.85382831,1.00974478,0.96278422,1.03118329,0.96055684,1.03118329
0.16720095,0.16788849,0.16599637,0.16647832,0.16587229,0.16656357,1.0,1.0,1.0,1.0,1.04547564,1.0612529,1.03600928,1.0612529,0.98153132,1.03851508,0.98041763,1.03851508,0.95703016,1.00974478,0.85382831,1.00974478,0.96278422,1.03118329,0.96055684,1.03118329,1.01800464,1.01986079,0.974942,1.01986079
0.16719188,0.16791452,0.16599283,0.16646792,0.16586216,0.16657066,1.0,1.0,1.0,1.0,0.98153132,1.03851508,0.98041763,1.03851508,0.95703016,1.00974478,0.85382831,1.00974478,0.96278422,1.03118329,0.96055684,1.03118329,1.01800464,1.01986079,0.974942,1.01986079,1.04798144,1.05095128,1.02106729,1.05095128
0.16719955,0.16795877,0.16598453,0.16645727,0.16582133,0.16657855,1.0,1.0,1.0,1.0,0.95703016,1.00974478,0.85382831,1.00974478,0.96278422,1.03118329,0.96055684,1.03118329,1.01800464,1.01986079,0.974942,1.01986079,1.04798144,1.05095128,1.02106729,1.05095128,1.05141531,1.05160093,1.03517401,1.05160093
0.16721985,0.16801383,0.1659762,0.16644706,0.16576351,0.1665795,1.0,1.0,1.0,1.0,0.96278422,1.03118329,0.96055684,1.03118329,1.01800464,1.01986079,0.974942,1.01986079,1.04798144,1.05095128,1.02106729,1.05095128,1.05141531,1.05160093,1.03517401,1.05160093,1.04649652,1.06292343,1.03944316,1.06292343
0.16724217,0.16804641,0.16596507,0.16644895,0.16571073,0.1665867,1.0,1.0,1.0,1.0,1.01800464,1.01986079,0.974942,1.01986079,1.04798144,1.05095128,1.02106729,1.05095128,1.05141531,1.05160093,1.03517401,1.05160093,1.04649652,1.06292343,1.03944316,1.06292343,0.99972158,1.03832947,0.99638051,1.03832947
0.16726527,0.16810271,0.16595203,0.16644847,0.16565126,0.16658019,1.0,1.0,1.0,1.0,1.04798144,1.05095128,1.02106729,1.05095128,1.05141531,1.05160093,1.03517401,1.05160093,1.04649652,1.06292343,1.03944316,1.06292343,0.99972158,1.03832947,0.99638051,1.03832947,1.04259861,1.04259861,1.01280742,1.04259861
0.16728988,0.16813846,0.1659493,0.16643748,0.16559875,0.16658618,1.0,1.0,1.0,1.0,1.05141531,1.05160093,1.03517401,1.05160093,1.04649652,1.06292343,1.03944316,1.06292343,0.99972158,1.03832947,0.99638051,1.03832947,1.04259861,1.04259861,1.01280742,1.04259861,1.02431555,1.04668213,1.0212529,1.04668213
0.16731898,0.1681586,0.16595128,0.16642718,0.16554964,0.16659428,1.0,1.0,1.0,1.0,1.04649652,1.06292343,1.03944316,1.06292343,0.99972158,1.03832947,0.99638051,1.03832947,1.04259861,1.04259861,1.01280742,1.04259861,1.02431555,1.04668213,1.0212529,1.04668213,1.01410673,1.025058,1.00705336,1.025058
0.16734672,0.16819263,0.1659452,0.16642095,0.16549653,0.16659796,1.0,1.0,1.0,1.0,0.99972158,1.03832947,0.99638051,1.03832947,1.04259861,1.04259861,1.01280742,1.04259861,1.02431555,1.04668213,1.0212529,1.04668213,1.01410673,1.025058,1.00705336,1.025058,1.04232019,1.04464037,1.02385151,1.04464037
0.16737323,0.16823468,0.16593948,0.16640864,0.16544467,0.16659929,1.0,1.0,1.0,1.0,1.04259861,1.04259861,1.01280742,1.04259861,1.02431555,1.04668213,1.0212529,1.04668213,1.01410673,1.025058,1.00705336,1.025058,1.04232019,1.04464037,1.02385151,1.04464037,1.02227378,1.05819026,1.0187471,1.05819026
0.16737385,0.16828035,0.16593917,0.16639629,0.16541994,0.16659038,1.0,1.0,1.0,1.0,1.02431555,1.04668213,1.0212529,1.04668213,1.01410673,1.025058,1.00705336,1.025058,1.04232019,1.04464037,1.02385151,1.04464037,1.02227378,1.05819026,1.0187471,1.05819026,1.04473318,1.05132251,1.0199536,1.05132251
0.16737255,0.16834165,0.16592713,0.16638595,0.16539004,0.16658266,1.0,1.0,1.0,1.0,1.01410673,1.025058,1.00705336,1.025058,1.04232019,1.04464037,1.02385151,1.04464037,1.02227378,1.05819026,1.0187471,1.05819026,1.04473318,1.05132251,1.0199536,1.05132251,1.0599536,1.0599536,1.03721578,1.0599536
0.16738994,0.16844097,0.16590182,0.16636404,0.16533546,0.16656771,1.0,1.0,1.0,1.0,1.04232019,1.04464037,1.02385151,1.04464037,1.02227378,1.05819026,1.0187471,1.05819026,1.04473318,1.05132251,1.0199536,1.05132251,1.0599536,1.0599536,1.03721578,1.0599536,1.07016241,1.08482599,1.06598608,1.08482599
0.1674084,0.16853817,0.16587767,0.1663442,0.16528247,0.16654904,1.0,1.0,1.0,1.0,1.02227378,1.05819026,1.0187471,1.05819026,1.04473318,1.05132251,1.0199536,1.05132251,1.0599536,1.0599536,1.03721578,1.0599536,1.07016241,1.08482599,1.06598608,1.08482599,1.07916473,1.08148492,1.06190255,1.08148492
0.1674092,0.16864987,0.16585054,0.16632345,0.16522758,0.16653939,1.0,1.0,1.0,1.0,1.04473318,1.05132251,1.0199536,1.05132251,1.0599536,1.0599536,1.03721578,1.0599536,1.07016241,1.08482599,1.06598608,1.08482599,1.07916473,1.08148492,1.06190255,1.08148492,1.08037123,1.08157773,1.07136891,1.08157773
0.1674213,0.16875127,0.16581963,0.16631603,0.16515797,0.16653386,1.0,1.0,1.0,1.0,1.0599536,1.0599536,1.03721578,1.0599536,1.07016241,1.08482599,1.06598608,1.08482599,1.07916473,1.08148492,1.06190255,1.08148492,1.08037123,1.08157773,1.07136891,1.08157773,1.05726218,1.08111369,1.05540603,1.08111369
0.1674125,0.16883974,0.16577235,0.16632052,0.1651309,0.16652392,1.0,1.0,1.0,1.0,1.07016241,1.08482599,1.06598608,1.08482599,1.07916473,1.08148492,1.06190255,1.08148492,1.08037123,1.08157773,1.07136891,1.08157773,1.05726218,1.08111369,1.05540603,1.08111369,1.05290023,1.06078886,1.03823666,1.06078886
0.16739708,0.16893303,0.16573258,0.1663271,0.16509968,0.16651046,1.0,1.0,1.0,1.0,1.07916473,1.08148492,1.06190255,1.08148492,1.08037123,1.08157773,1.07136891,1.08157773,1.05726218,1.08111369,1.05540603,1.08111369,1.05290023,1.06078886,1.03823666,1.06078886,1.06923434,1.07071926,1.05484919,1.07071926
0.16737624,0.16904716,0.16569583,0.16631493,0.16506724,0.16649856,1.0,1.0,1.0,1.0,1.08037123,1.08157773,1.07136891,1.08157773,1.05726218,1.08111369,1.05540603,1.08111369,1.05290023,1.06078886,1.03823666,1.06078886,1.06923434,1.07071926,1.05484919,1.07071926,1.05243619,1.05967517,1.04426914,1.05967517
0.16736324,0.16913821,0.16566662,0.1662868,0.16503927,0.16650593,1.0,1.0,1.0,1.0,1.05726218,1.08111369,1.05540603,1.08111369,1.05290023,1.06078886,1.03823666,1.06078886,1.06923434,1.07071926,1.05484919,1.07071926,1.05243619,1.05967517,1.04426914,1.05967517,1.06097448,1.06468677,1.05150812,1.06468677
0.16736984,0.16923358,0.16563582,0.16625072,0.16500352,0.1665065,1.0,1.0,1.0,1.0,1.05290023,1.06078886,1.03823666,1.06078886,1.06923434,1.07071926,1.05484919,1.07071926,1.05243619,1.05967517,1.04426914,1.05967517,1.06097448,1.06468677,1.05150812,1.06468677,1.06728538,1.07192575,1.04287703,1.07192575
0.16737597,0.1693399,0.1655984,0.16621535,0.16495839,0.16651207,1.0,1.0,1.0,1.0,1.06923434,1.07071926,1.05484919,1.07071926,1.05243619,1.05967517,1.04426914,1.05967517,1.06097448,1.06468677,1.05150812,1.06468677,1.06728538,1.07192575,1.04287703,1.07192575,1.06459397,1.08296984,1.05819026,1.08296984
0.16740051,0.16941747,0.16556635,0.16618314,0.16493121,0.16650128,1.0,1.0,1.0,1.0,1.05243619,1.05967517,1.04426914,1.05967517,1.06097448,1.06468677,1.05150812,1.06468677,1.06728538,1.07192575,1.04287703,1.07192575,1.06459397,1.08296984,1.05819026,1.08296984,1.04352668,1.06329466,1.04352668,1.06329466
0.16740362,0.1695345,0.16552718,0.16616276,0.16489956,0.16647235,1.0,1.0,1.0,1.0,1.06097448,1.06468677,1.05150812,1.06468677,1.06728538,1.07192575,1.04287703,1.07192575,1.06459397,1.08296984,1.05819026,1.08296984,1.04352668,1.06329466,1.04352668,1.06329466,1.01215777,1.05345708,1.00102088,1.05345708
0.1674162,0.16963327,0.16548999,0.16616394,0.16486515,0.16643143,1.0,1.0,1.0,1.0,1.06728538,1.07192575,1.04287703,1.07192575,1.06459397,1.08296984,1.05819026,1.08296984,1.04352668,1.06329466,1.04352668,1.06329466,1.01215777,1.05345708,1.00102088,1.05345708,1.02366589,1.03517401,1.00909513,1.03517401
0.16742118,0.1697102,0.16547187,0.16616267,0.16484669,0.16638733,1.0,1.0,1.0,1.0,1.06459397,1.08296984,1.05819026,1.08296984,1.04352668,1.06329466,1.04352668,1.06329466,1.01215777,1.05345708,1.00102088,1.05345708,1.02366589,1.03517401,1.00909513,1.03517401,1.01698376,1.01735499,0.99591647,1.01735499
0.16742457,0.16977862,0.16545066,0.1661703,0.16483563,0.16634026,1.0,1.0,1.0,1.0,1.04352668,1.06329466,1.04352668,1.06329466,1.01215777,1.05345708,1.00102088,1.05345708,1.02366589,1.03517401,1.00909513,1.03517401,1.01698376,1.01735499,0.99591647,1.01735499,1.02440835,1.03025522,0.99814385,1.03025522
0.1674206,0.169853,0.16544034,0.16616778,0.164828,0.16629025,1.0,1.0,1.0,1.0,1.01215777,1.05345708,1.00102088,1.05345708,1.02366589,1.03517401,1.00909513,1.03517401,1.01698376,1.01735499,0.99591647,1.01735499,1.02440835,1.03025522,0.99814385,1.03025522,1.02812065,1.03359629,1.01225058,1.03359629
0.1674038,0.1699423,0.16544816,0.16616976,0.16481899,0.1662169,1.0,1.0,1.0,1.0,1.02366589,1.03517401,1.00909513,1.03517401,1.01698376,1.01735499,0.99591647,1.01735499,1.02440835,1.03025522,0.99814385,1.03025522,1.02812065,1.03359629,1.01225058,1.03359629,1.03303944,1.03703016,1.0187471,1.03703016
0.16739388,0.17007399,0.16543166,0.16615881,0.16481772,0.16612402,1.0,1.0,1.0,1.0,1.01698376,1.01735499,0.99591647,1.01735499,1.02440835,1.03025522,0.99814385,1.03025522,1.02812065,1.03359629,1.01225058,1.03359629,1.03303944,1.03703016,1.0187471,1.03703016,1.02812065,1.03730858,1.01540603,1.03730858
0.16741113,0.17017733,0.16539524,0.16615133,0.16482082,0.16604418,1.0,1.0,1.0,1.0,1.02440835,1.03025522,0.99814385,1.03025522,1.02812065,1.03359629,1.01225058,1.03359629,1.03303944,1.03703016,1.0187471,1.03703016,1.02812065,1.03730858,1.01540603,1.03730858,1.0162413,1.02264501,1.00426914,1.02264501
0.16745079,0.17025118,0.16535771,0.1661508,0.16482043,0.165969,1.0,1.0,1.0,1.0,1.02812065,1.03359629,1.01225058,1.03359629,1.03303944,1.03703016,1.0187471,1.03703016,1.02812065,1.03730858,1.01540603,1.03730858,1.0162413,1.02264501,1.00426914,1.02264501,1.04055684,1.04204176,1.01614849,1.04204176
0.16748375,0.17032906,0.16533957,0.16615936,0.1648022,0.1658861,1.0,1.0,1.0,1.0,1.03303944,1.03703016,1.0187471,1.03703016,1.02812065,1.03730858,1.01540603,1.03730858,1.0162413,1.02264501,1.00426914,1.02264501,1.04055684,1.04204176,1.01614849,1.04204176,1.03573086,1.04640371,1.03424594,1.04640371
0.1675105,0.17041096,0.16531852,0.16616727,0.16480179,0.16579098,1.0,1.0,1.0,1.0,1.02812065,1.03730858,1.01540603,1.03730858,1.0162413,1.02264501,1.00426914,1.02264501,1.04055684,1.04204176,1.01614849,1.04204176,1.03573086,1.04640371,1.03424594,1.04640371,1.0374942,1.04361949,1.02719258,1.04361949
0.16755539,0.17047238,0.16530223,0.16616495,0.16479386,0.16571116,1.0,1.0,1.0,1.0,1.0162413,1.02264501,1.00426914,1.02264501,1.04055684,1.04204176,1.01614849,1.04204176,1.03573086,1.04640371,1.03424594,1.04640371,1.0374942,1.04361949,1.02719258,1.04361949,1.02283063,1.0349884,1.01679814,1.0349884
0.16761133,0.17054522,0.16527787,0.1661537,0.16476357,0.16564825,1.0,1.0,1.0,1.0,1.04055684,1.04204176,1.01614849,1.04204176,1.03573086,1.04640371,1.03424594,1.04640371,1.0374942,1.04361949,1.02719258,1.04361949,1.02283063,1.0349884,1.01679814,1.0349884,1.03814385,1.04037123,1.02542923,1.04037123
0.16764303,0.17058282,0.16526075,0.16615745,0.1647587,0.16559727,1.0,1.0,1.0,1.0,1.03573086,1.04640371,1.03424594,1.04640371,1.0374942,1.04361949,1.02719258,1.04361949,1.02283063,1.0349884,1.01679814,1.0349884,1.03814385,1.04037123,1.02542923,1.04037123,1.03053364,1.03944316,1.02580046,1.03944316
0.16766289,0.17061673,0.1652724,0.16614908,0.16474806,0.16555078,1.0,1.0,1.0,1.0,1.0374942,1.04361949,1.02719258,1.04361949,1.02283063,1.0349884,1.01679814,1.0349884,1.03814385,1.04037123,1.02542923,1.04037123,1.03053364,1.03944316,1.02580046,1.03944316,1.03693735,1.03712297,1.02190255,1.03712297
0.16766843,0.17066622,0.16529317,0.1661473,0.16474052,0.16548434,1.0,1.0,1.0,1.0,1.02283063,1.0349884,1.01679814,1.0349884,1.03814385,1.04037123,1.02542923,1.04037123,1.03053364,1.03944316,1.02580046,1.03944316,1.03693735,1.03712297,1.02190255,1.03712297,1.05587007,1.05958237,1.02849188,1.05958237
0.1676628,0.17075694,0.16529845,0.16617692,0.16471031,0.16539454,1.0,1.0,1.0,1.0,1.03814385,1.04037123,1.02542923,1.04037123,1.03053364,1.03944316,1.02580046,1.03944316,1.03693735,1.03712297,1.02190255,1.03712297,1.05587007,1.05958237,1.02849188,1.05958237,1.05577726,1.07266821,1.05522042,1.07266821
0.16766594,0.17083733,0.16528988,0.16619429,0.16468266,0.16532992,1.0,1.0,1.0,1.0,1.03053364,1.03944316,1.02580046,1.03944316,1.03693735,1.03712297,1.02190255,1.03712297,1.05587007,1.05958237,1.02849188,1.05958237,1.05577726,1.07266821,1.05522042,1.07266821,1.07192575,1.07192575,1.05893271,1.07192575
0.16770002,0.17096686,0.16525806,0.16621749,0.16460712,0.16525047,1.0,1.0,1.0,1.0,1.03693735,1.03712297,1.02190255,1.03712297,1.05587007,1.05958237,1.02849188,1.05958237,1.05577726,1.07266821,1.05522042,1.07266821,1.07192575,1.07192575,1.05893271,1.07192575,1.10515081,1.10654292,1.07962877,1.10654292
0.16772564,0.17109773,0.16522567,0.16623907,0.16454907,0.16516283,1.0,1.0,1.0,1.0,1.05587007,1.05958237,1.02849188,1.05958237,1.05577726,1.07266821,1.05522042,1.07266821,1.07192575,1.07192575,1.05893271,1.07192575,1.10515081,1.10654292,1.07962877,1.10654292,1.06988399,1.09633411,1.06654292,1.09633411
0.16774315,0.17117508,0.16520749,0.16626103,0.16453438,0.16507882,1.0,1.0,1.0,1.0,1.05577726,1.07266821,1.05522042,1.07266821,1.07192575,1.07192575,1.05893271,1.07192575,1.10515081,1.10654292,1.07962877,1.10654292,1.06988399,1.09633411,1.06654292,1.09633411,1.06310905,1.08157773,1.05791183,1.08157773
0.16772029,0.17128262,0.1651875,0.16632535,0.16449931,0.16498494,1.0,1.0,1.0,1.0,1.07192575,1.07192575,1.05893271,1.07192575,1.10515081,1.10654292,1.07962877,1.10654292,1.06988399,1.09633411,1.06654292,1.09633411,1.06310905,1.08157773,1.05791183,1.08157773,1.10691415,1.10719258,1.07712297,1.10719258
0.16771196,0.1714046,0.16516894,0.16638802,0.1644498,0.16487671,1.0,1.0,1.0,1.0,1.10515081,1.10654292,1.07962877,1.10654292,1.06988399,1.09633411,1.06654292,1.09633411,1.06310905,1.08157773,1.05791183,1.08157773,1.10691415,1.10719258,1.07712297,1.10719258,1.11860789,1.12009281,1.09763341,1.12009281
0.16770497,0.17154402,0.16512598,0.16645314,0.16441907,0.1647528,1.0,1.0,1.0,1.0,1.06988399,1.09633411,1.06654292,1.09633411,1.06310905,1.08157773,1.05791183,1.08157773,1.10691415,1.10719258,1.07712297,1.10719258,1.11860789,1.12009281,1.09763341,1.12009281,1.10904872,1.1250116,1.10858469,1.1250116
0.1677444,0.1717365,0.16505009,0.16651772,0.16437171,0.16457957,1.0,1.0,1.0,1.0,1.06310905,1.08157773,1.05791183,1.08157773,1.10691415,1.10719258,1.07712297,1.10719258,1.11860789,1.12009281,1.09763341,1.12009281,1.10904872,1.1250116,1.10858469,1.1250116,1.12464037,1.1263109,1.11006961,1.1263109
