Action_Cash,Action_BMW.DE,Action_MBG.DE,Action_FORD,Action_GM,Action_AZO,State_Cash_close_L1,State_Cash_high_L1,State_Cash_low_L1,State_Cash_open_L1,State_BMW.DE_close_L1,State_BMW.DE_high_L1,State_BMW.DE_low_L1,State_BMW.DE_open_L1,State_MBG.DE_close_L1,State_MBG.DE_high_L1,State_MBG.DE_low_L1,State_MBG.DE_open_L1,State_FORD_close_L1,State_FORD_high_L1,State_FORD_low_L1,State_FORD_open_L1,State_GM_close_L1,State_GM_high_L1,State_GM_low_L1,State_GM_open_L1,State_AZO_close_L1,State_AZO_high_L1,State_AZO_low_L1,State_AZO_open_L1
0.16662076,0.16673993,0.16661903,0.16669321,0.16664842,0.16667876,1.0,1.0,1.0,1.0,1.02561449,1.0402512,1.02404627,1.0402512,1.04652412,1.04826656,1.03589508,1.04826656,1.05105443,1.05663031,1.04408455,1.05663031,1.01742491,1.04025121,1.01515969,1.04025121,1.02369772,1.04007686,1.01585662,1.04007686
0.16662079,0.16674018,0.1666188,0.16669302,0.16664828,0.16667897,1.0,1.0,1.0,1.0,1.04652412,1.04826656,1.03589508,1.04826656,1.05105443,1.05663031,1.04408455,1.05663031,1.01742491,1.04025121,1.01515969,1.04025121,1.02369772,1.04007686,1.01585662,1.04007686,1.02073558,1.02369774,1.01080347,1.02369774
0.16662072,0.16674052,0.16661835,0.1666932,0.16664839,0.16667892,1.0,1.0,1.0,1.0,1.05105443,1.05663031,1.04408455,1.05663031,1.01742491,1.04025121,1.01515969,1.04025121,1.02369772,1.04007686,1.01585662,1.04007686,1.02073558,1.02369774,1.01080347,1.02369774,1.01481115,1.02805385,1.00139417,1.02805385
0.16662054,0.16674055,0.1666183,0.16669315,0.16664845,0.16667894,1.0,1.0,1.0,1.0,1.01742491,1.04025121,1.01515969,1.04025121,1.02369772,1.04007686,1.01585662,1.04007686,1.02073558,1.02369774,1.01080347,1.02369774,1.01481115,1.02805385,1.00139417,1.02805385,1.01672785,1.02700839,1.01620513,1.02700839
0.1666206,0.16674072,0.16661823,0.166693,0.16664839,0.16667908,1.0,1.0,1.0,1.0,1.02369772,1.04007686,1.01585662,1.04007686,1.02073558,1.02369774,1.01080347,1.02369774,1.01481115,1.02805385,1.00139417,1.02805385,1.01672785,1.02700839,1.01620513,1.02700839,1.00156824,1.01184878,0.98658304,1.01184878
0.16662063,0.16674061,0.1666183,0.166693,0.16664842,0.16667905,1.0,1.0,1.0,1.0,1.02073558,1.02369774,1.01080347,1.02369774,1.01481115,1.02805385,1.00139417,1.02805385,1.01672785,1.02700839,1.01620513,1.02700839,1.00156824,1.01184878,0.98658304,1.01184878,1.00592465,1.01306875,1.00121999,1.01306875
0.16662091,0.16673997,0.16661924,0.16669266,0.16664815,0.16667905,1.0,1.0,1.0,1.0,1.01481115,1.02805385,1.00139417,1.02805385,1.01672785,1.02700839,1.01620513,1.02700839,1.00156824,1.01184878,0.98658304,1.01184878,1.00592465,1.01306875,1.00121999,1.01306875,0.96288569,0.97560574,0.95940081,0.97560574
0.16662127,0.16673945,0.16661999,0.16669238,0.16664773,0.16667926,1.0,1.0,1.0,1.0,1.01672785,1.02700839,1.01620513,1.02700839,1.00156824,1.01184878,0.98658304,1.01184878,1.00592465,1.01306875,1.00121999,1.01306875,0.96288569,0.97560574,0.95940081,0.97560574,0.99477278,0.99529549,0.96671909,0.99529549
0.16662131,0.16673917,0.16662003,0.1666927,0.1666478,0.166679,1.0,1.0,1.0,1.0,1.00156824,1.01184878,0.98658304,1.01184878,1.00592465,1.01306875,1.00121999,1.01306875,0.96288569,0.97560574,0.95940081,0.97560574,0.99477278,0.99529549,0.96671909,0.99529549,0.99651514,1.0022653,0.99059076,1.0022653
0.16662145,0.16673854,0.1666208,0.16669264,0.16664782,0.16667879,1.0,1.0,1.0,1.0,1.00592465,1.01306875,1.00121999,1.01306875,0.96288569,0.97560574,0.95940081,0.97560574,0.99477278,0.99529549,0.96671909,0.99529549,0.99651514,1.0022653,0.99059076,1.0022653,0.97229513,0.97647707,0.95940093,0.97647707
0.1666219,0.166738,0.1666216,0.16669227,0.16664737,0.16667892,1.0,1.0,1.0,1.0,0.96288569,0.97560574,0.95940081,0.97560574,0.99477278,0.99529549,0.96671909,0.99529549,0.99651514,1.0022653,0.99059076,1.0022653,0.97229513,0.97647707,0.95940093,0.97647707,0.93988517,0.96671914,0.93396079,0.96671914
0.16662192,0.16673781,0.16662166,0.16669253,0.16664729,0.16667879,1.0,1.0,1.0,1.0,0.99477278,0.99529549,0.96671909,0.99529549,0.99651514,1.0022653,0.99059076,1.0022653,0.97229513,0.97647707,0.95940093,0.97647707,0.93988517,0.96671914,0.93396079,0.96671914,0.95434765,0.9573098,0.9433701,0.9573098
0.16662206,0.16673724,0.16662236,0.16669235,0.16664727,0.16667874,1.0,1.0,1.0,1.0,0.99651514,1.0022653,0.99059076,1.0022653,0.97229513,0.97647707,0.95940093,0.97647707,0.93988517,0.96671914,0.93396079,0.96671914,0.95434765,0.9573098,0.9433701,0.9573098,1.0022653,1.00435624,0.99146204,1.00435624
0.16662219,0.16673738,0.16662206,0.16669258,0.16664724,0.1666786,1.0,1.0,1.0,1.0,0.97229513,0.97647707,0.95940093,0.97647707,0.93988517,0.96671914,0.93396079,0.96671914,0.95434765,0.9573098,0.9433701,0.9573098,1.0022653,1.00435624,0.99146204,1.00435624,1.0092351,1.01324283,0.99616662,1.01324283
0.1666219,0.16673751,0.16662174,0.16669294,0.16664752,0.16667844,1.0,1.0,1.0,1.0,0.93988517,0.96671914,0.93396079,0.96671914,0.95434765,0.9573098,0.9433701,0.9573098,1.0022653,1.00435624,0.99146204,1.00435624,1.0092351,1.01324283,0.99616662,1.01324283,1.01097768,1.01550806,0.99808342,1.01550806
0.166622,0.16673729,0.16662219,0.16669264,0.16664736,0.16667849,1.0,1.0,1.0,1.0,0.95434765,0.9573098,0.9433701,0.9573098,1.0022653,1.00435624,0.99146204,1.00435624,1.0092351,1.01324283,0.99616662,1.01324283,1.01097768,1.01550806,0.99808342,1.01550806,0.97926486,0.995644,0.97682542,0.995644
0.16662218,0.1667374,0.16662216,0.16669247,0.16664708,0.16667879,1.0,1.0,1.0,1.0,1.0022653,1.00435624,0.99146204,1.00435624,1.0092351,1.01324283,0.99616662,1.01324283,1.01097768,1.01550806,0.99808342,1.01550806,0.97926486,0.995644,0.97682542,0.995644,0.99355292,0.99407564,0.98170416,0.99407564
0.16662212,0.16673729,0.16662212,0.16669266,0.16664718,0.16667855,1.0,1.0,1.0,1.0,1.0092351,1.01324283,0.99616662,1.01324283,1.01097768,1.01550806,0.99808342,1.01550806,0.97926486,0.995644,0.97682542,0.995644,0.99355292,0.99407564,0.98170416,0.99407564,1.02212941,1.02631135,1.00731849,1.02631135
0.16662218,0.16673708,0.16662243,0.16669254,0.16664712,0.16667858,1.0,1.0,1.0,1.0,1.01097768,1.01550806,0.99808342,1.01550806,0.97926486,0.995644,0.97682542,0.995644,0.99355292,0.99407564,0.98170416,0.99407564,1.02212941,1.02631135,1.00731849,1.02631135,1.03903138,1.04112231,1.0263114,1.04112231
0.16662207,0.1667375,0.16662182,0.16669284,0.16664727,0.16667849,1.0,1.0,1.0,1.0,0.97926486,0.995644,0.97682542,0.995644,0.99355292,0.99407564,0.98170416,0.99407564,1.02212941,1.02631135,1.00731849,1.02631135,1.03903138,1.04112231,1.0263114,1.04112231,1.03380401,1.0402511,1.02352346,1.0402511
0.16662204,0.16673724,0.16662222,0.16669272,0.16664733,0.16667847,1.0,1.0,1.0,1.0,0.99355292,0.99407564,0.98170416,0.99407564,1.02212941,1.02631135,1.00731849,1.02631135,1.03903138,1.04112231,1.0263114,1.04112231,1.03380401,1.0402511,1.02352346,1.0402511,1.0139399,1.03101604,1.00836402,1.03101604
0.16662203,0.16673762,0.16662182,0.16669275,0.16664729,0.16667856,1.0,1.0,1.0,1.0,1.02212941,1.02631135,1.00731849,1.02631135,1.03903138,1.04112231,1.0263114,1.04112231,1.03380401,1.0402511,1.02352346,1.0402511,1.0139399,1.03101604,1.00836402,1.03101604,0.9789164,0.98553778,0.96933286,0.98553778
0.16662183,0.16673782,0.16662143,0.16669288,0.16664745,0.1666786,1.0,1.0,1.0,1.0,1.03903138,1.04112231,1.0263114,1.04112231,1.03380401,1.0402511,1.02352346,1.0402511,1.0139399,1.03101604,1.00836402,1.03101604,0.9789164,0.98553778,0.96933286,0.98553778,1.00435641,1.00958379,0.99320465,1.00958379
0.166622,0.16673762,0.16662183,0.16669267,0.16664736,0.16667853,1.0,1.0,1.0,1.0,1.03380401,1.0402511,1.02352346,1.0402511,1.0139399,1.03101604,1.00836402,1.03101604,0.9789164,0.98553778,0.96933286,0.98553778,1.00435641,1.00958379,0.99320465,1.00958379,0.98414362,0.99390145,0.97246915,0.99390145
0.16662183,0.16673802,0.16662124,0.1666928,0.16664734,0.16667873,1.0,1.0,1.0,1.0,1.0139399,1.03101604,1.00836402,1.03101604,0.9789164,0.98553778,0.96933286,0.98553778,1.00435641,1.00958379,0.99320465,1.00958379,0.98414362,0.99390145,0.97246915,0.99390145,0.96863571,0.98710585,0.96741599,0.98710585
0.16662207,0.16673742,0.16662216,0.16669248,0.16664729,0.16667861,1.0,1.0,1.0,1.0,0.9789164,0.98553778,0.96933286,0.98553778,1.00435641,1.00958379,0.99320465,1.00958379,0.98414362,0.99390145,0.97246915,0.99390145,0.96863571,0.98710585,0.96741599,0.98710585,0.94302151,0.95295355,0.92664237,0.95295355
0.16662233,0.16673711,0.16662258,0.16669224,0.16664693,0.16667882,1.0,1.0,1.0,1.0,1.00435641,1.00958379,0.99320465,1.00958379,0.98414362,0.99390145,0.97246915,0.99390145,0.96863571,0.98710585,0.96741599,0.98710585,0.94302151,0.95295355,0.92664237,0.95295355,0.93849127,0.96654496,0.93796855,0.96654496
0.16662242,0.16673663,0.16662303,0.16669238,0.16664693,0.16667862,1.0,1.0,1.0,1.0,0.98414362,0.99390145,0.97246915,0.99390145,0.96863571,0.98710585,0.96741599,0.98710585,0.94302151,0.95295355,0.92664237,0.95295355,0.93849127,0.96654496,0.93796855,0.96654496,0.9588781,0.96549948,0.94755212,0.96549948
0.16662268,0.16673599,0.16662385,0.16669208,0.16664673,0.16667862,1.0,1.0,1.0,1.0,0.96863571,0.98710585,0.96741599,0.98710585,0.94302151,0.95295355,0.92664237,0.95295355,0.93849127,0.96654496,0.93796855,0.96654496,0.9588781,0.96549948,0.94755212,0.96549948,0.92855925,0.95138549,0.92821075,0.95138549
0.16662286,0.16673592,0.16662385,0.1666921,0.16664661,0.16667867,1.0,1.0,1.0,1.0,0.94302151,0.95295355,0.92664237,0.95295355,0.93849127,0.96654496,0.93796855,0.96654496,0.9588781,0.96549948,0.94755212,0.96549948,0.92855925,0.95138549,0.92821075,0.95138549,0.93814259,0.94180175,0.88865661,0.94180175
0.16662267,0.16673617,0.16662331,0.16669255,0.166647,0.16667826,1.0,1.0,1.0,1.0,0.93849127,0.96654496,0.93796855,0.96654496,0.9588781,0.96549948,0.94755212,0.96549948,0.92855925,0.95138549,0.92821075,0.95138549,0.93814259,0.94180175,0.88865661,0.94180175,0.97543139,0.97595411,0.93796845,0.97595411
0.16662243,0.16673595,0.16662352,0.1666927,0.16664723,0.16667816,1.0,1.0,1.0,1.0,0.9588781,0.96549948,0.94755212,0.96549948,0.92855925,0.95138549,0.92821075,0.95138549,0.93814259,0.94180175,0.88865661,0.94180175,0.97543139,0.97595411,0.93796845,0.97595411,0.95626449,0.98222717,0.94162779,0.98222717
0.16662236,0.16673654,0.16662295,0.16669258,0.16664709,0.16667846,1.0,1.0,1.0,1.0,0.92855925,0.95138549,0.92821075,0.95138549,0.93814259,0.94180175,0.88865661,0.94180175,0.97543139,0.97595411,0.93796845,0.97595411,0.95626449,0.98222717,0.94162779,0.98222717,0.99459873,0.99477295,0.96793898,0.99477295
0.16662244,0.1667365,0.16662306,0.1666923,0.16664708,0.16667861,1.0,1.0,1.0,1.0,0.93814259,0.94180175,0.88865661,0.94180175,0.97543139,0.97595411,0.93796845,0.97595411,0.95626449,0.98222717,0.94162779,0.98222717,0.99459873,0.99477295,0.96793898,0.99477295,0.97107527,0.98257553,0.96271145,0.98257553
0.16662276,0.16673607,0.16662368,0.16669218,0.16664681,0.1666785,1.0,1.0,1.0,1.0,0.97543139,0.97595411,0.93796845,0.97595411,0.95626449,0.98222717,0.94162779,0.98222717,0.99459873,0.99477295,0.96793898,0.99477295,0.97107527,0.98257553,0.96271145,0.98257553,0.95957509,0.95974937,0.94040801,0.95974937
0.16662201,0.16673721,0.1666219,0.16669288,0.16664726,0.16667873,1.0,1.0,1.0,1.0,0.95626449,0.98222717,0.94162779,0.98222717,0.99459873,0.99477295,0.96793898,0.99477295,0.97107527,0.98257553,0.96271145,0.98257553,0.95957509,0.95974937,0.94040801,0.95974937,0.9031191,0.94336997,0.88970212,0.94336997
0.16662103,0.16673869,0.16661993,0.16669379,0.16664861,0.16667798,1.0,1.0,1.0,1.0,0.99459873,0.99477295,0.96793898,0.99477295,0.97107527,0.98257553,0.96271145,0.98257553,0.95957509,0.95974937,0.94040801,0.95974937,0.9031191,0.94336997,0.88970212,0.94336997,0.94981726,0.95173398,0.91461954,0.95173398
0.16662094,0.16673857,0.16662036,0.16669324,0.16664857,0.16667834,1.0,1.0,1.0,1.0,0.97107527,0.98257553,0.96271145,0.98257553,0.95957509,0.95974937,0.94040801,0.95974937,0.9031191,0.94336997,0.88970212,0.94336997,0.94981726,0.95173398,0.91461954,0.95173398,0.91026331,0.93326383,0.90764959,0.93326383
0.1666227,0.16673668,0.16662359,0.16669112,0.16664664,0.16667925,1.0,1.0,1.0,1.0,0.95957509,0.95974937,0.94040801,0.95974937,0.9031191,0.94336997,0.88970212,0.94336997,0.94981726,0.95173398,0.91461954,0.95173398,0.91026331,0.93326383,0.90764959,0.93326383,0.84840576,0.88848249,0.84526932,0.88848249
0.16662304,0.16673599,0.1666242,0.16669098,0.16664581,0.16668001,1.0,1.0,1.0,1.0,0.9031191,0.94336997,0.88970212,0.94336997,0.94981726,0.95173398,0.91461954,0.95173398,0.91026331,0.93326383,0.90764959,0.93326383,0.84840576,0.88848249,0.84526932,0.88848249,0.91008905,0.91409671,0.85886062,0.91409671
0.16662388,0.16673344,0.1666266,0.16669036,0.16664612,0.16667952,1.0,1.0,1.0,1.0,0.94981726,0.95173398,0.91461954,0.95173398,0.91026331,0.93326383,0.90764959,0.93326383,0.84840576,0.88848249,0.84526932,0.88848249,0.91008905,0.91409671,0.85886062,0.91409671,0.78236635,0.84248131,0.78236635,0.84248131
0.16662389,0.16672982,0.16663042,0.16669028,0.16664691,0.16667873,1.0,1.0,1.0,1.0,0.91026331,0.93326383,0.90764959,0.93326383,0.84840576,0.88848249,0.84526932,0.88848249,0.91008905,0.91409671,0.85886062,0.91409671,0.78236635,0.84248131,0.78236635,0.84248131,0.84579229,0.84614079,0.78463175,0.84614079
0.1666241,0.16672978,0.1666301,0.1666907,0.16664593,0.16667934,1.0,1.0,1.0,1.0,0.84840576,0.88848249,0.84526932,0.88848249,0.91008905,0.91409671,0.85886062,0.91409671,0.78236635,0.84248131,0.78236635,0.84248131,0.84579229,0.84614079,0.78463175,0.84614079,0.7731314,0.80310181,0.75379003,0.80310181
0.16662481,0.1667253,0.1666348,0.16668963,0.16664705,0.1666784,1.0,1.0,1.0,1.0,0.91008905,0.91409671,0.85886062,0.91409671,0.78236635,0.84248131,0.78236635,0.84248131,0.84579229,0.84614079,0.78463175,0.84614079,0.7731314,0.80310181,0.75379003,0.80310181,0.77202313,0.79471419,0.75109111,0.79471419
0.1666245,0.16672541,0.166634,0.1666913,0.16664645,0.16667832,1.0,1.0,1.0,1.0,0.78236635,0.84248131,0.78236635,0.84248131,0.84579229,0.84614079,0.78463175,0.84614079,0.7731314,0.80310181,0.75379003,0.80310181,0.77202313,0.79471419,0.75109111,0.79471419,0.78328073,0.84924307,0.78240125,0.84924307
0.16662484,0.16672271,0.16663702,0.16669087,0.1666471,0.16667749,1.0,1.0,1.0,1.0,0.84579229,0.84614079,0.78463175,0.84614079,0.7731314,0.80310181,0.75379003,0.80310181,0.77202313,0.79471419,0.75109111,0.79471419,0.78328073,0.84924307,0.78240125,0.84924307,0.7961213,0.80227782,0.76551481,0.80227782
0.16662483,0.16672337,0.16663593,0.16669141,0.16664666,0.16667786,1.0,1.0,1.0,1.0,0.7731314,0.80310181,0.75379003,0.80310181,0.77202313,0.79471419,0.75109111,0.79471419,0.78328073,0.84924307,0.78240125,0.84924307,0.7961213,0.80227782,0.76551481,0.80227782,0.85962112,0.8605006,0.83552289,0.8605006
0.1666241,0.16672589,0.16663308,0.16669372,0.16664699,0.16667627,1.0,1.0,1.0,1.0,0.77202313,0.79471419,0.75109111,0.79471419,0.78328073,0.84924307,0.78240125,0.84924307,0.7961213,0.80227782,0.76551481,0.80227782,0.85962112,0.8605006,0.83552289,0.8605006,0.8619078,0.88037724,0.84519733,0.88037724
0.16662392,0.16672705,0.16663238,0.16669334,0.16664732,0.166676,1.0,1.0,1.0,1.0,0.78328073,0.84924307,0.78240125,0.84924307,0.7961213,0.80227782,0.76551481,0.80227782,0.85962112,0.8605006,0.83552289,0.8605006,0.8619078,0.88037724,0.84519733,0.88037724,0.87721099,0.88758907,0.86050052,0.88758907
0.16662426,0.166729,0.16663058,0.1666922,0.16664621,0.16667783,1.0,1.0,1.0,1.0,0.7961213,0.80227782,0.76551481,0.80227782,0.85962112,0.8605006,0.83552289,0.8605006,0.8619078,0.88037724,0.84519733,0.88037724,0.87721099,0.88758907,0.86050052,0.88758907,0.82514494,0.8459011,0.81810893,0.8459011
0.16662437,0.16672878,0.1666309,0.16669154,0.16664621,0.16667822,1.0,1.0,1.0,1.0,0.85962112,0.8605006,0.83552289,0.8605006,0.8619078,0.88037724,0.84519733,0.88037724,0.87721099,0.88758907,0.86050052,0.88758907,0.82514494,0.8459011,0.81810893,0.8459011,0.84115179,0.84713238,0.82268234,0.84713238
0.16662408,0.16672926,0.16663036,0.16669208,0.16664615,0.16667801,1.0,1.0,1.0,1.0,0.8619078,0.88037724,0.84519733,0.88037724,0.87721099,0.88758907,0.86050052,0.88758907,0.82514494,0.8459011,0.81810893,0.8459011,0.84115179,0.84713238,0.82268234,0.84713238,0.84062401,0.86243552,0.8383373,0.86243552
0.1666245,0.16672708,0.16663276,0.16669092,0.16664666,0.16667807,1.0,1.0,1.0,1.0,0.87721099,0.88758907,0.86050052,0.88758907,0.82514494,0.8459011,0.81810893,0.8459011,0.84115179,0.84713238,0.82268234,0.84713238,0.84062401,0.86243552,0.8383373,0.86243552,0.81810873,0.83657824,0.81441486,0.83657824
0.16662462,0.16672635,0.1666335,0.16669056,0.16664615,0.16667879,1.0,1.0,1.0,1.0,0.82514494,0.8459011,0.81810893,0.8459011,0.84115179,0.84713238,0.82268234,0.84713238,0.84062401,0.86243552,0.8383373,0.86243552,0.81810873,0.83657824,0.81441486,0.83657824,0.84660453,0.84818763,0.81986779,0.84818763
0.16662474,0.16672587,0.16663377,0.16669136,0.16664624,0.16667807,1.0,1.0,1.0,1.0,0.84115179,0.84713238,0.82268234,0.84713238,0.84062401,0.86243552,0.8383373,0.86243552,0.81810873,0.83657824,0.81441486,0.83657824,0.84660453,0.84818763,0.81986779,0.84818763,0.82778345,0.84695651,0.82285822,0.84695651
0.16662446,0.16672605,0.16663352,0.16669236,0.16664666,0.16667694,1.0,1.0,1.0,1.0,0.84062401,0.86243552,0.8383373,0.86243552,0.81810873,0.83657824,0.81441486,0.83657824,0.84660453,0.84818763,0.81986779,0.84818763,0.82778345,0.84695651,0.82285822,0.84695651,0.87897026,0.88125691,0.85328887,0.88125691
0.16662377,0.16672936,0.16663001,0.16669403,0.16664651,0.16667636,1.0,1.0,1.0,1.0,0.81810873,0.83657824,0.81441486,0.83657824,0.84660453,0.84818763,0.81986779,0.84818763,0.82778345,0.84695651,0.82285822,0.84695651,0.87897026,0.88125691,0.85328887,0.88125691,0.87457263,0.90271653,0.87351721,0.90271653
0.16662386,0.16672982,0.16662982,0.16669302,0.16664702,0.16667652,1.0,1.0,1.0,1.0,0.84660453,0.84818763,0.81986779,0.84818763,0.82778345,0.84695651,0.82285822,0.84695651,0.87897026,0.88125691,0.85328887,0.88125691,0.87457263,0.90271653,0.87351721,0.90271653,0.8842472,0.89005185,0.87140654,0.89005185
0.16662388,0.16673215,0.1666274,0.16669257,0.16664606,0.16667788,1.0,1.0,1.0,1.0,0.82778345,0.84695651,0.82285822,0.84695651,0.87897026,0.88125691,0.85328887,0.88125691,0.87457263,0.90271653,0.87351721,0.90271653,0.8842472,0.89005185,0.87140654,0.89005185,0.85012271,0.89110728,0.83939283,0.89110728
0.16662371,0.16673261,0.16662702,0.16669247,0.16664621,0.16667807,1.0,1.0,1.0,1.0,0.87897026,0.88125691,0.85328887,0.88125691,0.87457263,0.90271653,0.87351721,0.90271653,0.8842472,0.89005185,0.87140654,0.89005185,0.85012271,0.89110728,0.83939283,0.89110728,0.85751024,0.86349082,0.84361416,0.86349082
0.16662358,0.16673268,0.16662705,0.16669227,0.16664644,0.16667801,1.0,1.0,1.0,1.0,0.87457263,0.90271653,0.87351721,0.90271653,0.8842472,0.89005185,0.87140654,0.89005185,0.85012271,0.89110728,0.83939283,0.89110728,0.85751024,0.86349082,0.84361416,0.86349082,0.89057933,0.90183689,0.87861815,0.90183689
0.1666234,0.16673361,0.16662602,0.16669282,0.16664627,0.1666778,1.0,1.0,1.0,1.0,0.8842472,0.89005185,0.87140654,0.89005185,0.85012271,0.89110728,0.83939283,0.89110728,0.85751024,0.86349082,0.84361416,0.86349082,0.89057933,0.90183689,0.87861815,0.90183689,0.8735173,0.87897021,0.86261154,0.87897021
0.16662347,0.16673274,0.16662714,0.16669182,0.16664663,0.16667819,1.0,1.0,1.0,1.0,0.85012271,0.89110728,0.83939283,0.89110728,0.85751024,0.86349082,0.84361416,0.86349082,0.89057933,0.90183689,0.87861815,0.90183689,0.8735173,0.87897021,0.86261154,0.87897021,0.92171371,0.93473024,0.90904892,0.93473024
0.1666231,0.1667348,0.16662462,0.16669299,0.16664636,0.16667812,1.0,1.0,1.0,1.0,0.85751024,0.86349082,0.84361416,0.86349082,0.89057933,0.90183689,0.87861815,0.90183689,0.8735173,0.87897021,0.86261154,0.87897021,0.92171371,0.93473024,0.90904892,0.93473024,0.94440457,0.95319955,0.93226753,0.95319955
0.16662695,0.16672315,0.16663733,0.16668645,0.1666462,0.16667987,1.0,1.0,1.0,1.0,0.89057933,0.90183689,0.87861815,0.90183689,0.8735173,0.87897021,0.86261154,0.87897021,0.92171371,0.93473024,0.90904892,0.93473024,0.94440457,0.95319955,0.93226753,0.95319955,0.92505579,0.94669143,0.92452811,0.94669143
0.16663142,0.16671519,0.16664895,0.16668655,0.1666382,0.16667973,1.0,1.0,1.0,1.0,0.8735173,0.87897021,0.86261154,0.87897021,0.92171371,0.93473024,0.90904892,0.93473024,0.94440457,0.95319955,0.93226753,0.95319955,0.92505579,0.94669143,0.92452811,0.94669143,0.90359591,0.91133553,0.88864448,0.91133553
0.16663359,0.16670407,0.16665883,0.16669405,0.16662706,0.16668238,1.0,1.0,1.0,1.0,0.92171371,0.93473024,0.90904892,0.93473024,0.94440457,0.95319955,0.93226753,0.95319955,0.92505579,0.94669143,0.92452811,0.94669143,0.90359591,0.91133553,0.88864448,0.91133553,0.93138813,0.93420252,0.92188954,0.93420252
0.16663942,0.16669627,0.16667695,0.16668999,0.1666135,0.16668387,1.0,1.0,1.0,1.0,0.94440457,0.95319955,0.93226753,0.95319955,0.92505579,0.94669143,0.92452811,0.94669143,0.90359591,0.91133553,0.88864448,0.91133553,0.93138813,0.93420252,0.92188954,0.93420252,0.92593524,0.93455435,0.91925104,0.93455435
0.16664673,0.16668697,0.16669239,0.1666894,0.16659866,0.16668585,1.0,1.0,1.0,1.0,0.92505579,0.94669143,0.92452811,0.94669143,0.90359591,0.91133553,0.88864448,0.91133553,0.93138813,0.93420252,0.92188954,0.93420252,0.92593524,0.93455435,0.91925104,0.93455435,0.92751835,0.93033274,0.91467769,0.93033274
0.16665138,0.16668124,0.16670774,0.16668706,0.16658252,0.16669,1.0,1.0,1.0,1.0,0.90359591,0.91133553,0.88864448,0.91133553,0.93138813,0.93420252,0.92188954,0.93420252,0.92593524,0.93455435,0.91925104,0.93455435,0.92751835,0.93033274,0.91467769,0.93033274,0.94123851,0.94546013,0.93173998,0.94546013
0.16665898,0.16667698,0.16671751,0.16668463,0.16656454,0.1666973,1.0,1.0,1.0,1.0,0.93138813,0.93420252,0.92188954,0.93420252,0.92593524,0.93455435,0.91925104,0.93455435,0.92751835,0.93033274,0.91467769,0.93033274,0.94123851,0.94546013,0.93173998,0.94546013,0.92804612,0.9451084,0.92663896,0.9451084
0.166666,0.16666904,0.16672926,0.16668378,0.16654062,0.16671129,1.0,1.0,1.0,1.0,0.92593524,0.93455435,0.91925104,0.93455435,0.92751835,0.93033274,0.91467769,0.93033274,0.94123851,0.94546013,0.93173998,0.94546013,0.92804612,0.9451084,0.92663896,0.9451084,0.95830083,0.9619947,0.93983139,0.9619947
0.16667911,0.16665922,0.16673669,0.16667798,0.1665263,0.16672078,1.0,1.0,1.0,1.0,0.92751835,0.93033274,0.91467769,0.93033274,0.94123851,0.94546013,0.93173998,0.94546013,0.92804612,0.9451084,0.92663896,0.9451084,0.95830083,0.9619947,0.93983139,0.9619947,0.93455434,0.95706946,0.93156401,0.95706946
0.16668534,0.16665192,0.16674115,0.16666655,0.16652125,0.16673374,1.0,1.0,1.0,1.0,0.94123851,0.94546013,0.93173998,0.94546013,0.92804612,0.9451084,0.92663896,0.9451084,0.95830083,0.9619947,0.93983139,0.9619947,0.93455434,0.95706946,0.93156401,0.95706946,0.89884682,0.92452821,0.89867095,0.92452821
0.16668749,0.16664022,0.1667492,0.16665241,0.16651681,0.16675381,1.0,1.0,1.0,1.0,0.92804612,0.9451084,0.92663896,0.9451084,0.95830083,0.9619947,0.93983139,0.9619947,0.93455434,0.95706946,0.93156401,0.95706946,0.89884682,0.92452821,0.89867095,0.92452821,0.91731607,0.91784375,0.90201277,0.91784375
0.16668981,0.16662894,0.16675821,0.1666422,0.16650319,0.16677764,1.0,1.0,1.0,1.0,0.95830083,0.9619947,0.93983139,0.9619947,0.93455434,0.95706946,0.93156401,0.95706946,0.89884682,0.92452821,0.89867095,0.92452821,0.91731607,0.91784375,0.90201277,0.91784375,0.90957658,0.92487988,0.90728993,0.92487988
0.16669631,0.1666175,0.16676897,0.1666305,0.16649127,0.16679548,1.0,1.0,1.0,1.0,0.93455434,0.95706946,0.93156401,0.95706946,0.89884682,0.92452821,0.89867095,0.92452821,0.91731607,0.91784375,0.90201277,0.91784375,0.90957658,0.92487988,0.90728993,0.92487988,0.91696439,0.92558343,0.91467768,0.92558343
0.16670448,0.16661061,0.16678806,0.16661648,0.1664715,0.16680884,1.0,1.0,1.0,1.0,0.89884682,0.92452821,0.89867095,0.92452821,0.91731607,0.91784375,0.90201277,0.91784375,0.90957658,0.92487988,0.90728993,0.92487988,0.91696439,0.92558343,0.91467768,0.92558343,0.92048228,0.93191571,0.91643653,0.93191571
0.16670322,0.16660692,0.16681294,0.1666003,0.16644913,0.16682751,1.0,1.0,1.0,1.0,0.91731607,0.91784375,0.90201277,0.91784375,0.90957658,0.92487988,0.90728993,0.92487988,0.91696439,0.92558343,0.91467768,0.92558343,0.92048228,0.93191571,0.91643653,0.93191571,0.93068448,0.93824817,0.92294493,0.93824817
0.16670154,0.1666001,0.16684629,0.16658266,0.16642928,0.16684017,1.0,1.0,1.0,1.0,0.90957658,0.92487988,0.90728993,0.92487988,0.91696439,0.92558343,0.91467768,0.92558343,0.92048228,0.93191571,0.91643653,0.93191571,0.93068448,0.93824817,0.92294493,0.93824817,0.92171371,0.92927739,0.9213619,0.92927739
0.16669467,0.166593,0.16687636,0.16655934,0.16641802,0.16685866,1.0,1.0,1.0,1.0,0.91696439,0.92558343,0.91467768,0.92558343,0.92048228,0.93191571,0.91643653,0.93191571,0.93068448,0.93824817,0.92294493,0.93824817,0.92171371,0.92927739,0.9213619,0.92927739,0.89884682,0.92593537,0.89849508,0.92593537
0.16668563,0.16659293,0.16690688,0.16653349,0.16640759,0.1668735,1.0,1.0,1.0,1.0,0.92048228,0.93191571,0.91643653,0.93191571,0.93068448,0.93824817,0.92294493,0.93824817,0.92171371,0.92927739,0.9213619,0.92927739,0.89884682,0.92593537,0.89849508,0.92593537,0.89568061,0.9150296,0.88794105,0.9150296
0.16667321,0.16659024,0.16693373,0.16651635,0.16639835,0.16688813,1.0,1.0,1.0,1.0,0.93068448,0.93824817,0.92294493,0.93824817,0.92171371,0.92927739,0.9213619,0.92927739,0.89884682,0.92593537,0.89849508,0.92593537,0.89568061,0.9150296,0.88794105,0.9150296,0.91643662,0.91731617,0.87580387,0.91731617
0.16667345,0.166588,0.16695403,0.16649848,0.16638659,0.1668994,1.0,1.0,1.0,1.0,0.92171371,0.92927739,0.9213619,0.92927739,0.89884682,0.92593537,0.89849508,0.92593537,0.89568061,0.9150296,0.88794105,0.9150296,0.91643662,0.91731617,0.87580387,0.91731617,0.87597978,0.89796723,0.86859203,0.89796723
0.16667935,0.16658254,0.16698524,0.1664721,0.16636617,0.16691455,1.0,1.0,1.0,1.0,0.89884682,0.92593537,0.89849508,0.92593537,0.89568061,0.9150296,0.88794105,0.9150296,0.91643662,0.91731617,0.87580387,0.91731617,0.87597978,0.89796723,0.86859203,0.89796723,0.91239103,0.91801981,0.89304211,0.91801981
0.16669315,0.16657637,0.16701622,0.16644783,0.1663395,0.16692698,1.0,1.0,1.0,1.0,0.89568061,0.9150296,0.88794105,0.9150296,0.91643662,0.91731617,0.87580387,0.91731617,0.87597978,0.89796723,0.86859203,0.89796723,0.91239103,0.91801981,0.89304211,0.91801981,0.89374561,0.90517904,0.89356967,0.90517904
0.16671297,0.16657078,0.16703251,0.16643782,0.16630991,0.16693595,1.0,1.0,1.0,1.0,0.91643662,0.91731617,0.87580387,0.91731617,0.87597978,0.89796723,0.86859203,0.89796723,0.91239103,0.91801981,0.89304211,0.91801981,0.89374561,0.90517904,0.89356967,0.90517904,0.91186326,0.91626075,0.88829271,0.91626075
0.16673106,0.16656859,0.16704494,0.16642359,0.16628455,0.16694729,1.0,1.0,1.0,1.0,0.87597978,0.89796723,0.86859203,0.89796723,0.91239103,0.91801981,0.89304211,0.91801981,0.89374561,0.90517904,0.89356967,0.90517904,0.91186326,0.91626075,0.88829271,0.91626075,0.8926902,0.91837152,0.89163478,0.91837152
0.16673614,0.16656065,0.16706935,0.16641022,0.16625811,0.16696551,1.0,1.0,1.0,1.0,0.91239103,0.91801981,0.89304211,0.91801981,0.89374561,0.90517904,0.89356967,0.90517904,0.91186326,0.91626075,0.88829271,0.91626075,0.8926902,0.91837152,0.89163478,0.91837152,0.87597978,0.89462516,0.87263772,0.89462516
0.16673663,0.16655207,0.16709268,0.16640231,0.1662343,0.16698202,1.0,1.0,1.0,1.0,0.89374561,0.90517904,0.89356967,0.90517904,0.91186326,0.91626075,0.88829271,0.91626075,0.8926902,0.91837152,0.89163478,0.91837152,0.87597978,0.89462516,0.87263772,0.89462516,0.89392156,0.90412376,0.89339388,0.90412376
0.16673096,0.16653994,0.16711855,0.1663951,0.16620328,0.1670122,1.0,1.0,1.0,1.0,0.91186326,0.91626075,0.88829271,0.91626075,0.8926902,0.91837152,0.89163478,0.91837152,0.87597978,0.89462516,0.87263772,0.89462516,0.89392156,0.90412376,0.89339388,0.90412376,0.91010428,0.91010428,0.89269019,0.91010428
0.1667197,0.16653337,0.1671332,0.16639243,0.16617508,0.16704628,1.0,1.0,1.0,1.0,0.8926902,0.91837152,0.89163478,0.91837152,0.87597978,0.89462516,0.87263772,0.89462516,0.89392156,0.90412376,0.89339388,0.90412376,0.91010428,0.91010428,0.89269019,0.91010428,0.88442293,0.90799348,0.88125674,0.90799348
0.16671202,0.1665294,0.16714314,0.1664009,0.16614658,0.16706795,1.0,1.0,1.0,1.0,0.87597978,0.89462516,0.87263772,0.89462516,0.89392156,0.90412376,0.89339388,0.90412376,0.91010428,0.91010428,0.89269019,0.91010428,0.88442293,0.90799348,0.88125674,0.90799348,0.88530261,0.89233855,0.8770353,0.89233855
0.16670474,0.16652429,0.16715716,0.16640605,0.16611435,0.16709346,1.0,1.0,1.0,1.0,0.89392156,0.90412376,0.89339388,0.90412376,0.91010428,0.91010428,0.89269019,0.91010428,0.88442293,0.90799348,0.88125674,0.90799348,0.88530261,0.89233855,0.8770353,0.89233855,0.89761554,0.90201303,0.8889965,0.90201303
0.1666914,0.16652219,0.16716605,0.16641593,0.16608419,0.16712028,1.0,1.0,1.0,1.0,0.91010428,0.91010428,0.89269019,0.91010428,0.88442293,0.90799348,0.88125674,0.90799348,0.88530261,0.89233855,0.8770353,0.89233855,0.89761554,0.90201303,0.8889965,0.90201303,0.91485352,0.91538126,0.90218879,0.91538126
0.16667244,0.1665224,0.16716816,0.16642639,0.16606037,0.1671502,1.0,1.0,1.0,1.0,0.88442293,0.90799348,0.88125674,0.90799348,0.88530261,0.89233855,0.8770353,0.89233855,0.89761554,0.90201303,0.8889965,0.90201303,0.91485352,0.91538126,0.90218879,0.91538126,0.93332321,0.93666528,0.92206558,0.93666528
0.16665575,0.16652393,0.16718332,0.166428,0.16603066,0.16717835,1.0,1.0,1.0,1.0,0.88530261,0.89233855,0.8770353,0.89233855,0.89761554,0.90201303,0.8889965,0.90201303,0.91485352,0.91538126,0.90218879,0.91538126,0.93332321,0.93666528,0.92206558,0.93666528,0.9547828,0.95636589,0.93279535,0.95636589
0.16664632,0.16652441,0.16719572,0.16642915,0.1660062,0.1671982,1.0,1.0,1.0,1.0,0.89761554,0.90201303,0.8889965,0.90201303,0.91485352,0.91538126,0.90218879,0.91538126,0.93332321,0.93666528,0.92206558,0.93666528,0.9547828,0.95636589,0.93279535,0.95636589,0.97096559,0.99101813,0.96850301,0.99101813
0.16664287,0.16652368,0.16720316,0.16641912,0.16598845,0.16722268,1.0,1.0,1.0,1.0,0.91485352,0.91538126,0.90218879,0.91538126,0.93332321,0.93666528,0.92206558,0.93666528,0.9547828,0.95636589,0.93279535,0.95636589,0.97096559,0.99101813,0.96850301,0.99101813,0.97747373,0.98116761,0.96234636,0.98116761
0.16663668,0.16652265,0.16722028,0.16640635,0.16596514,0.16724882,1.0,1.0,1.0,1.0,0.93332321,0.93666528,0.92206558,0.93666528,0.9547828,0.95636589,0.93279535,0.95636589,0.97096559,0.99101813,0.96850301,0.99101813,0.97747373,0.98116761,0.96234636,0.98116761,0.99576741,0.99611921,0.96656808,0.99611921
0.16664582,0.16651782,0.16722143,0.16640358,0.16593741,0.16727386,1.0,1.0,1.0,1.0,0.9547828,0.95636589,0.93279535,0.95636589,0.97096559,0.99101813,0.96850301,0.99101813,0.97747373,0.98116761,0.96234636,0.98116761,0.99576741,0.99611921,0.96656808,0.99611921,1.01230224,1.02092135,0.99946158,1.02092135
0.16665578,0.16650936,0.1672279,0.16640125,0.16591507,0.16729066,1.0,1.0,1.0,1.0,0.97096559,0.99101813,0.96850301,0.99101813,0.97747373,0.98116761,0.96234636,0.98116761,0.99576741,0.99611921,0.96656808,0.99611921,1.01230224,1.02092135,0.99946158,1.02092135,0.96815128,0.9922495,0.96762353,0.9922495
0.16666462,0.16649845,0.1672367,0.16639507,0.16590126,0.16730389,1.0,1.0,1.0,1.0,0.97747373,0.98116761,0.96234636,0.98116761,0.99576741,0.99611921,0.96656808,0.99611921,1.01230224,1.02092135,0.99946158,1.02092135,0.96815128,0.9922495,0.96762353,0.9922495,0.98503765,1.00034089,0.97360415,1.00034089
0.16666892,0.16648632,0.1672454,0.16639195,0.16587171,0.16733561,1.0,1.0,1.0,1.0,0.99576741,0.99611921,0.96656808,0.99611921,1.01230224,1.02092135,0.99946158,1.02092135,0.96815128,0.9922495,0.96762353,0.9922495,0.98503765,1.00034089,0.97360415,1.00034089,0.98538933,0.9871483,0.95900439,0.9871483
0.16666542,0.16647002,0.16727224,0.1663859,0.16583183,0.16737461,1.0,1.0,1.0,1.0,1.01230224,1.02092135,0.99946158,1.02092135,0.96815128,0.9922495,0.96762353,0.9922495,0.98503765,1.00034089,0.97360415,1.00034089,0.98538933,0.9871483,0.95900439,0.9871483,0.98151969,1.00262765,0.97694633,1.00262765
0.16665857,0.1664495,0.16730177,0.16639109,0.16578504,0.167414,1.0,1.0,1.0,1.0,0.96815128,0.9922495,0.96762353,0.9922495,0.98503765,1.00034089,0.97360415,1.00034089,0.98538933,0.9871483,0.95900439,0.9871483,0.98151969,1.00262765,0.97694633,1.00262765,0.99559146,0.99946127,0.9831026,0.99946127
0.1666501,0.16642901,0.16733788,0.1663893,0.16574316,0.1674506,1.0,1.0,1.0,1.0,0.98503765,1.00034089,0.97360415,1.00034089,0.98538933,0.9871483,0.95900439,0.9871483,0.98151969,1.00262765,0.97694633,1.00262765,0.99559146,0.99946127,0.9831026,0.99946127,0.99506002,1.00197138,0.98868028,1.00197138
0.16663831,0.1664161,0.16736521,0.16638987,0.16570154,0.16748896,1.0,1.0,1.0,1.0,0.98538933,0.9871483,0.95900439,0.9871483,0.98151969,1.00262765,0.97694633,1.00262765,0.99559146,0.99946127,0.9831026,0.99946127,0.99506002,1.00197138,0.98868028,1.00197138,0.98017382,1.00126233,0.97946495,1.00126233
0.16662158,0.1663925,0.16739576,0.16637272,0.16566539,0.16755208,1.0,1.0,1.0,1.0,0.98151969,1.00262765,0.97694633,1.00262765,0.99559146,0.99946127,0.9831026,0.99946127,0.99506002,1.00197138,0.98868028,1.00197138,0.98017382,1.00126233,0.97946495,1.00126233,0.9924016,0.9924016,0.980351,0.9924016
0.16660896,0.1663643,0.16743897,0.16635765,0.16562778,0.16760232,1.0,1.0,1.0,1.0,0.99559146,0.99946127,0.9831026,0.99946127,0.99506002,1.00197138,0.98868028,1.00197138,0.98017382,1.00126233,0.97946495,1.00126233,0.9924016,0.9924016,0.980351,0.9924016,1.00586995,1.01295856,1.00179403,1.01295856
0.16659106,0.16633365,0.16749357,0.16633874,0.16559723,0.16764578,1.0,1.0,1.0,1.0,0.99506002,1.00197138,0.98868028,1.00197138,0.98017382,1.00126233,0.97946495,1.00126233,0.9924016,0.9924016,0.980351,0.9924016,1.00586995,1.01295856,1.00179403,1.01295856,1.0026801,1.01118639,0.99523705,1.01118639
0.16657425,0.16630597,0.167549,0.16632362,0.1655762,0.16767092,1.0,1.0,1.0,1.0,0.98017382,1.00126233,0.97946495,1.00126233,0.9924016,0.9924016,0.980351,0.9924016,1.00586995,1.01295856,1.00179403,1.01295856,1.0026801,1.01118639,0.99523705,1.01118639,1.01083212,1.01171818,0.99151572,1.01171818
0.1665576,0.16628759,0.1676009,0.16632427,0.1655391,0.16769053,1.0,1.0,1.0,1.0,0.9924016,0.9924016,0.980351,0.9924016,1.00586995,1.01295856,1.00179403,1.01295856,1.0026801,1.01118639,0.99523705,1.01118639,1.01083212,1.01171818,0.99151572,1.01171818,0.99824973,1.01473063,0.99612311,1.01473063
0.16655214,0.16626807,0.1676457,0.16631636,0.16549271,0.16772503,1.0,1.0,1.0,1.0,1.00586995,1.01295856,1.00179403,1.01295856,1.0026801,1.01118639,0.99523705,1.01118639,1.01083212,1.01171818,0.99151572,1.01171818,0.99824973,1.01473063,0.99612311,1.01473063,0.99931312,0.99966755,0.98637646,0.99966755
0.16653736,0.166238,0.16769493,0.1663135,0.16543552,0.16778076,1.0,1.0,1.0,1.0,1.0026801,1.01118639,0.99523705,1.01118639,1.01083212,1.01171818,0.99151572,1.01171818,0.99824973,1.01473063,0.99612311,1.01473063,0.99931312,0.99966755,0.98637646,0.99966755,1.00604708,1.00994582,0.9957686,1.00994582
0.16652857,0.16620961,0.16773996,0.1663192,0.16537753,0.16782513,1.0,1.0,1.0,1.0,1.01083212,1.01171818,0.99151572,1.01171818,0.99824973,1.01473063,0.99612311,1.01473063,0.99931312,0.99966755,0.98637646,0.99966755,1.00604708,1.00994582,0.9957686,1.00994582,1.00693319,1.01845217,1.00586988,1.01845217
0.16651632,0.16618454,0.16776894,0.16631985,0.16532533,0.16788507,1.0,1.0,1.0,1.0,0.99824973,1.01473063,0.99612311,1.01473063,0.99931312,0.99966755,0.98637646,0.99966755,1.00604708,1.00994582,0.9957686,1.00994582,1.00693319,1.01845217,1.00586988,1.01845217,1.03883192,1.04680659,1.02695858,1.04680659
0.16650315,0.16615584,0.16781409,0.16631383,0.16525257,0.16796054,1.0,1.0,1.0,1.0,0.99931312,0.99966755,0.98637646,0.99966755,1.00604708,1.00994582,0.9957686,1.00994582,1.00693319,1.01845217,1.00586988,1.01845217,1.03883192,1.04680659,1.02695858,1.04680659,1.09660391,1.10103427,1.07321159,1.10103427
0.16649404,0.16613413,0.16785263,0.1663318,0.16519284,0.16799457,1.0,1.0,1.0,1.0,1.00604708,1.00994582,0.9957686,1.00994582,1.00693319,1.01845217,1.00586988,1.01845217,1.03883192,1.04680659,1.02695858,1.04680659,1.09660391,1.10103427,1.07321159,1.10103427,1.07586994,1.08986991,1.07533832,1.08986991
0.16647606,0.16610798,0.16786872,0.16636012,0.16515236,0.1680348,1.0,1.0,1.0,1.0,1.00693319,1.01845217,1.00586988,1.01845217,1.03883192,1.04680659,1.02695858,1.04680659,1.09660391,1.10103427,1.07321159,1.10103427,1.07586994,1.08986991,1.07533832,1.08986991,1.10918607,1.11184432,1.08986968,1.11184432
0.16645673,0.16608407,0.16787864,0.16639887,0.16514601,0.16803561,1.0,1.0,1.0,1.0,1.03883192,1.04680659,1.02695858,1.04680659,1.09660391,1.10103427,1.07321159,1.10103427,1.07586994,1.08986991,1.07533832,1.08986991,1.10918607,1.11184432,1.08986968,1.11184432,1.1479961,1.15136322,1.11450256,1.15136322
0.16643384,0.16605707,0.16789097,0.16643856,0.16512528,0.16805422,1.0,1.0,1.0,1.0,1.09660391,1.10103427,1.07321159,1.10103427,1.07586994,1.08986991,1.07533832,1.08986991,1.10918607,1.11184432,1.08986968,1.11184432,1.1479961,1.15136322,1.11450256,1.15136322,1.13151523,1.14409745,1.11981907,1.14409745
0.16641612,0.1660305,0.16788097,0.16648151,0.1651206,0.16807038,1.0,1.0,1.0,1.0,1.07586994,1.08986991,1.07533832,1.08986991,1.10918607,1.11184432,1.08986968,1.11184432,1.1479961,1.15136322,1.11450256,1.15136322,1.13151523,1.14409745,1.11981907,1.14409745,1.15313517,1.18875534,1.1515403,1.18875534
0.16639817,0.16598566,0.16789661,0.16651878,0.16509211,0.16810872,1.0,1.0,1.0,1.0,1.10918607,1.11184432,1.08986968,1.11184432,1.1479961,1.15136322,1.11450256,1.15136322,1.13151523,1.14409745,1.11981907,1.14409745,1.15313517,1.18875534,1.1515403,1.18875534,1.18662872,1.18786922,1.15774279,1.18786922
0.16638178,0.16593382,0.16791463,0.16655983,0.16504543,0.16816445,1.0,1.0,1.0,1.0,1.1479961,1.15136322,1.11450256,1.15136322,1.13151523,1.14409745,1.11981907,1.14409745,1.15313517,1.18875534,1.1515403,1.18875534,1.18662872,1.18786922,1.15774279,1.18786922,1.17067972,1.19105943,1.15473051,1.19105943
0.1663623,0.16588573,0.16794892,0.16658734,0.1649994,0.16821633,1.0,1.0,1.0,1.0,1.13151523,1.14409745,1.11981907,1.14409745,1.15313517,1.18875534,1.1515403,1.18875534,1.18662872,1.18786922,1.15774279,1.18786922,1.17067972,1.19105943,1.15473051,1.19105943,1.18007188,1.18078076,1.13984423,1.18078076
0.16633397,0.16582997,0.16798598,0.16661741,0.16494927,0.1682834,1.0,1.0,1.0,1.0,1.15313517,1.18875534,1.1515403,1.18875534,1.18662872,1.18786922,1.15774279,1.18786922,1.17067972,1.19105943,1.15473051,1.19105943,1.18007188,1.18078076,1.13984423,1.18078076,1.1767049,1.20505921,1.17617328,1.20505921
0.16630547,0.16578506,0.16803685,0.16664687,0.16489753,0.1683282,1.0,1.0,1.0,1.0,1.18662872,1.18786922,1.15774279,1.18786922,1.17067972,1.19105943,1.15473051,1.19105943,1.18007188,1.18078076,1.13984423,1.18078076,1.1767049,1.20505921,1.17617328,1.20505921,1.18538858,1.18698358,1.16607225,1.18698358
0.16627763,0.16574508,0.16809705,0.16668105,0.16483152,0.16836765,1.0,1.0,1.0,1.0,1.17067972,1.19105943,1.15473051,1.19105943,1.18007188,1.18078076,1.13984423,1.18078076,1.1767049,1.20505921,1.17617328,1.20505921,1.18538858,1.18698358,1.16607225,1.18698358,1.20169219,1.22721113,1.19992007,1.22721113
0.16626967,0.1657029,0.16814569,0.16669652,0.16476114,0.1684241,1.0,1.0,1.0,1.0,1.18007188,1.18078076,1.13984423,1.18078076,1.1767049,1.20505921,1.17617328,1.20505921,1.18538858,1.18698358,1.16607225,1.18698358,1.20169219,1.22721113,1.19992007,1.22721113,1.21445148,1.22100846,1.20559075,1.22100846
0.16624929,0.16566855,0.16816254,0.16672122,0.16470101,0.16849737,1.0,1.0,1.0,1.0,1.1767049,1.20505921,1.17617328,1.20505921,1.18538858,1.18698358,1.16607225,1.18698358,1.20169219,1.22721113,1.19992007,1.22721113,1.21445148,1.22100846,1.20559075,1.22100846,1.19389485,1.21392005,1.18290749,1.21392005
0.16623488,0.1656307,0.16818334,0.16673972,0.16465613,0.16855527,1.0,1.0,1.0,1.0,1.18538858,1.18698358,1.16607225,1.18698358,1.20169219,1.22721113,1.19992007,1.22721113,1.21445148,1.22100846,1.20559075,1.22100846,1.19389485,1.21392005,1.18290749,1.21392005,1.30961565,1.36260276,1.26442588,1.36260276
0.16619794,0.16559574,0.16820215,0.16677058,0.16459684,0.16863668,1.0,1.0,1.0,1.0,1.20169219,1.22721113,1.19992007,1.22721113,1.21445148,1.22100846,1.20559075,1.22100846,1.19389485,1.21392005,1.18290749,1.21392005,1.30961565,1.36260276,1.26442588,1.36260276,1.47531153,1.47796977,1.42533702,1.47796977
0.16615145,0.1655478,0.16819784,0.16679822,0.1645329,0.1687718,1.0,1.0,1.0,1.0,1.21445148,1.22100846,1.20559075,1.22100846,1.19389485,1.21392005,1.18290749,1.21392005,1.30961565,1.36260276,1.26442588,1.36260276,1.47531153,1.47796977,1.42533702,1.47796977,1.36313468,1.41027383,1.35551445,1.41027383
0.1661136,0.1654971,0.16820703,0.16683364,0.16447544,0.16887319,1.0,1.0,1.0,1.0,1.19389485,1.21392005,1.18290749,1.21392005,1.30961565,1.36260276,1.26442588,1.36260276,1.47531153,1.47796977,1.42533702,1.47796977,1.36313468,1.41027383,1.35551445,1.41027383,1.46503266,1.47743776,1.36561529,1.47743776
0.16605242,0.16545022,0.16821611,0.16688053,0.1644022,0.16899846,1.0,1.0,1.0,1.0,1.30961565,1.36260276,1.26442588,1.36260276,1.47531153,1.47796977,1.42533702,1.47796977,1.36313468,1.41027383,1.35551445,1.41027383,1.46503266,1.47743776,1.36561529,1.47743776,1.41647609,1.44040003,1.39308377,1.44040003
0.16600107,0.16539794,0.168232,0.16691682,0.16432416,0.169128,1.0,1.0,1.0,1.0,1.47531153,1.47796977,1.42533702,1.47796977,1.36313468,1.41027383,1.35551445,1.41027383,1.46503266,1.47743776,1.36561529,1.47743776,1.41647609,1.44040003,1.39308377,1.44040003,1.39804586,1.41364069,1.37359029,1.41364069
0.16596834,0.16535808,0.16823208,0.16692407,0.16425684,0.16926058,1.0,1.0,1.0,1.0,1.36313468,1.41027383,1.35551445,1.41027383,1.46503266,1.47743776,1.36561529,1.47743776,1.41647609,1.44040003,1.39308377,1.44040003,1.39804586,1.41364069,1.37359029,1.41364069,1.39910902,1.40265339,1.3718181,1.40265339
0.1659196,0.16533454,0.16823113,0.16692592,0.16418386,0.16940501,1.0,1.0,1.0,1.0,1.46503266,1.47743776,1.36561529,1.47743776,1.41647609,1.44040003,1.39308377,1.44040003,1.39804586,1.41364069,1.37359029,1.41364069,1.39910902,1.40265339,1.3718181,1.40265339,1.42108357,1.42108357,1.39538738,1.42108357
0.16589195,0.16529758,0.16821466,0.16694447,0.1640893,0.1695621,1.0,1.0,1.0,1.0,1.41647609,1.44040003,1.39308377,1.44040003,1.39804586,1.41364069,1.37359029,1.41364069,1.39910902,1.40265339,1.3718181,1.40265339,1.42108357,1.42108357,1.39538738,1.42108357,1.44660229,1.48860219,1.42781759,1.48860219
0.16588186,0.1652781,0.16818623,0.16692497,0.1640362,0.16969267,1.0,1.0,1.0,1.0,1.39804586,1.41364069,1.37359029,1.41364069,1.39910902,1.40265339,1.3718181,1.40265339,1.42108357,1.42108357,1.39538738,1.42108357,1.44660229,1.48860219,1.42781759,1.48860219,1.42693185,1.45493179,1.42161549,1.45493179
0.16585697,0.16529606,0.16815293,0.16689962,0.16402891,0.16976549,1.0,1.0,1.0,1.0,1.39910902,1.40265339,1.3718181,1.40265339,1.42108357,1.42108357,1.39538738,1.42108357,1.44660229,1.48860219,1.42781759,1.48860219,1.42693185,1.45493179,1.42161549,1.45493179,1.41824832,1.43171666,1.4072611,1.43171666
0.1658116,0.16529107,0.16814293,0.16686645,0.164003,0.1698849,1.0,1.0,1.0,1.0,1.42108357,1.42108357,1.39538738,1.42108357,1.44660229,1.48860219,1.42781759,1.48860219,1.42693185,1.45493179,1.42161549,1.45493179,1.41824832,1.43171666,1.4072611,1.43171666,1.41541292,1.43277987,1.40389395,1.43277987
0.1657635,0.16528144,0.16811188,0.1668234,0.1639786,0.17004116,1.0,1.0,1.0,1.0,1.44660229,1.48860219,1.42781759,1.48860219,1.42693185,1.45493179,1.42161549,1.45493179,1.41824832,1.43171666,1.4072611,1.43171666,1.41541292,1.43277987,1.40389395,1.43277987,1.38121052,1.40353946,1.38121052,1.40353946
0.16570492,0.16524756,0.1680462,0.16682248,0.1639079,0.17027089,1.0,1.0,1.0,1.0,1.42693185,1.45493179,1.42161549,1.45493179,1.41824832,1.43171666,1.4072611,1.43171666,1.41541292,1.43277987,1.40389395,1.43277987,1.38121052,1.40353946,1.38121052,1.40353946,1.40690644,1.40974193,1.37748889,1.40974193
0.16564646,0.16521479,0.16797753,0.16682397,0.16379738,0.17053996,1.0,1.0,1.0,1.0,1.41824832,1.43171666,1.4072611,1.43171666,1.41541292,1.43277987,1.40389395,1.43277987,1.38121052,1.40353946,1.38121052,1.40353946,1.40690644,1.40974193,1.37748889,1.40974193,1.38759009,1.40176718,1.37926099,1.40176718
0.16556315,0.16518065,0.1679728,0.16680576,0.16368145,0.17079619,1.0,1.0,1.0,1.0,1.41541292,1.43277987,1.40389395,1.43277987,1.38121052,1.40353946,1.38121052,1.40353946,1.40690644,1.40974193,1.37748889,1.40974193,1.38759009,1.40176718,1.37926099,1.40176718,1.38953967,1.40407126,1.38315993,1.40407126
0.16546257,0.16513515,0.16800106,0.16679434,0.16352734,0.17107958,1.0,1.0,1.0,1.0,1.38121052,1.40353946,1.38121052,1.40353946,1.40690644,1.40974193,1.37748889,1.40974193,1.38759009,1.40176718,1.37926099,1.40176718,1.38953967,1.40407126,1.38315993,1.40407126,1.42108357,1.43348853,1.41169122,1.43348853
0.16534463,0.1650816,0.168031,0.16681984,0.1633314,0.17139152,1.0,1.0,1.0,1.0,1.40690644,1.40974193,1.37748889,1.40974193,1.38759009,1.40176718,1.37926099,1.40176718,1.38953967,1.40407126,1.38315993,1.40407126,1.42108357,1.43348853,1.41169122,1.43348853,1.40726097,1.43224816,1.40442547,1.43224816
0.16522753,0.16502662,0.16810752,0.16679221,0.16315049,0.17169562,1.0,1.0,1.0,1.0,1.38759009,1.40176718,1.37926099,1.40176718,1.38953967,1.40407126,1.38315993,1.40407126,1.42108357,1.43348853,1.41169122,1.43348853,1.40726097,1.43224816,1.40442547,1.43224816,1.39184319,1.40407104,1.38670395,1.40407104
0.16508187,0.16495405,0.16824023,0.16677324,0.1628928,0.17205778,1.0,1.0,1.0,1.0,1.38953967,1.40407126,1.38315993,1.40407126,1.42108357,1.43348853,1.41169122,1.43348853,1.40726097,1.43224816,1.40442547,1.43224816,1.39184319,1.40407104,1.38670395,1.40407104,1.36118526,1.36632449,1.34647655,1.36632449
0.16492677,0.16486315,0.16838984,0.1667427,0.16264607,0.17243153,1.0,1.0,1.0,1.0,1.42108357,1.43348853,1.41169122,1.43348853,1.40726097,1.43224816,1.40442547,1.43224816,1.39184319,1.40407104,1.38670395,1.40407104,1.36118526,1.36632449,1.34647655,1.36632449,1.38829902,1.39521051,1.37979279,1.39521051
0.16479108,0.1647852,0.16849901,0.16673492,0.16240105,0.1727887,1.0,1.0,1.0,1.0,1.40726097,1.43224816,1.40442547,1.43224816,1.39184319,1.40407104,1.38670395,1.40407104,1.36118526,1.36632449,1.34647655,1.36632449,1.38829902,1.39521051,1.37979279,1.39521051,1.3982232,1.41612191,1.39095733,1.41612191
0.16464217,0.16469806,0.16863671,0.16669874,0.16212475,0.17319955,1.0,1.0,1.0,1.0,1.39184319,1.40407104,1.38670395,1.40407104,1.36118526,1.36632449,1.34647655,1.36632449,1.38829902,1.39521051,1.37979279,1.39521051,1.3982232,1.41612191,1.39095733,1.41612191,1.41842581,1.42622329,1.40832458,1.42622329
0.16452351,0.16463512,0.16869906,0.16665454,0.16192243,0.17356539,1.0,1.0,1.0,1.0,1.36118526,1.36632449,1.34647655,1.36632449,1.38829902,1.39521051,1.37979279,1.39521051,1.3982232,1.41612191,1.39095733,1.41612191,1.41842581,1.42622329,1.40832458,1.42622329,1.4487295,1.45617248,1.43561565,1.45617248
0.16435367,0.1645576,0.1687533,0.16655846,0.16168524,0.17409168,1.0,1.0,1.0,1.0,1.38829902,1.39521051,1.37979279,1.39521051,1.3982232,1.41612191,1.39095733,1.41612191,1.41842581,1.42622329,1.40832458,1.42622329,1.4487295,1.45617248,1.43561565,1.45617248,1.42834955,1.45865323,1.42072932,1.45865323
0.16406831,0.16442408,0.16884643,0.16650274,0.16131745,0.17484103,1.0,1.0,1.0,1.0,1.3982232,1.41612191,1.39095733,1.41612191,1.41842581,1.42622329,1.40832458,1.42622329,1.4487295,1.45617248,1.43561565,1.45617248,1.42834955,1.45865323,1.42072932,1.45865323,1.42551401,1.43331135,1.41612166,1.43331135
0.16377015,0.16432223,0.16895397,0.16648866,0.16105862,0.17540643,1.0,1.0,1.0,1.0,1.41842581,1.42622329,1.40832458,1.42622329,1.4487295,1.45617248,1.43561565,1.45617248,1.42834955,1.45865323,1.42072932,1.45865323,1.42551401,1.43331135,1.41612166,1.43331135,1.40442557,1.41346356,1.3945016,1.41346356
0.163381,0.16419563,0.16909175,0.1663038,0.1606472,0.17638072,1.0,1.0,1.0,1.0,1.4487295,1.45617248,1.43561565,1.45617248,1.42834955,1.45865323,1.42072932,1.45865323,1.42551401,1.43331135,1.41612166,1.43331135,1.40442557,1.41346356,1.3945016,1.41346356,1.44518518,1.44607117,1.41753961,1.44607117
0.16296819,0.16410127,0.16938807,0.16605863,0.16011384,0.17737007,1.0,1.0,1.0,1.0,1.42834955,1.45865323,1.42072932,1.45865323,1.42551401,1.43331135,1.41612166,1.43331135,1.40442557,1.41346356,1.3945016,1.41346356,1.44518518,1.44607117,1.41753961,1.44607117,1.45617223,1.46574184,1.41559007,1.46574184
0.1625482,0.16396922,0.16968973,0.16582274,0.15957496,0.17839521,1.0,1.0,1.0,1.0,1.42551401,1.43331135,1.41612166,1.43331135,1.40442557,1.41346356,1.3945016,1.41346356,1.44518518,1.44607117,1.41753961,1.44607117,1.45617223,1.46574184,1.41559007,1.46574184,1.43862812,1.44979259,1.38900798,1.44979259
0.16222404,0.16383033,0.1699624,0.16566078,0.15923062,0.17909187,1.0,1.0,1.0,1.0,1.40442557,1.41346356,1.3945016,1.41346356,1.44518518,1.44607117,1.41753961,1.44607117,1.45617223,1.46574184,1.41559007,1.46574184,1.43862812,1.44979259,1.38900798,1.44979259,1.3984001,1.44376698,1.37181792,1.44376698
0.16196284,0.16370904,0.17000818,0.16550118,0.15889141,0.17992735,1.0,1.0,1.0,1.0,1.44518518,1.44607117,1.41753961,1.44607117,1.45617223,1.46574184,1.41559007,1.46574184,1.43862812,1.44979259,1.38900798,1.44979259,1.3984001,1.44376698,1.37181792,1.44376698,1.37022332,1.40265363,1.3684512,1.40265363
0.16163065,0.16346459,0.17020765,0.16531269,0.15814352,0.18124092,1.0,1.0,1.0,1.0,1.45617223,1.46574184,1.41559007,1.46574184,1.43862812,1.44979259,1.38900798,1.44979259,1.3984001,1.44376698,1.37181792,1.44376698,1.37022332,1.40265363,1.3684512,1.40265363,1.40708378,1.41240013,1.39202057,1.41240013
0.16129339,0.16322501,0.17021377,0.16517273,0.15742028,0.1826749,1.0,1.0,1.0,1.0,1.43862812,1.44979259,1.38900798,1.44979259,1.3984001,1.44376698,1.37181792,1.44376698,1.37022332,1.40265363,1.3684512,1.40265363,1.40708378,1.41240013,1.39202057,1.41240013,1.3982232,1.43951423,1.3957422,1.43951423
0.16087589,0.16287236,0.17020877,0.165003,0.15656774,0.1844722,1.0,1.0,1.0,1.0,1.3984001,1.44376698,1.37181792,1.44376698,1.37022332,1.40265363,1.3684512,1.40265363,1.40708378,1.41240013,1.39202057,1.41240013,1.3982232,1.43951423,1.3957422,1.43951423,1.39680535,1.42303317,1.39290661,1.42303317
0.16048406,0.16260442,0.1700956,0.16477883,0.15582332,0.18621382,1.0,1.0,1.0,1.0,1.37022332,1.40265363,1.3684512,1.40265363,1.40708378,1.41240013,1.39202057,1.41240013,1.3982232,1.43951423,1.3957422,1.43951423,1.39680535,1.42303317,1.39290661,1.42303317,1.42657717,1.43756452,1.41683031,1.43756452
0.15994118,0.16227834,0.17013204,0.16455416,0.15510124,0.18799305,1.0,1.0,1.0,1.0,1.40708378,1.41240013,1.39202057,1.41240013,1.3982232,1.43951423,1.3957422,1.43951423,1.39680535,1.42303317,1.39290661,1.42303317,1.42657717,1.43756452,1.41683031,1.43756452,1.52138739,1.53804561,1.44217244,1.53804561
0.15902895,0.16174069,0.170264,0.1642148,0.1540844,0.1906672,1.0,1.0,1.0,1.0,1.3982232,1.43951423,1.3957422,1.43951423,1.39680535,1.42303317,1.39290661,1.42303317,1.42657717,1.43756452,1.41683031,1.43756452,1.52138739,1.53804561,1.44217244,1.53804561,1.47318491,1.53272902,1.47159004,1.53272902
0.15786661,0.1611689,0.17035061,0.16361251,0.15282136,0.19418003,1.0,1.0,1.0,1.0,1.39680535,1.42303317,1.39290661,1.42303317,1.42657717,1.43756452,1.41683031,1.43756452,1.52138739,1.53804561,1.44217244,1.53804561,1.47318491,1.53272902,1.47159004,1.53272902,1.45905918,1.46582805,1.43590228,1.46582805
0.15589884,0.16035534,0.17051855,0.16257583,0.15098557,0.19966598,1.0,1.0,1.0,1.0,1.42657717,1.43756452,1.41683031,1.43756452,1.52138739,1.53804561,1.44217244,1.53804561,1.47318491,1.53272902,1.47159004,1.53272902,1.45905918,1.46582805,1.43590228,1.46582805,1.42913345,1.47562514,1.42699585,1.47562514
0.15382963,0.15942036,0.17084691,0.16156335,0.14910708,0.20523265,1.0,1.0,1.0,1.0,1.52138739,1.53804561,1.44217244,1.53804561,1.47318491,1.53272902,1.47159004,1.53272902,1.45905918,1.46582805,1.43590228,1.46582805,1.42913345,1.47562514,1.42699585,1.47562514,1.43554597,1.43661484,1.40864851,1.43661484
0.15085767,0.15807086,0.17158197,0.16010356,0.1468536,0.21253236,1.0,1.0,1.0,1.0,1.47318491,1.53272902,1.47159004,1.53272902,1.45905918,1.46582805,1.43590228,1.46582805,1.42913345,1.47562514,1.42699585,1.47562514,1.43554597,1.43661484,1.40864851,1.43661484,1.43358673,1.44088997,1.41434871,1.44088997
0.14658844,0.15591209,0.17259414,0.15782104,0.14317225,0.22391208,1.0,1.0,1.0,1.0,1.45905918,1.46582805,1.43590228,1.46582805,1.42913345,1.47562514,1.42699585,1.47562514,1.43554597,1.43661484,1.40864851,1.43661484,1.43358673,1.44088997,1.41434871,1.44088997,1.38798548,1.42378956,1.38745112,1.42378956
0.14129522,0.15329963,0.17353703,0.15495148,0.13890906,0.23800759,1.0,1.0,1.0,1.0,1.42913345,1.47562514,1.42699585,1.47562514,1.43554597,1.43661484,1.40864851,1.43661484,1.43358673,1.44088997,1.41434871,1.44088997,1.38798548,1.42378956,1.38745112,1.42378956,1.39617932,1.4072234,1.3568127,1.4072234
0.13805643,0.15191811,0.17513497,0.15253477,0.13694991,0.24540591,1.0,1.0,1.0,1.0,1.43554597,1.43661484,1.40864851,1.43661484,1.43358673,1.44088997,1.41434871,1.44088997,1.38798548,1.42378956,1.38745112,1.42378956,1.39617932,1.4072234,1.3568127,1.4072234,1.40508573,1.40579827,1.37854447,1.40579827
0.13320912,0.14981298,0.1761264,0.14946376,0.13341707,0.2579707,1.0,1.0,1.0,1.0,1.43358673,1.44088997,1.41434871,1.44088997,1.38798548,1.42378956,1.38745112,1.42378956,1.39617932,1.4072234,1.3568127,1.4072234,1.40508573,1.40579827,1.37854447,1.40579827,1.42093947,1.43162735,1.41559567,1.43162735
0.12474714,0.14485998,0.17599367,0.14455462,0.1270593,0.28278533,1.0,1.0,1.0,1.0,1.38798548,1.42378956,1.38745112,1.42378956,1.39617932,1.4072234,1.3568127,1.4072234,1.40508573,1.40579827,1.37854447,1.40579827,1.42093947,1.43162735,1.41559567,1.43162735,1.43412109,1.44712448,1.41274547,1.44712448
0.11291414,0.13617371,0.17460588,0.1363711,0.11828578,0.3216494,1.0,1.0,1.0,1.0,1.39617932,1.4072234,1.3568127,1.4072234,1.40508573,1.40579827,1.37854447,1.40579827,1.42093947,1.43162735,1.41559567,1.43162735,1.43412109,1.44712448,1.41274547,1.44712448,1.44409609,1.45959341,1.43518962,1.45959341
0.08902901,0.11618377,0.16190927,0.11659836,0.09793936,0.4183403,1.0,1.0,1.0,1.0,1.40508573,1.40579827,1.37854447,1.40579827,1.42093947,1.43162735,1.41559567,1.43162735,1.43412109,1.44712448,1.41274547,1.44712448,1.44409609,1.45959341,1.43518962,1.45959341,1.47170629,1.47348756,1.4560308,1.47348756
0.05602413,0.08225942,0.13024159,0.08253693,0.0668795,0.5820584,1.0,1.0,1.0,1.0,1.42093947,1.43162735,1.41559567,1.43162735,1.43412109,1.44712448,1.41274547,1.44712448,1.44409609,1.45959341,1.43518962,1.45959341,1.47170629,1.47348756,1.4560308,1.47348756,1.43928696,1.46422499,1.43590245,1.46422499
0.03844975,0.06133703,0.10748144,0.06137813,0.04987,0.68148375,1.0,1.0,1.0,1.0,1.43412109,1.44712448,1.41274547,1.44712448,1.44409609,1.45959341,1.43518962,1.45959341,1.47170629,1.47348756,1.4560308,1.47348756,1.43928696,1.46422499,1.43590245,1.46422499,1.50590708,1.50751018,1.45264639,1.50751018
0.02481101,0.04298946,0.08190101,0.04255634,0.03585956,0.7718826,1.0,1.0,1.0,1.0,1.44409609,1.45959341,1.43518962,1.45959341,1.47170629,1.47348756,1.4560308,1.47348756,1.43928696,1.46422499,1.43590245,1.46422499,1.50590708,1.50751018,1.45264639,1.50751018,1.48061285,1.50430398,1.47437821,1.50430398
0.01579807,0.03009606,0.06093992,0.02947363,0.02594255,0.8377497,1.0,1.0,1.0,1.0,1.47170629,1.47348756,1.4560308,1.47348756,1.43928696,1.46422499,1.43590245,1.46422499,1.50590708,1.50751018,1.45264639,1.50751018,1.48061285,1.50430398,1.47437821,1.50430398,1.54830214,1.54972721,1.51018242,1.54972721
0.01762751,0.03324879,0.06382679,0.03312634,0.03015924,0.82201135,1.0,1.0,1.0,1.0,1.43928696,1.46422499,1.43590245,1.46422499,1.50590708,1.50751018,1.45264639,1.50751018,1.48061285,1.50430398,1.47437821,1.50430398,1.54830214,1.54972721,1.51018242,1.54972721,1.56397766,1.58285935,1.54117696,1.58285935
0.01512157,0.02921953,0.05619895,0.02972838,0.02760202,0.8421295,1.0,1.0,1.0,1.0,1.50590708,1.50751018,1.45264639,1.50751018,1.48061285,1.50430398,1.47437821,1.50430398,1.54830214,1.54972721,1.51018242,1.54972721,1.56397766,1.58285935,1.54117696,1.58285935,1.5814342,1.58179053,1.56112744,1.58179053
0.02672065,0.04514943,0.0768961,0.04568367,0.04392138,0.76162875,1.0,1.0,1.0,1.0,1.48061285,1.50430398,1.47437821,1.50430398,1.54830214,1.54972721,1.51018242,1.54972721,1.56397766,1.58285935,1.54117696,1.58285935,1.5814342,1.58179053,1.56112744,1.58179053,1.61937568,1.62578822,1.57965274,1.62578822
0.04180285,0.06483145,0.10027363,0.06633682,0.06314132,0.66361403,1.0,1.0,1.0,1.0,1.54830214,1.54972721,1.51018242,1.54972721,1.56397766,1.58285935,1.54117696,1.58285935,1.5814342,1.58179053,1.56112744,1.58179053,1.61937568,1.62578822,1.57965274,1.62578822,1.59675313,1.61474425,1.59301243,1.61474425
0.05471971,0.07993463,0.11569182,0.0816429,0.07887698,0.5891339,1.0,1.0,1.0,1.0,1.56397766,1.58285935,1.54117696,1.58285935,1.5814342,1.58179053,1.56112744,1.58179053,1.61937568,1.62578822,1.57965274,1.62578822,1.59675313,1.61474425,1.59301243,1.61474425,1.57822772,1.60102828,1.57234941,1.60102828
0.06092952,0.0863028,0.12050582,0.08800919,0.08578423,0.5584684,1.0,1.0,1.0,1.0,1.5814342,1.58179053,1.56112744,1.58179053,1.61937568,1.62578822,1.57965274,1.62578822,1.59675313,1.61474425,1.59301243,1.61474425,1.57822772,1.60102828,1.57234941,1.60102828,1.57021196,1.59408125,1.55311154,1.59408125
0.05319639,0.07684361,0.10978872,0.07889013,0.07712352,0.60415775,1.0,1.0,1.0,1.0,1.61937568,1.62578822,1.57965274,1.62578822,1.59675313,1.61474425,1.59301243,1.61474425,1.57822772,1.60102828,1.57234941,1.60102828,1.57021196,1.59408125,1.55311154,1.59408125,1.54438322,1.5780497,1.53975195,1.5780497
0.02954894,0.04661059,0.07455079,0.04870004,0.04753986,0.7530498,1.0,1.0,1.0,1.0,1.59675313,1.61474425,1.59301243,1.61474425,1.57822772,1.60102828,1.57234941,1.60102828,1.57021196,1.59408125,1.55311154,1.59408125,1.54438322,1.5780497,1.53975195,1.5780497,1.5597023,1.59639708,1.55489286,1.59639708
0.01654221,0.02925344,0.05085575,0.03062007,0.03004065,0.84268796,1.0,1.0,1.0,1.0,1.57822772,1.60102828,1.57234941,1.60102828,1.57021196,1.59408125,1.55311154,1.59408125,1.54438322,1.5780497,1.53975195,1.5780497,1.5597023,1.59639708,1.55489286,1.59639708,1.57217134,1.58499669,1.5634429,1.58499669
0.00363599,0.00814123,0.01761852,0.00880907,0.00883653,0.95295876,1.0,1.0,1.0,1.0,1.57021196,1.59408125,1.55311154,1.59408125,1.54438322,1.5780497,1.53975195,1.5780497,1.5597023,1.59639708,1.55489286,1.59639708,1.57217134,1.58499669,1.5634429,1.58499669,1.56112747,1.58303747,1.55988057,1.58303747
0.00026324118,0.0007538452,0.0022773738,0.00081267388,0.0010225455,0.99487031,1.0,1.0,1.0,1.0,1.54438322,1.5780497,1.53975195,1.5780497,1.5597023,1.59639708,1.55489286,1.59639708,1.57217134,1.58499669,1.5634429,1.58499669,1.56112747,1.58303747,1.55988057,1.58303747,1.57128083,1.58428435,1.56540252,1.58428435
1.6014988E-06,6.8376539E-06,3.7252394E-05,7.166831E-06,1.5363901E-05,0.99993181,1.0,1.0,1.0,1.0,1.5597023,1.59639708,1.55489286,1.59639708,1.57217134,1.58499669,1.5634429,1.58499669,1.56112747,1.58303747,1.55988057,1.58303747,1.57128083,1.58428435,1.56540252,1.58428435,1.573062,1.5755558,1.55738665,1.5755558
1.96622985E-09,1.26921558E-08,1.39706231E-07,1.23649855E-08,6.30485246E-08,0.999999762,1.0,1.0,1.0,1.0,1.57217134,1.58499669,1.5634429,1.58499669,1.56112747,1.58303747,1.55988057,1.58303747,1.57128083,1.58428435,1.56540252,1.58428435,1.573062,1.5755558,1.55738665,1.5755558,1.54491773,1.56362125,1.52781717,1.56362125
5.2250701E-13,5.0023735E-12,1.2167772E-10,4.2723793E-12,7.5764416E-11,1.0,1.0,1.0,1.0,1.0,1.56112747,1.58303747,1.55988057,1.58303747,1.57128083,1.58428435,1.56540252,1.58428435,1.573062,1.5755558,1.55738665,1.5755558,1.54491773,1.56362125,1.52781717,1.56362125,1.54456115,1.55364579,1.53155777,1.55364579
3.2339893E-17,4.4103873E-16,2.5435576E-14,3.0943122E-16,2.8445338E-14,1.0,1.0,1.0,1.0,1.0,1.57128083,1.58428435,1.56540252,1.58428435,1.573062,1.5755558,1.55738665,1.5755558,1.54491773,1.56362125,1.52781717,1.56362125,1.54456115,1.55364579,1.53155777,1.55364579,1.49361626,1.52140456,1.49343809,1.52140456
4.8600804E-22,8.987819E-21,1.308295E-18,4.8415229E-21,3.4666122E-18,1.0,1.0,1.0,1.0,1.0,1.573062,1.5755558,1.55738665,1.5755558,1.54491773,1.56362125,1.52781717,1.56362125,1.54456115,1.55364579,1.53155777,1.55364579,1.49361626,1.52140456,1.49343809,1.52140456,1.51214152,1.51997927,1.49664421,1.51997927