Action_Cash,Action_BMW.DE,Action_MBG.DE,Action_FORD,Action_GM,Action_012330.KS,State_Cash_close_L1,State_Cash_high_L1,State_Cash_low_L1,State_Cash_open_L1,State_BMW.DE_close_L1,State_BMW.DE_high_L1,State_BMW.DE_low_L1,State_BMW.DE_open_L1,State_MBG.DE_close_L1,State_MBG.DE_high_L1,State_MBG.DE_low_L1,State_MBG.DE_open_L1,State_FORD_close_L1,State_FORD_high_L1,State_FORD_low_L1,State_FORD_open_L1,State_GM_close_L1,State_GM_high_L1,State_GM_low_L1,State_GM_open_L1,State_012330.KS_close_L1,State_012330.KS_high_L1,State_012330.KS_low_L1,State_012330.KS_open_L1
0.16658019,0.16659547,0.16672114,0.16676547,0.1666096,0.16672808,1.0,1.0,1.0,1.0,1.02561449,1.0402512,1.02404627,1.0402512,1.04652412,1.04826656,1.03589508,1.04826656,1.05105443,1.05663031,1.04408455,1.05663031,1.01742491,1.04025121,1.01515969,1.04025121,1.02369772,1.04007686,1.01585662,1.04007686
0.16658002,0.16659619,0.16672106,0.16676567,0.16660893,0.16672814,1.0,1.0,1.0,1.0,1.04652412,1.04826656,1.03589508,1.04826656,1.05105443,1.05663031,1.04408455,1.05663031,1.01742491,1.04025121,1.01515969,1.04025121,1.02369772,1.04007686,1.01585662,1.04007686,1.02073558,1.02369774,1.01080347,1.02369774
0.1665803,0.16659597,0.16672136,0.1667648,0.16660903,0.16672851,1.0,1.0,1.0,1.0,1.05105443,1.05663031,1.04408455,1.05663031,1.01742491,1.04025121,1.01515969,1.04025121,1.02369772,1.04007686,1.01585662,1.04007686,1.02073558,1.02369774,1.01080347,1.02369774,1.01481115,1.02805385,1.00139417,1.02805385
0.16658045,0.16659623,0.16672087,0.16676474,0.16660924,0.16672842,1.0,1.0,1.0,1.0,1.01742491,1.04025121,1.01515969,1.04025121,1.02369772,1.04007686,1.01585662,1.04007686,1.02073558,1.02369774,1.01080347,1.02369774,1.01481115,1.02805385,1.00139417,1.02805385,1.01672785,1.02700839,1.01620513,1.02700839
0.16658047,0.16659622,0.16672088,0.16676448,0.16660942,0.16672853,1.0,1.0,1.0,1.0,1.02369772,1.04007686,1.01585662,1.04007686,1.02073558,1.02369774,1.01080347,1.02369774,1.01481115,1.02805385,1.00139417,1.02805385,1.01672785,1.02700839,1.01620513,1.02700839,1.00156824,1.01184878,0.98658304,1.01184878
0.16658051,0.16659603,0.1667209,0.16676424,0.1666095,0.1667288,1.0,1.0,1.0,1.0,1.02073558,1.02369774,1.01080347,1.02369774,1.01481115,1.02805385,1.00139417,1.02805385,1.01672785,1.02700839,1.01620513,1.02700839,1.00156824,1.01184878,0.98658304,1.01184878,1.00592465,1.01306875,1.00121999,1.01306875
0.16658005,0.16659632,0.16672054,0.16676463,0.16660951,0.16672896,1.0,1.0,1.0,1.0,1.01481115,1.02805385,1.00139417,1.02805385,1.01672785,1.02700839,1.01620513,1.02700839,1.00156824,1.01184878,0.98658304,1.01184878,1.00592465,1.01306875,1.00121999,1.01306875,0.96288569,0.97560574,0.95940081,0.97560574
0.16658035,0.16659617,0.16672105,0.16676372,0.16660921,0.16672952,1.0,1.0,1.0,1.0,1.01672785,1.02700839,1.01620513,1.02700839,1.00156824,1.01184878,0.98658304,1.01184878,1.00592465,1.01306875,1.00121999,1.01306875,0.96288569,0.97560574,0.95940081,0.97560574,0.99477278,0.99529549,0.96671909,0.99529549
0.16658108,0.16659695,0.16672054,0.16676347,0.16660912,0.1667289,1.0,1.0,1.0,1.0,1.00156824,1.01184878,0.98658304,1.01184878,1.00592465,1.01306875,1.00121999,1.01306875,0.96288569,0.97560574,0.95940081,0.97560574,0.99477278,0.99529549,0.96671909,0.99529549,0.99651514,1.0022653,0.99059076,1.0022653
0.16658127,0.16659611,0.16672106,0.16676235,0.16660996,0.16672929,1.0,1.0,1.0,1.0,1.00592465,1.01306875,1.00121999,1.01306875,0.96288569,0.97560574,0.95940081,0.97560574,0.99477278,0.99529549,0.96671909,0.99529549,0.99651514,1.0022653,0.99059076,1.0022653,0.97229513,0.97647707,0.95940093,0.97647707
0.16658084,0.16659565,0.16672061,0.16676329,0.16661018,0.16672936,1.0,1.0,1.0,1.0,0.96288569,0.97560574,0.95940081,0.97560574,0.99477278,0.99529549,0.96671909,0.99529549,0.99651514,1.0022653,0.99059076,1.0022653,0.97229513,0.97647707,0.95940093,0.97647707,0.93988517,0.96671914,0.93396079,0.96671914
0.16658027,0.16659689,0.16672008,0.16676326,0.16660959,0.16672996,1.0,1.0,1.0,1.0,0.99477278,0.99529549,0.96671909,0.99529549,0.99651514,1.0022653,0.99059076,1.0022653,0.97229513,0.97647707,0.95940093,0.97647707,0.93988517,0.96671914,0.93396079,0.96671914,0.95434765,0.9573098,0.9433701,0.9573098
0.1665823,0.1665966,0.1667211,0.16676155,0.16660905,0.1667294,1.0,1.0,1.0,1.0,0.99651514,1.0022653,0.99059076,1.0022653,0.97229513,0.97647707,0.95940093,0.97647707,0.93988517,0.96671914,0.93396079,0.96671914,0.95434765,0.9573098,0.9433701,0.9573098,1.0022653,1.00435624,0.99146204,1.00435624
0.16658254,0.16659603,0.1667211,0.1667611,0.16661017,0.16672903,1.0,1.0,1.0,1.0,0.97229513,0.97647707,0.95940093,0.97647707,0.93988517,0.96671914,0.93396079,0.96671914,0.95434765,0.9573098,0.9433701,0.9573098,1.0022653,1.00435624,0.99146204,1.00435624,1.0092351,1.01324283,0.99616662,1.01324283
0.16658238,0.16659524,0.16672085,0.16676164,0.16661102,0.16672884,1.0,1.0,1.0,1.0,0.93988517,0.96671914,0.93396079,0.96671914,0.95434765,0.9573098,0.9433701,0.9573098,1.0022653,1.00435624,0.99146204,1.00435624,1.0092351,1.01324283,0.99616662,1.01324283,1.01097768,1.01550806,0.99808342,1.01550806
0.1665813,0.16659562,0.16672045,0.16676371,0.16661055,0.16672835,1.0,1.0,1.0,1.0,0.95434765,0.9573098,0.9433701,0.9573098,1.0022653,1.00435624,0.99146204,1.00435624,1.0092351,1.01324283,0.99616662,1.01324283,1.01097768,1.01550806,0.99808342,1.01550806,0.97926486,0.995644,0.97682542,0.995644
0.16658063,0.16659611,0.1667207,0.16676384,0.16660972,0.16672905,1.0,1.0,1.0,1.0,1.0022653,1.00435624,0.99146204,1.00435624,1.0092351,1.01324283,0.99616662,1.01324283,1.01097768,1.01550806,0.99808342,1.01550806,0.97926486,0.995644,0.97682542,0.995644,0.99355292,0.99407564,0.98170416,0.99407564
0.16658132,0.16659655,0.16672084,0.16676342,0.16660918,0.16672866,1.0,1.0,1.0,1.0,1.0092351,1.01324283,0.99616662,1.01324283,1.01097768,1.01550806,0.99808342,1.01550806,0.97926486,0.995644,0.97682542,0.995644,0.99355292,0.99407564,0.98170416,0.99407564,1.02212941,1.02631135,1.00731849,1.02631135
0.16658182,0.16659643,0.16672099,0.16676255,0.16660976,0.16672848,1.0,1.0,1.0,1.0,1.01097768,1.01550806,0.99808342,1.01550806,0.97926486,0.995644,0.97682542,0.995644,0.99355292,0.99407564,0.98170416,0.99407564,1.02212941,1.02631135,1.00731849,1.02631135,1.03903138,1.04112231,1.0263114,1.04112231
0.16658191,0.1665956,0.166721,0.16676314,0.16661038,0.16672802,1.0,1.0,1.0,1.0,0.97926486,0.995644,0.97682542,0.995644,0.99355292,0.99407564,0.98170416,0.99407564,1.02212941,1.02631135,1.00731849,1.02631135,1.03903138,1.04112231,1.0263114,1.04112231,1.03380401,1.0402511,1.02352346,1.0402511
0.16658108,0.16659544,0.1667209,0.16676447,0.16661032,0.16672787,1.0,1.0,1.0,1.0,0.99355292,0.99407564,0.98170416,0.99407564,1.02212941,1.02631135,1.00731849,1.02631135,1.03903138,1.04112231,1.0263114,1.04112231,1.03380401,1.0402511,1.02352346,1.0402511,1.0139399,1.03101604,1.00836402,1.03101604
0.16657978,0.16659565,0.1667208,0.16676535,0.16660978,0.16672862,1.0,1.0,1.0,1.0,1.02212941,1.02631135,1.00731849,1.02631135,1.03903138,1.04112231,1.0263114,1.04112231,1.03380401,1.0402511,1.02352346,1.0402511,1.0139399,1.03101604,1.00836402,1.03101604,0.9789164,0.98553778,0.96933286,0.98553778
0.16658,0.16659608,0.16672103,0.16676487,0.16660887,0.16672911,1.0,1.0,1.0,1.0,1.03903138,1.04112231,1.0263114,1.04112231,1.03380401,1.0402511,1.02352346,1.0402511,1.0139399,1.03101604,1.00836402,1.03101604,0.9789164,0.98553778,0.96933286,0.98553778,1.00435641,1.00958379,0.99320465,1.00958379
0.16658036,0.16659698,0.16672078,0.16676423,0.16660886,0.16672882,1.0,1.0,1.0,1.0,1.03380401,1.0402511,1.02352346,1.0402511,1.0139399,1.03101604,1.00836402,1.03101604,0.9789164,0.98553778,0.96933286,0.98553778,1.00435641,1.00958379,0.99320465,1.00958379,0.98414362,0.99390145,0.97246915,0.99390145
0.16658074,0.16659606,0.1667209,0.16676283,0.16660984,0.16672964,1.0,1.0,1.0,1.0,1.0139399,1.03101604,1.00836402,1.03101604,0.9789164,0.98553778,0.96933286,0.98553778,1.00435641,1.00958379,0.99320465,1.00958379,0.98414362,0.99390145,0.97246915,0.99390145,0.96863571,0.98710585,0.96741599,0.98710585
0.16658027,0.16659634,0.16672035,0.16676393,0.16660978,0.16672932,1.0,1.0,1.0,1.0,0.9789164,0.98553778,0.96933286,0.98553778,1.00435641,1.00958379,0.99320465,1.00958379,0.98414362,0.99390145,0.97246915,0.99390145,0.96863571,0.98710585,0.96741599,0.98710585,0.94302151,0.95295355,0.92664237,0.95295355
0.16658054,0.16659652,0.16672066,0.16676292,0.16660936,0.16673009,1.0,1.0,1.0,1.0,1.00435641,1.00958379,0.99320465,1.00958379,0.98414362,0.99390145,0.97246915,0.99390145,0.96863571,0.98710585,0.96741599,0.98710585,0.94302151,0.95295355,0.92664237,0.95295355,0.93849127,0.96654496,0.93796855,0.96654496
0.16658115,0.16659716,0.16672039,0.1667622,0.16660933,0.16672976,1.0,1.0,1.0,1.0,0.98414362,0.99390145,0.97246915,0.99390145,0.96863571,0.98710585,0.96741599,0.98710585,0.94302151,0.95295355,0.92664237,0.95295355,0.93849127,0.96654496,0.93796855,0.96654496,0.9588781,0.96549948,0.94755212,0.96549948
0.16658176,0.16659607,0.16672084,0.16676116,0.16661005,0.16673006,1.0,1.0,1.0,1.0,0.96863571,0.98710585,0.96741599,0.98710585,0.94302151,0.95295355,0.92664237,0.95295355,0.93849127,0.96654496,0.93796855,0.96654496,0.9588781,0.96549948,0.94755212,0.96549948,0.92855925,0.95138549,0.92821075,0.95138549
0.16658099,0.1665961,0.16672051,0.16676193,0.16661021,0.16673028,1.0,1.0,1.0,1.0,0.94302151,0.95295355,0.92664237,0.95295355,0.93849127,0.96654496,0.93796855,0.96654496,0.9588781,0.96549948,0.94755212,0.96549948,0.92855925,0.95138549,0.92821075,0.95138549,0.93814259,0.94180175,0.88865661,0.94180175
0.16658214,0.16659638,0.16672091,0.16676171,0.16660903,0.16672984,1.0,1.0,1.0,1.0,0.93849127,0.96654496,0.93796855,0.96654496,0.9588781,0.96549948,0.94755212,0.96549948,0.92855925,0.95138549,0.92821075,0.95138549,0.93814259,0.94180175,0.88865661,0.94180175,0.97543139,0.97595411,0.93796845,0.97595411
0.16658261,0.16659628,0.16672136,0.16676122,0.16660935,0.16672917,1.0,1.0,1.0,1.0,0.9588781,0.96549948,0.94755212,0.96549948,0.92855925,0.95138549,0.92821075,0.95138549,0.93814259,0.94180175,0.88865661,0.94180175,0.97543139,0.97595411,0.93796845,0.97595411,0.95626449,0.98222717,0.94162779,0.98222717
0.16658302,0.16659562,0.16672148,0.16676068,0.16661014,0.16672902,1.0,1.0,1.0,1.0,0.92855925,0.95138549,0.92821075,0.95138549,0.93814259,0.94180175,0.88865661,0.94180175,0.97543139,0.97595411,0.93796845,0.97595411,0.95626449,0.98222717,0.94162779,0.98222717,0.99459873,0.99477295,0.96793898,0.99477295
0.16658242,0.16659582,0.16672042,0.16676189,0.1666106,0.16672887,1.0,1.0,1.0,1.0,0.93814259,0.94180175,0.88865661,0.94180175,0.97543139,0.97595411,0.93796845,0.97595411,0.95626449,0.98222717,0.94162779,0.98222717,0.99459873,0.99477295,0.96793898,0.99477295,0.97107527,0.98257553,0.96271145,0.98257553
0.16658121,0.16659574,0.16672057,0.16676217,0.16661052,0.16672978,1.0,1.0,1.0,1.0,0.97543139,0.97595411,0.93796845,0.97595411,0.95626449,0.98222717,0.94162779,0.98222717,0.99459873,0.99477295,0.96793898,0.99477295,0.97107527,0.98257553,0.96271145,0.98257553,0.95957509,0.95974937,0.94040801,0.95974937
0.1665804,0.16659608,0.16672027,0.16676341,0.1666099,0.16672987,1.0,1.0,1.0,1.0,0.95626449,0.98222717,0.94162779,0.98222717,0.99459873,0.99477295,0.96793898,0.99477295,0.97107527,0.98257553,0.96271145,0.98257553,0.95957509,0.95974937,0.94040801,0.95974937,0.9031191,0.94336997,0.88970212,0.94336997
0.16658032,0.16659729,0.16672024,0.16676244,0.16660915,0.16673051,1.0,1.0,1.0,1.0,0.99459873,0.99477295,0.96793898,0.99477295,0.97107527,0.98257553,0.96271145,0.98257553,0.95957509,0.95974937,0.94040801,0.95974937,0.9031191,0.94336997,0.88970212,0.94336997,0.94981726,0.95173398,0.91461954,0.95173398
0.16658212,0.16659674,0.16672093,0.16676152,0.16660899,0.16672973,1.0,1.0,1.0,1.0,0.97107527,0.98257553,0.96271145,0.98257553,0.95957509,0.95974937,0.94040801,0.95974937,0.9031191,0.94336997,0.88970212,0.94336997,0.94981726,0.95173398,0.91461954,0.95173398,0.91026331,0.93326383,0.90764959,0.93326383
0.16658102,0.16659564,0.16672091,0.16676094,0.1666104,0.16673113,1.0,1.0,1.0,1.0,0.95957509,0.95974937,0.94040801,0.95974937,0.9031191,0.94336997,0.88970212,0.94336997,0.94981726,0.95173398,0.91461954,0.95173398,0.91026331,0.93326383,0.90764959,0.93326383,0.84840576,0.88848249,0.84526932,0.88848249
0.16658184,0.1665961,0.16672046,0.166761,0.16660938,0.16673116,1.0,1.0,1.0,1.0,0.9031191,0.94336997,0.88970212,0.94336997,0.94981726,0.95173398,0.91461954,0.95173398,0.91026331,0.93326383,0.90764959,0.93326383,0.84840576,0.88848249,0.84526932,0.88848249,0.91008905,0.91409671,0.85886062,0.91409671
0.16658129,0.16659603,0.16672076,0.16676079,0.16660936,0.16673176,1.0,1.0,1.0,1.0,0.94981726,0.95173398,0.91461954,0.95173398,0.91026331,0.93326383,0.90764959,0.93326383,0.84840576,0.88848249,0.84526932,0.88848249,0.91008905,0.91409671,0.85886062,0.91409671,0.78236635,0.84248131,0.78236635,0.84248131
0.1665818,0.1665952,0.16672148,0.16675916,0.16660948,0.16673294,1.0,1.0,1.0,1.0,0.91026331,0.93326383,0.90764959,0.93326383,0.84840576,0.88848249,0.84526932,0.88848249,0.91008905,0.91409671,0.85886062,0.91409671,0.78236635,0.84248131,0.78236635,0.84248131,0.84579229,0.84614079,0.78463175,0.84614079
0.16658382,0.16659488,0.1667219,0.16675948,0.16660842,0.16673152,1.0,1.0,1.0,1.0,0.84840576,0.88848249,0.84526932,0.88848249,0.91008905,0.91409671,0.85886062,0.91409671,0.78236635,0.84248131,0.78236635,0.84248131,0.84579229,0.84614079,0.78463175,0.84614079,0.7731314,0.80310181,0.75379003,0.80310181
0.16658318,0.16659385,0.16672203,0.16675673,0.16660988,0.16673432,1.0,1.0,1.0,1.0,0.91008905,0.91409671,0.85886062,0.91409671,0.78236635,0.84248131,0.78236635,0.84248131,0.84579229,0.84614079,0.78463175,0.84614079,0.7731314,0.80310181,0.75379003,0.80310181,0.77202313,0.79471419,0.75109111,0.79471419
0.16658595,0.16659358,0.16672245,0.1667564,0.1666094,0.16673213,1.0,1.0,1.0,1.0,0.78236635,0.84248131,0.78236635,0.84248131,0.84579229,0.84614079,0.78463175,0.84614079,0.7731314,0.80310181,0.75379003,0.80310181,0.77202313,0.79471419,0.75109111,0.79471419,0.78328073,0.84924307,0.78240125,0.84924307
0.16658483,0.16659361,0.16672249,0.16675538,0.1666105,0.16673316,1.0,1.0,1.0,1.0,0.84579229,0.84614079,0.78463175,0.84614079,0.7731314,0.80310181,0.75379003,0.80310181,0.77202313,0.79471419,0.75109111,0.79471419,0.78328073,0.84924307,0.78240125,0.84924307,0.7961213,0.80227782,0.76551481,0.80227782
0.166587,0.16659163,0.16672324,0.1667548,0.16661094,0.16673243,1.0,1.0,1.0,1.0,0.7731314,0.80310181,0.75379003,0.80310181,0.77202313,0.79471419,0.75109111,0.79471419,0.78328073,0.84924307,0.78240125,0.84924307,0.7961213,0.80227782,0.76551481,0.80227782,0.85962112,0.8605006,0.83552289,0.8605006
0.16658704,0.1665923,0.16672336,0.16675654,0.16661048,0.16673017,1.0,1.0,1.0,1.0,0.77202313,0.79471419,0.75109111,0.79471419,0.78328073,0.84924307,0.78240125,0.84924307,0.7961213,0.80227782,0.76551481,0.80227782,0.85962112,0.8605006,0.83552289,0.8605006,0.8619078,0.88037724,0.84519733,0.88037724
0.1665854,0.16659243,0.1667227,0.16675605,0.1666116,0.16673188,1.0,1.0,1.0,1.0,0.78328073,0.84924307,0.78240125,0.84924307,0.7961213,0.80227782,0.76551481,0.80227782,0.85962112,0.8605006,0.83552289,0.8605006,0.8619078,0.88037724,0.84519733,0.88037724,0.87721099,0.88758907,0.86050052,0.88758907
0.16658422,0.16659361,0.16672088,0.16675806,0.16661204,0.16673124,1.0,1.0,1.0,1.0,0.7961213,0.80227782,0.76551481,0.80227782,0.85962112,0.8605006,0.83552289,0.8605006,0.8619078,0.88037724,0.84519733,0.88037724,0.87721099,0.88758907,0.86050052,0.88758907,0.82514494,0.8459011,0.81810893,0.8459011
0.16658333,0.16659436,0.166721,0.16675809,0.16661094,0.16673237,1.0,1.0,1.0,1.0,0.85962112,0.8605006,0.83552289,0.8605006,0.8619078,0.88037724,0.84519733,0.88037724,0.87721099,0.88758907,0.86050052,0.88758907,0.82514494,0.8459011,0.81810893,0.8459011,0.84115179,0.84713238,0.82268234,0.84713238
0.1665842,0.16659467,0.16672127,0.16675782,0.16660999,0.16673204,1.0,1.0,1.0,1.0,0.8619078,0.88037724,0.84519733,0.88037724,0.87721099,0.88758907,0.86050052,0.88758907,0.82514494,0.8459011,0.81810893,0.8459011,0.84115179,0.84713238,0.82268234,0.84713238,0.84062401,0.86243552,0.8383373,0.86243552
0.16658363,0.1665942,0.16672148,0.16675673,0.16661099,0.16673298,1.0,1.0,1.0,1.0,0.87721099,0.88758907,0.86050052,0.88758907,0.82514494,0.8459011,0.81810893,0.8459011,0.84115179,0.84713238,0.82268234,0.84713238,0.84062401,0.86243552,0.8383373,0.86243552,0.81810873,0.83657824,0.81441486,0.83657824
0.1665844,0.16659379,0.16672145,0.16675685,0.16661102,0.16673253,1.0,1.0,1.0,1.0,0.82514494,0.8459011,0.81810893,0.8459011,0.84115179,0.84713238,0.82268234,0.84713238,0.84062401,0.86243552,0.8383373,0.86243552,0.81810873,0.83657824,0.81441486,0.83657824,0.84660453,0.84818763,0.81986779,0.84818763
0.16658449,0.16659403,0.16672145,0.16675714,0.16661067,0.16673227,1.0,1.0,1.0,1.0,0.84115179,0.84713238,0.82268234,0.84713238,0.84062401,0.86243552,0.8383373,0.86243552,0.81810873,0.83657824,0.81441486,0.83657824,0.84660453,0.84818763,0.81986779,0.84818763,0.82778345,0.84695651,0.82285822,0.84695651
0.16658486,0.16659388,0.16672187,0.16675623,0.16661072,0.16673242,1.0,1.0,1.0,1.0,0.84062401,0.86243552,0.8383373,0.86243552,0.81810873,0.83657824,0.81441486,0.83657824,0.84660453,0.84818763,0.81986779,0.84818763,0.82778345,0.84695651,0.82285822,0.84695651,0.87897026,0.88125691,0.85328887,0.88125691
0.16658571,0.1665937,0.16672184,0.1667566,0.16661091,0.16673115,1.0,1.0,1.0,1.0,0.81810873,0.83657824,0.81441486,0.83657824,0.84660453,0.84818763,0.81986779,0.84818763,0.82778345,0.84695651,0.82285822,0.84695651,0.87897026,0.88125691,0.85328887,0.88125691,0.87457263,0.90271653,0.87351721,0.90271653
0.16658416,0.1665939,0.1667213,0.16675708,0.1666119,0.16673175,1.0,1.0,1.0,1.0,0.84660453,0.84818763,0.81986779,0.84818763,0.82778345,0.84695651,0.82285822,0.84695651,0.87897026,0.88125691,0.85328887,0.88125691,0.87457263,0.90271653,0.87351721,0.90271653,0.8842472,0.89005185,0.87140654,0.89005185
0.16658407,0.16659404,0.16672108,0.16675858,0.16661127,0.16673091,1.0,1.0,1.0,1.0,0.82778345,0.84695651,0.82285822,0.84695651,0.87897026,0.88125691,0.85328887,0.88125691,0.87457263,0.90271653,0.87351721,0.90271653,0.8842472,0.89005185,0.87140654,0.89005185,0.85012271,0.89110728,0.83939283,0.89110728
0.16658229,0.16659515,0.1667206,0.16675915,0.16661079,0.16673209,1.0,1.0,1.0,1.0,0.87897026,0.88125691,0.85328887,0.88125691,0.87457263,0.90271653,0.87351721,0.90271653,0.8842472,0.89005185,0.87140654,0.89005185,0.85012271,0.89110728,0.83939283,0.89110728,0.85751024,0.86349082,0.84361416,0.86349082
0.16658436,0.16659486,0.16672146,0.1667582,0.16660976,0.16673137,1.0,1.0,1.0,1.0,0.87457263,0.90271653,0.87351721,0.90271653,0.8842472,0.89005185,0.87140654,0.89005185,0.85012271,0.89110728,0.83939283,0.89110728,0.85751024,0.86349082,0.84361416,0.86349082,0.89057933,0.90183689,0.87861815,0.90183689
0.16658387,0.16659436,0.16672163,0.16675791,0.16661058,0.16673163,1.0,1.0,1.0,1.0,0.8842472,0.89005185,0.87140654,0.89005185,0.85012271,0.89110728,0.83939283,0.89110728,0.85751024,0.86349082,0.84361416,0.86349082,0.89057933,0.90183689,0.87861815,0.90183689,0.8735173,0.87897021,0.86261154,0.87897021
0.16658442,0.16659376,0.16672152,0.16675745,0.1666111,0.16673177,1.0,1.0,1.0,1.0,0.85012271,0.89110728,0.83939283,0.89110728,0.85751024,0.86349082,0.84361416,0.86349082,0.89057933,0.90183689,0.87861815,0.90183689,0.8735173,0.87897021,0.86261154,0.87897021,0.92171371,0.93473024,0.90904892,0.93473024
0.1665846,0.16659488,0.16672112,0.16675854,0.16661082,0.16673,1.0,1.0,1.0,1.0,0.85751024,0.86349082,0.84361416,0.86349082,0.89057933,0.90183689,0.87861815,0.90183689,0.8735173,0.87897021,0.86261154,0.87897021,0.92171371,0.93473024,0.90904892,0.93473024,0.94440457,0.95319955,0.93226753,0.95319955
0.16658776,0.16659604,0.16672045,0.16676098,0.16660406,0.16673067,1.0,1.0,1.0,1.0,0.89057933,0.90183689,0.87861815,0.90183689,0.8735173,0.87897021,0.86261154,0.87897021,0.92171371,0.93473024,0.90904892,0.93473024,0.94440457,0.95319955,0.93226753,0.95319955,0.92505579,0.94669143,0.92452811,0.94669143
0.1665918,0.16659933,0.16671336,0.16676302,0.16660087,0.16673172,1.0,1.0,1.0,1.0,0.8735173,0.87897021,0.86261154,0.87897021,0.92171371,0.93473024,0.90904892,0.93473024,0.94440457,0.95319955,0.93226753,0.95319955,0.92505579,0.94669143,0.92452811,0.94669143,0.90359591,0.91133553,0.88864448,0.91133553
0.1665967,0.16660352,0.16670735,0.16676371,0.16659723,0.16673148,1.0,1.0,1.0,1.0,0.92171371,0.93473024,0.90904892,0.93473024,0.94440457,0.95319955,0.93226753,0.95319955,0.92505579,0.94669143,0.92452811,0.94669143,0.90359591,0.91133553,0.88864448,0.91133553,0.93138813,0.93420252,0.92188954,0.93420252
0.16659889,0.1666091,0.16670112,0.16676734,0.16659231,0.1667313,1.0,1.0,1.0,1.0,0.94440457,0.95319955,0.93226753,0.95319955,0.92505579,0.94669143,0.92452811,0.94669143,0.90359591,0.91133553,0.88864448,0.91133553,0.93138813,0.93420252,0.92188954,0.93420252,0.92593524,0.93455435,0.91925104,0.93455435
0.16660248,0.16661301,0.1666962,0.16677035,0.16658694,0.16673104,1.0,1.0,1.0,1.0,0.92505579,0.94669143,0.92452811,0.94669143,0.90359591,0.91133553,0.88864448,0.91133553,0.93138813,0.93420252,0.92188954,0.93420252,0.92593524,0.93455435,0.91925104,0.93455435,0.92751835,0.93033274,0.91467769,0.93033274
0.16660522,0.16661933,0.16669053,0.16677532,0.16657744,0.16673225,1.0,1.0,1.0,1.0,0.90359591,0.91133553,0.88864448,0.91133553,0.93138813,0.93420252,0.92188954,0.93420252,0.92593524,0.93455435,0.91925104,0.93455435,0.92751835,0.93033274,0.91467769,0.93033274,0.94123851,0.94546013,0.93173998,0.94546013
0.16660534,0.16662543,0.16668439,0.16677915,0.1665706,0.16673511,1.0,1.0,1.0,1.0,0.93138813,0.93420252,0.92188954,0.93420252,0.92593524,0.93455435,0.91925104,0.93455435,0.92751835,0.93033274,0.91467769,0.93033274,0.94123851,0.94546013,0.93173998,0.94546013,0.92804612,0.9451084,0.92663896,0.9451084
0.16660435,0.16663282,0.16667809,0.16678628,0.16656111,0.16673736,1.0,1.0,1.0,1.0,0.92593524,0.93455435,0.91925104,0.93455435,0.92751835,0.93033274,0.91467769,0.93033274,0.94123851,0.94546013,0.93173998,0.94546013,0.92804612,0.9451084,0.92663896,0.9451084,0.95830083,0.9619947,0.93983139,0.9619947
0.1666057,0.16663927,0.16667394,0.16679145,0.16655245,0.16673714,1.0,1.0,1.0,1.0,0.92751835,0.93033274,0.91467769,0.93033274,0.94123851,0.94546013,0.93173998,0.94546013,0.92804612,0.9451084,0.92663896,0.9451084,0.95830083,0.9619947,0.93983139,0.9619947,0.93455434,0.95706946,0.93156401,0.95706946
0.1666048,0.16665083,0.16666973,0.16679509,0.16654152,0.16673814,1.0,1.0,1.0,1.0,0.94123851,0.94546013,0.93173998,0.94546013,0.92804612,0.9451084,0.92663896,0.9451084,0.95830083,0.9619947,0.93983139,0.9619947,0.93455434,0.95706946,0.93156401,0.95706946,0.89884682,0.92452821,0.89867095,0.92452821
0.16660683,0.1666568,0.16667195,0.1667979,0.16653244,0.16673405,1.0,1.0,1.0,1.0,0.92804612,0.9451084,0.92663896,0.9451084,0.95830083,0.9619947,0.93983139,0.9619947,0.93455434,0.95706946,0.93156401,0.95706946,0.89884682,0.92452821,0.89867095,0.92452821,0.91731607,0.91784375,0.90201277,0.91784375
0.16660783,0.1666637,0.16667539,0.1667967,0.16652231,0.16673401,1.0,1.0,1.0,1.0,0.95830083,0.9619947,0.93983139,0.9619947,0.93455434,0.95706946,0.93156401,0.95706946,0.89884682,0.92452821,0.89867095,0.92452821,0.91731607,0.91784375,0.90201277,0.91784375,0.90957658,0.92487988,0.90728993,0.92487988
0.16661073,0.1666697,0.1666751,0.16679741,0.16651414,0.16673294,1.0,1.0,1.0,1.0,0.93455434,0.95706946,0.93156401,0.95706946,0.89884682,0.92452821,0.89867095,0.92452821,0.91731607,0.91784375,0.90201277,0.91784375,0.90957658,0.92487988,0.90728993,0.92487988,0.91696439,0.92558343,0.91467768,0.92558343
0.16661641,0.16667368,0.16667403,0.16679907,0.166507,0.16672975,1.0,1.0,1.0,1.0,0.89884682,0.92452821,0.89867095,0.92452821,0.91731607,0.91784375,0.90201277,0.91784375,0.90957658,0.92487988,0.90728993,0.92487988,0.91696439,0.92558343,0.91467768,0.92558343,0.92048228,0.93191571,0.91643653,0.93191571
0.16662428,0.16667841,0.16667145,0.16679665,0.16650015,0.16672902,1.0,1.0,1.0,1.0,0.91731607,0.91784375,0.90201277,0.91784375,0.90957658,0.92487988,0.90728993,0.92487988,0.91696439,0.92558343,0.91467768,0.92558343,0.92048228,0.93191571,0.91643653,0.93191571,0.93068448,0.93824817,0.92294493,0.93824817
0.16663235,0.16668347,0.16666707,0.16679779,0.1664907,0.16672868,1.0,1.0,1.0,1.0,0.90957658,0.92487988,0.90728993,0.92487988,0.91696439,0.92558343,0.91467768,0.92558343,0.92048228,0.93191571,0.91643653,0.93191571,0.93068448,0.93824817,0.92294493,0.93824817,0.92171371,0.92927739,0.9213619,0.92927739
0.16664146,0.16668855,0.16666766,0.16679454,0.16648076,0.16672702,1.0,1.0,1.0,1.0,0.91696439,0.92558343,0.91467768,0.92558343,0.92048228,0.93191571,0.91643653,0.93191571,0.93068448,0.93824817,0.92294493,0.93824817,0.92171371,0.92927739,0.9213619,0.92927739,0.89884682,0.92593537,0.89849508,0.92593537
0.1666501,0.16669181,0.16666843,0.16679065,0.16647138,0.16672769,1.0,1.0,1.0,1.0,0.92048228,0.93191571,0.91643653,0.93191571,0.93068448,0.93824817,0.92294493,0.93824817,0.92171371,0.92927739,0.9213619,0.92927739,0.89884682,0.92593537,0.89849508,0.92593537,0.89568061,0.9150296,0.88794105,0.9150296
0.16666059,0.16668569,0.1666698,0.16678818,0.16646688,0.16672887,1.0,1.0,1.0,1.0,0.93068448,0.93824817,0.92294493,0.93824817,0.92171371,0.92927739,0.9213619,0.92927739,0.89884682,0.92593537,0.89849508,0.92593537,0.89568061,0.9150296,0.88794105,0.9150296,0.91643662,0.91731617,0.87580387,0.91731617
0.16666876,0.166678,0.16667037,0.1667855,0.16646528,0.16673206,1.0,1.0,1.0,1.0,0.92171371,0.92927739,0.9213619,0.92927739,0.89884682,0.92593537,0.89849508,0.92593537,0.89568061,0.9150296,0.88794105,0.9150296,0.91643662,0.91731617,0.87580387,0.91731617,0.87597978,0.89796723,0.86859203,0.89796723
0.16667746,0.16667089,0.16667317,0.166784,0.1664609,0.16673362,1.0,1.0,1.0,1.0,0.89884682,0.92593537,0.89849508,0.92593537,0.89568061,0.9150296,0.88794105,0.9150296,0.91643662,0.91731617,0.87580387,0.91731617,0.87597978,0.89796723,0.86859203,0.89796723,0.91239103,0.91801981,0.89304211,0.91801981
0.16668491,0.16665809,0.1666825,0.16678087,0.16646132,0.16673224,1.0,1.0,1.0,1.0,0.89568061,0.9150296,0.88794105,0.9150296,0.91643662,0.91731617,0.87580387,0.91731617,0.87597978,0.89796723,0.86859203,0.89796723,0.91239103,0.91801981,0.89304211,0.91801981,0.89374561,0.90517904,0.89356967,0.90517904
0.16669393,0.16664612,0.16668977,0.16677761,0.16646023,0.16673236,1.0,1.0,1.0,1.0,0.91643662,0.91731617,0.87580387,0.91731617,0.87597978,0.89796723,0.86859203,0.89796723,0.91239103,0.91801981,0.89304211,0.91801981,0.89374561,0.90517904,0.89356967,0.90517904,0.91186326,0.91626075,0.88829271,0.91626075
0.16670202,0.16663653,0.16669758,0.16677883,0.1664565,0.16672853,1.0,1.0,1.0,1.0,0.87597978,0.89796723,0.86859203,0.89796723,0.91239103,0.91801981,0.89304211,0.91801981,0.89374561,0.90517904,0.89356967,0.90517904,0.91186326,0.91626075,0.88829271,0.91626075,0.8926902,0.91837152,0.89163478,0.91837152
0.16670457,0.16663171,0.16670875,0.16677958,0.16645023,0.16672513,1.0,1.0,1.0,1.0,0.91239103,0.91801981,0.89304211,0.91801981,0.89374561,0.90517904,0.89356967,0.90517904,0.91186326,0.91626075,0.88829271,0.91626075,0.8926902,0.91837152,0.89163478,0.91837152,0.87597978,0.89462516,0.87263772,0.89462516
0.16670725,0.16662301,0.16672044,0.16677968,0.16644543,0.16672418,1.0,1.0,1.0,1.0,0.89374561,0.90517904,0.89356967,0.90517904,0.91186326,0.91626075,0.88829271,0.91626075,0.8926902,0.91837152,0.89163478,0.91837152,0.87597978,0.89462516,0.87263772,0.89462516,0.89392156,0.90412376,0.89339388,0.90412376
0.16670847,0.16661432,0.16673046,0.16678059,0.16644222,0.16672395,1.0,1.0,1.0,1.0,0.91186326,0.91626075,0.88829271,0.91626075,0.8926902,0.91837152,0.89163478,0.91837152,0.87597978,0.89462516,0.87263772,0.89462516,0.89392156,0.90412376,0.89339388,0.90412376,0.91010428,0.91010428,0.89269019,0.91010428
0.16671006,0.16660398,0.16674171,0.16678067,0.1664403,0.16672325,1.0,1.0,1.0,1.0,0.8926902,0.91837152,0.89163478,0.91837152,0.87597978,0.89462516,0.87263772,0.89462516,0.89392156,0.90412376,0.89339388,0.90412376,0.91010428,0.91010428,0.89269019,0.91010428,0.88442293,0.90799348,0.88125674,0.90799348
0.16671523,0.16659543,0.16675325,0.16678084,0.16643201,0.16672322,1.0,1.0,1.0,1.0,0.87597978,0.89462516,0.87263772,0.89462516,0.89392156,0.90412376,0.89339388,0.90412376,0.91010428,0.91010428,0.89269019,0.91010428,0.88442293,0.90799348,0.88125674,0.90799348,0.88530261,0.89233855,0.8770353,0.89233855
0.16671813,0.16658296,0.16676797,0.1667816,0.16642874,0.16672058,1.0,1.0,1.0,1.0,0.89392156,0.90412376,0.89339388,0.90412376,0.91010428,0.91010428,0.89269019,0.91010428,0.88442293,0.90799348,0.88125674,0.90799348,0.88530261,0.89233855,0.8770353,0.89233855,0.89761554,0.90201303,0.8889965,0.90201303
0.16671526,0.16657427,0.16678433,0.16677798,0.16642772,0.16672038,1.0,1.0,1.0,1.0,0.91010428,0.91010428,0.89269019,0.91010428,0.88442293,0.90799348,0.88125674,0.90799348,0.88530261,0.89233855,0.8770353,0.89233855,0.89761554,0.90201303,0.8889965,0.90201303,0.91485352,0.91538126,0.90218879,0.91538126
0.16671346,0.16656707,0.16679956,0.1667781,0.16642377,0.16671805,1.0,1.0,1.0,1.0,0.88442293,0.90799348,0.88125674,0.90799348,0.88530261,0.89233855,0.8770353,0.89233855,0.89761554,0.90201303,0.8889965,0.90201303,0.91485352,0.91538126,0.90218879,0.91538126,0.93332321,0.93666528,0.92206558,0.93666528
0.1667148,0.16656385,0.16681002,0.16678207,0.1664114,0.16671789,1.0,1.0,1.0,1.0,0.88530261,0.89233855,0.8770353,0.89233855,0.89761554,0.90201303,0.8889965,0.90201303,0.91485352,0.91538126,0.90218879,0.91538126,0.93332321,0.93666528,0.92206558,0.93666528,0.9547828,0.95636589,0.93279535,0.95636589
0.16671899,0.16655532,0.16682653,0.16678824,0.16639698,0.16671392,1.0,1.0,1.0,1.0,0.89761554,0.90201303,0.8889965,0.90201303,0.91485352,0.91538126,0.90218879,0.91538126,0.93332321,0.93666528,0.92206558,0.93666528,0.9547828,0.95636589,0.93279535,0.95636589,0.97096559,0.99101813,0.96850301,0.99101813
0.16672868,0.16654287,0.16683912,0.16680144,0.16637887,0.16670913,1.0,1.0,1.0,1.0,0.91485352,0.91538126,0.90218879,0.91538126,0.93332321,0.93666528,0.92206558,0.93666528,0.9547828,0.95636589,0.93279535,0.95636589,0.97096559,0.99101813,0.96850301,0.99101813,0.97747373,0.98116761,0.96234636,0.98116761
0.16673605,0.16653329,0.16685279,0.16681474,0.16635983,0.16670327,1.0,1.0,1.0,1.0,0.93332321,0.93666528,0.92206558,0.93666528,0.9547828,0.95636589,0.93279535,0.95636589,0.97096559,0.99101813,0.96850301,0.99101813,0.97747373,0.98116761,0.96234636,0.98116761,0.99576741,0.99611921,0.96656808,0.99611921
0.16674072,0.1665235,0.16686572,0.16682594,0.16634375,0.16670036,1.0,1.0,1.0,1.0,0.9547828,0.95636589,0.93279535,0.95636589,0.97096559,0.99101813,0.96850301,0.99101813,0.97747373,0.98116761,0.96234636,0.98116761,0.99576741,0.99611921,0.96656808,0.99611921,1.01230224,1.02092135,0.99946158,1.02092135
0.16674045,0.16651836,0.16687645,0.16683853,0.16632792,0.16669835,1.0,1.0,1.0,1.0,0.97096559,0.99101813,0.96850301,0.99101813,0.97747373,0.98116761,0.96234636,0.98116761,0.99576741,0.99611921,0.96656808,0.99611921,1.01230224,1.02092135,0.99946158,1.02092135,0.96815128,0.9922495,0.96762353,0.9922495
0.16673936,0.16651091,0.16688818,0.16684787,0.16631664,0.16669708,1.0,1.0,1.0,1.0,0.97747373,0.98116761,0.96234636,0.98116761,0.99576741,0.99611921,0.96656808,0.99611921,1.01230224,1.02092135,0.99946158,1.02092135,0.96815128,0.9922495,0.96762353,0.9922495,0.98503765,1.00034089,0.97360415,1.00034089
0.16673644,0.16650443,0.16690513,0.16684924,0.16630754,0.16669719,1.0,1.0,1.0,1.0,0.99576741,0.99611921,0.96656808,0.99611921,1.01230224,1.02092135,0.99946158,1.02092135,0.96815128,0.9922495,0.96762353,0.9922495,0.98503765,1.00034089,0.97360415,1.00034089,0.98538933,0.9871483,0.95900439,0.9871483
0.16673245,0.16650532,0.16691679,0.16684833,0.16630359,0.16669355,1.0,1.0,1.0,1.0,1.01230224,1.02092135,0.99946158,1.02092135,0.96815128,0.9922495,0.96762353,0.9922495,0.98503765,1.00034089,0.97360415,1.00034089,0.98538933,0.9871483,0.95900439,0.9871483,0.98151969,1.00262765,0.97694633,1.00262765
0.16673,0.16650802,0.16692403,0.16685297,0.16629729,0.16668776,1.0,1.0,1.0,1.0,0.96815128,0.9922495,0.96762353,0.9922495,0.98503765,1.00034089,0.97360415,1.00034089,0.98538933,0.9871483,0.95900439,0.9871483,0.98151969,1.00262765,0.97694633,1.00262765,0.99559146,0.99946127,0.9831026,0.99946127
0.16672896,0.16650893,0.16693284,0.16685309,0.16629343,0.16668281,1.0,1.0,1.0,1.0,0.98503765,1.00034089,0.97360415,1.00034089,0.98538933,0.9871483,0.95900439,0.9871483,0.98151969,1.00262765,0.97694633,1.00262765,0.99559146,0.99946127,0.9831026,0.99946127,0.99506002,1.00197138,0.98868028,1.00197138
0.16673404,0.16650328,0.16694467,0.16685934,0.16628341,0.16667524,1.0,1.0,1.0,1.0,0.98538933,0.9871483,0.95900439,0.9871483,0.98151969,1.00262765,0.97694633,1.00262765,0.99559146,0.99946127,0.9831026,0.99946127,0.99506002,1.00197138,0.98868028,1.00197138,0.98017382,1.00126233,0.97946495,1.00126233
0.16673957,0.16648906,0.16695568,0.16686617,0.16628139,0.16666813,1.0,1.0,1.0,1.0,0.98151969,1.00262765,0.97694633,1.00262765,0.99559146,0.99946127,0.9831026,0.99946127,0.99506002,1.00197138,0.98868028,1.00197138,0.98017382,1.00126233,0.97946495,1.00126233,0.9924016,0.9924016,0.980351,0.9924016
0.16673988,0.16647807,0.16696708,0.16687322,0.1662812,0.16666053,1.0,1.0,1.0,1.0,0.99559146,0.99946127,0.9831026,0.99946127,0.99506002,1.00197138,0.98868028,1.00197138,0.98017382,1.00126233,0.97946495,1.00126233,0.9924016,0.9924016,0.980351,0.9924016,1.00586995,1.01295856,1.00179403,1.01295856
0.16674247,0.1664671,0.16697703,0.1668738,0.16628014,0.16665946,1.0,1.0,1.0,1.0,0.99506002,1.00197138,0.98868028,1.00197138,0.98017382,1.00126233,0.97946495,1.00126233,0.9924016,0.9924016,0.980351,0.9924016,1.00586995,1.01295856,1.00179403,1.01295856,1.0026801,1.01118639,0.99523705,1.01118639
0.16674724,0.1664545,0.16698743,0.16687241,0.16628124,0.16665715,1.0,1.0,1.0,1.0,0.98017382,1.00126233,0.97946495,1.00126233,0.9924016,0.9924016,0.980351,0.9924016,1.00586995,1.01295856,1.00179403,1.01295856,1.0026801,1.01118639,0.99523705,1.01118639,1.01083212,1.01171818,0.99151572,1.01171818
0.16675565,0.16644561,0.16700333,0.1668634,0.16627912,0.16665295,1.0,1.0,1.0,1.0,0.9924016,0.9924016,0.980351,0.9924016,1.00586995,1.01295856,1.00179403,1.01295856,1.0026801,1.01118639,0.99523705,1.01118639,1.01083212,1.01171818,0.99151572,1.01171818,0.99824973,1.01473063,0.99612311,1.01473063
0.16676003,0.16643927,0.16701594,0.16686349,0.16627225,0.1666491,1.0,1.0,1.0,1.0,1.00586995,1.01295856,1.00179403,1.01295856,1.0026801,1.01118639,0.99523705,1.01118639,1.01083212,1.01171818,0.99151572,1.01171818,0.99824973,1.01473063,0.99612311,1.01473063,0.99931312,0.99966755,0.98637646,0.99966755
0.16676398,0.16642755,0.16703188,0.16686387,0.16626868,0.16664404,1.0,1.0,1.0,1.0,1.0026801,1.01118639,0.99523705,1.01118639,1.01083212,1.01171818,0.99151572,1.01171818,0.99824973,1.01473063,0.99612311,1.01473063,0.99931312,0.99966755,0.98637646,0.99966755,1.00604708,1.00994582,0.9957686,1.00994582
0.1667662,0.16641293,0.16705225,0.16686015,0.16626965,0.16663885,1.0,1.0,1.0,1.0,1.01083212,1.01171818,0.99151572,1.01171818,0.99824973,1.01473063,0.99612311,1.01473063,0.99931312,0.99966755,0.98637646,0.99966755,1.00604708,1.00994582,0.9957686,1.00994582,1.00693319,1.01845217,1.00586988,1.01845217
0.16677041,0.16639996,0.1670628,0.16685487,0.16627268,0.1666393,1.0,1.0,1.0,1.0,0.99824973,1.01473063,0.99612311,1.01473063,0.99931312,0.99966755,0.98637646,0.99966755,1.00604708,1.00994582,0.9957686,1.00994582,1.00693319,1.01845217,1.00586988,1.01845217,1.03883192,1.04680659,1.02695858,1.04680659
0.16677131,0.16638309,0.16708016,0.1668552,0.16627376,0.1666364,1.0,1.0,1.0,1.0,0.99931312,0.99966755,0.98637646,0.99966755,1.00604708,1.00994582,0.9957686,1.00994582,1.00693319,1.01845217,1.00586988,1.01845217,1.03883192,1.04680659,1.02695858,1.04680659,1.09660391,1.10103427,1.07321159,1.10103427
0.16677777,0.16636401,0.16710609,0.16685906,0.16627073,0.16662236,1.0,1.0,1.0,1.0,1.00604708,1.00994582,0.9957686,1.00994582,1.00693319,1.01845217,1.00586988,1.01845217,1.03883192,1.04680659,1.02695858,1.04680659,1.09660391,1.10103427,1.07321159,1.10103427,1.07586994,1.08986991,1.07533832,1.08986991
0.1667941,0.1663387,0.16713731,0.16686316,0.1662647,0.16660205,1.0,1.0,1.0,1.0,1.00693319,1.01845217,1.00586988,1.01845217,1.03883192,1.04680659,1.02695858,1.04680659,1.09660391,1.10103427,1.07321159,1.10103427,1.07586994,1.08986991,1.07533832,1.08986991,1.10918607,1.11184432,1.08986968,1.11184432
0.1668093,0.1663052,0.16717136,0.16686265,0.16626519,0.16658624,1.0,1.0,1.0,1.0,1.03883192,1.04680659,1.02695858,1.04680659,1.09660391,1.10103427,1.07321159,1.10103427,1.07586994,1.08986991,1.07533832,1.08986991,1.10918607,1.11184432,1.08986968,1.11184432,1.1479961,1.15136322,1.11450256,1.15136322
0.16681969,0.16627547,0.16719545,0.1668635,0.16627562,0.16657029,1.0,1.0,1.0,1.0,1.09660391,1.10103427,1.07321159,1.10103427,1.07586994,1.08986991,1.07533832,1.08986991,1.10918607,1.11184432,1.08986968,1.11184432,1.1479961,1.15136322,1.11450256,1.15136322,1.13151523,1.14409745,1.11981907,1.14409745
0.1668348,0.16624248,0.16723713,0.16686887,0.1662749,0.16654181,1.0,1.0,1.0,1.0,1.07586994,1.08986991,1.07533832,1.08986991,1.10918607,1.11184432,1.08986968,1.11184432,1.1479961,1.15136322,1.11450256,1.15136322,1.13151523,1.14409745,1.11981907,1.14409745,1.15313517,1.18875534,1.1515403,1.18875534
0.16684759,0.16621844,0.16727577,0.16686304,0.16627103,0.16652417,1.0,1.0,1.0,1.0,1.10918607,1.11184432,1.08986968,1.11184432,1.1479961,1.15136322,1.11450256,1.15136322,1.13151523,1.14409745,1.11981907,1.14409745,1.15313517,1.18875534,1.1515403,1.18875534,1.18662872,1.18786922,1.15774279,1.18786922
0.16686188,0.16619632,0.16731372,0.1668628,0.16626975,0.16649559,1.0,1.0,1.0,1.0,1.1479961,1.15136322,1.11450256,1.15136322,1.13151523,1.14409745,1.11981907,1.14409745,1.15313517,1.18875534,1.1515403,1.18875534,1.18662872,1.18786922,1.15774279,1.18786922,1.17067972,1.19105943,1.15473051,1.19105943
0.16688731,0.16616322,0.16735072,0.166867,0.1662746,0.16645713,1.0,1.0,1.0,1.0,1.13151523,1.14409745,1.11981907,1.14409745,1.15313517,1.18875534,1.1515403,1.18875534,1.18662872,1.18786922,1.15774279,1.18786922,1.17067972,1.19105943,1.15473051,1.19105943,1.18007188,1.18078076,1.13984423,1.18078076
0.16690896,0.16614717,0.16737309,0.1668592,0.1662858,0.1664258,1.0,1.0,1.0,1.0,1.15313517,1.18875534,1.1515403,1.18875534,1.18662872,1.18786922,1.15774279,1.18786922,1.17067972,1.19105943,1.15473051,1.19105943,1.18007188,1.18078076,1.13984423,1.18078076,1.1767049,1.20505921,1.17617328,1.20505921
0.16692443,0.16614449,0.16738175,0.1668581,0.16629341,0.16639777,1.0,1.0,1.0,1.0,1.18662872,1.18786922,1.15774279,1.18786922,1.17067972,1.19105943,1.15473051,1.19105943,1.18007188,1.18078076,1.13984423,1.18078076,1.1767049,1.20505921,1.17617328,1.20505921,1.18538858,1.18698358,1.16607225,1.18698358
0.16695063,0.16614501,0.1673641,0.16686153,0.16630025,0.16637838,1.0,1.0,1.0,1.0,1.17067972,1.19105943,1.15473051,1.19105943,1.18007188,1.18078076,1.13984423,1.18078076,1.1767049,1.20505921,1.17617328,1.20505921,1.18538858,1.18698358,1.16607225,1.18698358,1.20169219,1.22721113,1.19992007,1.22721113
0.16698442,0.16613872,0.1673519,0.16686723,0.16629846,0.16635916,1.0,1.0,1.0,1.0,1.18007188,1.18078076,1.13984423,1.18078076,1.1767049,1.20505921,1.17617328,1.20505921,1.18538858,1.18698358,1.16607225,1.18698358,1.20169219,1.22721113,1.19992007,1.22721113,1.21445148,1.22100846,1.20559075,1.22100846
0.16702183,0.16611642,0.16735758,0.16687024,0.16630353,0.1663304,1.0,1.0,1.0,1.0,1.1767049,1.20505921,1.17617328,1.20505921,1.18538858,1.18698358,1.16607225,1.18698358,1.20169219,1.22721113,1.19992007,1.22721113,1.21445148,1.22100846,1.20559075,1.22100846,1.19389485,1.21392005,1.18290749,1.21392005
0.16707851,0.16608582,0.16736436,0.16687131,0.1663089,0.16629118,1.0,1.0,1.0,1.0,1.18538858,1.18698358,1.16607225,1.18698358,1.20169219,1.22721113,1.19992007,1.22721113,1.21445148,1.22100846,1.20559075,1.22100846,1.19389485,1.21392005,1.18290749,1.21392005,1.30961565,1.36260276,1.26442588,1.36260276
0.16714111,0.16607438,0.16734153,0.1668724,0.16631615,0.16625443,1.0,1.0,1.0,1.0,1.20169219,1.22721113,1.19992007,1.22721113,1.21445148,1.22100846,1.20559075,1.22100846,1.19389485,1.21392005,1.18290749,1.21392005,1.30961565,1.36260276,1.26442588,1.36260276,1.47531153,1.47796977,1.42533702,1.47796977
0.16723983,0.16603771,0.1673175,0.16687518,0.1663293,0.16620047,1.0,1.0,1.0,1.0,1.21445148,1.22100846,1.20559075,1.22100846,1.19389485,1.21392005,1.18290749,1.21392005,1.30961565,1.36260276,1.26442588,1.36260276,1.47531153,1.47796977,1.42533702,1.47796977,1.36313468,1.41027383,1.35551445,1.41027383
0.16735314,0.16597702,0.16735551,0.16687432,0.16629265,0.16614732,1.0,1.0,1.0,1.0,1.19389485,1.21392005,1.18290749,1.21392005,1.30961565,1.36260276,1.26442588,1.36260276,1.47531153,1.47796977,1.42533702,1.47796977,1.36313468,1.41027383,1.35551445,1.41027383,1.46503266,1.47743776,1.36561529,1.47743776
0.16745035,0.16593762,0.16736975,0.16687231,0.16625057,0.16611937,1.0,1.0,1.0,1.0,1.30961565,1.36260276,1.26442588,1.36260276,1.47531153,1.47796977,1.42533702,1.47796977,1.36313468,1.41027383,1.35551445,1.41027383,1.46503266,1.47743776,1.36561529,1.47743776,1.41647609,1.44040003,1.39308377,1.44040003
0.16751729,0.16592447,0.16736078,0.16684464,0.16624807,0.1661047,1.0,1.0,1.0,1.0,1.47531153,1.47796977,1.42533702,1.47796977,1.36313468,1.41027383,1.35551445,1.41027383,1.46503266,1.47743776,1.36561529,1.47743776,1.41647609,1.44040003,1.39308377,1.44040003,1.39804586,1.41364069,1.37359029,1.41364069
0.16759779,0.16591464,0.16733097,0.16684493,0.16623855,0.16607313,1.0,1.0,1.0,1.0,1.36313468,1.41027383,1.35551445,1.41027383,1.46503266,1.47743776,1.36561529,1.47743776,1.41647609,1.44040003,1.39308377,1.44040003,1.39804586,1.41364069,1.37359029,1.41364069,1.39910902,1.40265339,1.3718181,1.40265339
0.16765153,0.16592073,0.16728242,0.16684622,0.16624418,0.16605493,1.0,1.0,1.0,1.0,1.46503266,1.47743776,1.36561529,1.47743776,1.41647609,1.44040003,1.39308377,1.44040003,1.39804586,1.41364069,1.37359029,1.41364069,1.39910902,1.40265339,1.3718181,1.40265339,1.42108357,1.42108357,1.39538738,1.42108357
0.16771314,0.16595232,0.16721365,0.1668467,0.1662314,0.16604279,1.0,1.0,1.0,1.0,1.41647609,1.44040003,1.39308377,1.44040003,1.39804586,1.41364069,1.37359029,1.41364069,1.39910902,1.40265339,1.3718181,1.40265339,1.42108357,1.42108357,1.39538738,1.42108357,1.44660229,1.48860219,1.42781759,1.48860219
0.16780499,0.16597511,0.16715805,0.16683982,0.16620472,0.16601732,1.0,1.0,1.0,1.0,1.39804586,1.41364069,1.37359029,1.41364069,1.39910902,1.40265339,1.3718181,1.40265339,1.42108357,1.42108357,1.39538738,1.42108357,1.44660229,1.48860219,1.42781759,1.48860219,1.42693185,1.45493179,1.42161549,1.45493179
0.1678792,0.16598512,0.16712962,0.16685422,0.16617084,0.16598102,1.0,1.0,1.0,1.0,1.39910902,1.40265339,1.3718181,1.40265339,1.42108357,1.42108357,1.39538738,1.42108357,1.44660229,1.48860219,1.42781759,1.48860219,1.42693185,1.45493179,1.42161549,1.45493179,1.41824832,1.43171666,1.4072611,1.43171666
0.16793066,0.16600463,0.16710515,0.1668707,0.16613889,0.16594994,1.0,1.0,1.0,1.0,1.42108357,1.42108357,1.39538738,1.42108357,1.44660229,1.48860219,1.42781759,1.48860219,1.42693185,1.45493179,1.42161549,1.45493179,1.41824832,1.43171666,1.4072611,1.43171666,1.41541292,1.43277987,1.40389395,1.43277987
0.16798179,0.16603167,0.16705273,0.16687915,0.16612993,0.16592473,1.0,1.0,1.0,1.0,1.44660229,1.48860219,1.42781759,1.48860219,1.42693185,1.45493179,1.42161549,1.45493179,1.41824832,1.43171666,1.4072611,1.43171666,1.41541292,1.43277987,1.40389395,1.43277987,1.38121052,1.40353946,1.38121052,1.40353946
0.16803208,0.16604586,0.16700739,0.16686682,0.16614468,0.1659031,1.0,1.0,1.0,1.0,1.42693185,1.45493179,1.42161549,1.45493179,1.41824832,1.43171666,1.4072611,1.43171666,1.41541292,1.43277987,1.40389395,1.43277987,1.38121052,1.40353946,1.38121052,1.40353946,1.40690644,1.40974193,1.37748889,1.40974193
0.1680459,0.16607948,0.16697082,0.16683766,0.1661775,0.16588867,1.0,1.0,1.0,1.0,1.41824832,1.43171666,1.4072611,1.43171666,1.41541292,1.43277987,1.40389395,1.43277987,1.38121052,1.40353946,1.38121052,1.40353946,1.40690644,1.40974193,1.37748889,1.40974193,1.38759009,1.40176718,1.37926099,1.40176718
0.16810669,0.1660815,0.16692765,0.16681631,0.16621827,0.1658496,1.0,1.0,1.0,1.0,1.41541292,1.43277987,1.40389395,1.43277987,1.38121052,1.40353946,1.38121052,1.40353946,1.40690644,1.40974193,1.37748889,1.40974193,1.38759009,1.40176718,1.37926099,1.40176718,1.38953967,1.40407126,1.38315993,1.40407126
0.16817965,0.16606648,0.16688569,0.16680464,0.16626306,0.16580054,1.0,1.0,1.0,1.0,1.38121052,1.40353946,1.38121052,1.40353946,1.40690644,1.40974193,1.37748889,1.40974193,1.38759009,1.40176718,1.37926099,1.40176718,1.38953967,1.40407126,1.38315993,1.40407126,1.42108357,1.43348853,1.41169122,1.43348853
0.16824834,0.16608067,0.1668199,0.16677222,0.16631567,0.1657631,1.0,1.0,1.0,1.0,1.40690644,1.40974193,1.37748889,1.40974193,1.38759009,1.40176718,1.37926099,1.40176718,1.38953967,1.40407126,1.38315993,1.40407126,1.42108357,1.43348853,1.41169122,1.43348853,1.40726097,1.43224816,1.40442547,1.43224816
0.1682355,0.16609906,0.16677922,0.16676128,0.1663632,0.16576174,1.0,1.0,1.0,1.0,1.38759009,1.40176718,1.37926099,1.40176718,1.38953967,1.40407126,1.38315993,1.40407126,1.42108357,1.43348853,1.41169122,1.43348853,1.40726097,1.43224816,1.40442547,1.43224816,1.39184319,1.40407104,1.38670395,1.40407104
0.16828214,0.16610284,0.16674067,0.16677605,0.16638696,0.16571134,1.0,1.0,1.0,1.0,1.38953967,1.40407126,1.38315993,1.40407126,1.42108357,1.43348853,1.41169122,1.43348853,1.40726097,1.43224816,1.40442547,1.43224816,1.39184319,1.40407104,1.38670395,1.40407104,1.36118526,1.36632449,1.34647655,1.36632449
0.16837922,0.1660698,0.16671987,0.16678089,0.16643314,0.16561712,1.0,1.0,1.0,1.0,1.42108357,1.43348853,1.41169122,1.43348853,1.40726097,1.43224816,1.40442547,1.43224816,1.39184319,1.40407104,1.38670395,1.40407104,1.36118526,1.36632449,1.34647655,1.36632449,1.38829902,1.39521051,1.37979279,1.39521051
0.16844597,0.1660619,0.16670208,0.16679715,0.16647053,0.16552241,1.0,1.0,1.0,1.0,1.40726097,1.43224816,1.40442547,1.43224816,1.39184319,1.40407104,1.38670395,1.40407104,1.36118526,1.36632449,1.34647655,1.36632449,1.38829902,1.39521051,1.37979279,1.39521051,1.3982232,1.41612191,1.39095733,1.41612191
0.16849409,0.16604221,0.16671178,0.16681725,0.16650578,0.16542892,1.0,1.0,1.0,1.0,1.39184319,1.40407104,1.38670395,1.40407104,1.36118526,1.36632449,1.34647655,1.36632449,1.38829902,1.39521051,1.37979279,1.39521051,1.3982232,1.41612191,1.39095733,1.41612191,1.41842581,1.42622329,1.40832458,1.42622329
0.16858321,0.1659805,0.16673613,0.16685309,0.1665505,0.16529658,1.0,1.0,1.0,1.0,1.36118526,1.36632449,1.34647655,1.36632449,1.38829902,1.39521051,1.37979279,1.39521051,1.3982232,1.41612191,1.39095733,1.41612191,1.41842581,1.42622329,1.40832458,1.42622329,1.4487295,1.45617248,1.43561565,1.45617248
0.16870238,0.1659075,0.16676582,0.1668958,0.1666128,0.16511567,1.0,1.0,1.0,1.0,1.38829902,1.39521051,1.37979279,1.39521051,1.3982232,1.41612191,1.39095733,1.41612191,1.41842581,1.42622329,1.40832458,1.42622329,1.4487295,1.45617248,1.43561565,1.45617248,1.42834955,1.45865323,1.42072932,1.45865323
0.16883878,0.16584237,0.16677032,0.16695093,0.16667672,0.16492087,1.0,1.0,1.0,1.0,1.3982232,1.41612191,1.39095733,1.41612191,1.41842581,1.42622329,1.40832458,1.42622329,1.4487295,1.45617248,1.43561565,1.45617248,1.42834955,1.45865323,1.42072932,1.45865323,1.42551401,1.43331135,1.41612166,1.43331135
0.16902684,0.16571717,0.16677625,0.16702265,0.16675974,0.16469735,1.0,1.0,1.0,1.0,1.41842581,1.42622329,1.40832458,1.42622329,1.4487295,1.45617248,1.43561565,1.45617248,1.42834955,1.45865323,1.42072932,1.45865323,1.42551401,1.43331135,1.41612166,1.43331135,1.40442557,1.41346356,1.3945016,1.41346356
0.16921107,0.16560693,0.16672958,0.16710927,0.16685857,0.16448463,1.0,1.0,1.0,1.0,1.4487295,1.45617248,1.43561565,1.45617248,1.42834955,1.45865323,1.42072932,1.45865323,1.42551401,1.43331135,1.41612166,1.43331135,1.40442557,1.41346356,1.3945016,1.41346356,1.44518518,1.44607117,1.41753961,1.44607117
0.16941667,0.16549213,0.16667973,0.1671596,0.16697392,0.16427802,1.0,1.0,1.0,1.0,1.42834955,1.45865323,1.42072932,1.45865323,1.42551401,1.43331135,1.41612166,1.43331135,1.40442557,1.41346356,1.3945016,1.41346356,1.44518518,1.44607117,1.41753961,1.44607117,1.45617223,1.46574184,1.41559007,1.46574184
0.1695953,0.16534892,0.16663311,0.16725874,0.16711651,0.16404746,1.0,1.0,1.0,1.0,1.42551401,1.43331135,1.41612166,1.43331135,1.40442557,1.41346356,1.3945016,1.41346356,1.44518518,1.44607117,1.41753961,1.44607117,1.45617223,1.46574184,1.41559007,1.46574184,1.43862812,1.44979259,1.38900798,1.44979259
0.16979682,0.16520225,0.1665854,0.16735516,0.16724627,0.1638141,1.0,1.0,1.0,1.0,1.40442557,1.41346356,1.3945016,1.41346356,1.44518518,1.44607117,1.41753961,1.44607117,1.45617223,1.46574184,1.41559007,1.46574184,1.43862812,1.44979259,1.38900798,1.44979259,1.3984001,1.44376698,1.37181792,1.44376698
0.17008962,0.16501828,0.16656065,0.16736765,0.16737823,0.16358554,1.0,1.0,1.0,1.0,1.44518518,1.44607117,1.41753961,1.44607117,1.45617223,1.46574184,1.41559007,1.46574184,1.43862812,1.44979259,1.38900798,1.44979259,1.3984001,1.44376698,1.37181792,1.44376698,1.37022332,1.40265363,1.3684512,1.40265363
0.17030714,0.16480134,0.16660625,0.16731785,0.16749789,0.16346954,1.0,1.0,1.0,1.0,1.45617223,1.46574184,1.41559007,1.46574184,1.43862812,1.44979259,1.38900798,1.44979259,1.3984001,1.44376698,1.37181792,1.44376698,1.37022332,1.40265363,1.3684512,1.40265363,1.40708378,1.41240013,1.39202057,1.41240013
0.17048146,0.16463143,0.16665573,0.16720201,0.16756862,0.16346076,1.0,1.0,1.0,1.0,1.43862812,1.44979259,1.38900798,1.44979259,1.3984001,1.44376698,1.37181792,1.44376698,1.37022332,1.40265363,1.3684512,1.40265363,1.40708378,1.41240013,1.39202057,1.41240013,1.3982232,1.43951423,1.3957422,1.43951423
0.17058931,0.16444342,0.16674636,0.16713497,0.16768105,0.16340491,1.0,1.0,1.0,1.0,1.3984001,1.44376698,1.37181792,1.44376698,1.37022332,1.40265363,1.3684512,1.40265363,1.40708378,1.41240013,1.39202057,1.41240013,1.3982232,1.43951423,1.3957422,1.43951423,1.39680535,1.42303317,1.39290661,1.42303317
0.17083508,0.16418105,0.16683526,0.16702044,0.1678179,0.16331029,1.0,1.0,1.0,1.0,1.37022332,1.40265363,1.3684512,1.40265363,1.40708378,1.41240013,1.39202057,1.41240013,1.3982232,1.43951423,1.3957422,1.43951423,1.39680535,1.42303317,1.39290661,1.42303317,1.42657717,1.43756452,1.41683031,1.43756452
0.17112406,0.16393979,0.16681187,0.16691285,0.16797833,0.16323315,1.0,1.0,1.0,1.0,1.40708378,1.41240013,1.39202057,1.41240013,1.3982232,1.43951423,1.3957422,1.43951423,1.39680535,1.42303317,1.39290661,1.42303317,1.42657717,1.43756452,1.41683031,1.43756452,1.52138739,1.53804561,1.44217244,1.53804561
0.17157035,0.16366701,0.16675134,0.16673042,0.16816561,0.1631153,1.0,1.0,1.0,1.0,1.3982232,1.43951423,1.3957422,1.43951423,1.39680535,1.42303317,1.39290661,1.42303317,1.42657717,1.43756452,1.41683031,1.43756452,1.52138739,1.53804561,1.44217244,1.53804561,1.47318491,1.53272902,1.47159004,1.53272902
0.172191,0.16320282,0.16666307,0.16649559,0.1685843,0.16286327,1.0,1.0,1.0,1.0,1.39680535,1.42303317,1.39290661,1.42303317,1.42657717,1.43756452,1.41683031,1.43756452,1.52138739,1.53804561,1.44217244,1.53804561,1.47318491,1.53272902,1.47159004,1.53272902,1.45905918,1.46582805,1.43590228,1.46582805
0.1728125,0.16264026,0.16658315,0.16627303,0.1691527,0.16253835,1.0,1.0,1.0,1.0,1.42657717,1.43756452,1.41683031,1.43756452,1.52138739,1.53804561,1.44217244,1.53804561,1.47318491,1.53272902,1.47159004,1.53272902,1.45905918,1.46582805,1.43590228,1.46582805,1.42913345,1.47562514,1.42699585,1.47562514
0.17285195,0.16258739,0.1665139,0.16604918,0.16934511,0.16265248,1.0,1.0,1.0,1.0,1.52138739,1.53804561,1.44217244,1.53804561,1.47318491,1.53272902,1.47159004,1.53272902,1.45905918,1.46582805,1.43590228,1.46582805,1.42913345,1.47562514,1.42699585,1.47562514,1.43554597,1.43661484,1.40864851,1.43661484
0.17370573,0.1619387,0.16643585,0.16567549,0.16996075,0.16228351,1.0,1.0,1.0,1.0,1.47318491,1.53272902,1.47159004,1.53272902,1.45905918,1.46582805,1.43590228,1.46582805,1.42913345,1.47562514,1.42699585,1.47562514,1.43554597,1.43661484,1.40864851,1.43661484,1.43358673,1.44088997,1.41434871,1.44088997
0.17511824,0.16087297,0.16634867,0.16506647,0.17083989,0.1617538,1.0,1.0,1.0,1.0,1.45905918,1.46582805,1.43590228,1.46582805,1.42913345,1.47562514,1.42699585,1.47562514,1.43554597,1.43661484,1.40864851,1.43661484,1.43358673,1.44088997,1.41434871,1.44088997,1.38798548,1.42378956,1.38745112,1.42378956
0.17675571,0.1597645,0.16603652,0.16434589,0.1718115,0.16128588,1.0,1.0,1.0,1.0,1.42913345,1.47562514,1.42699585,1.47562514,1.43554597,1.43661484,1.40864851,1.43661484,1.43358673,1.44088997,1.41434871,1.44088997,1.38798548,1.42378956,1.38745112,1.42378956,1.39617932,1.4072234,1.3568127,1.4072234
0.17809947,0.15893549,0.16572297,0.1637476,0.17253326,0.16096124,1.0,1.0,1.0,1.0,1.43554597,1.43661484,1.40864851,1.43661484,1.43358673,1.44088997,1.41434871,1.44088997,1.38798548,1.42378956,1.38745112,1.42378956,1.39617932,1.4072234,1.3568127,1.4072234,1.40508573,1.40579827,1.37854447,1.40579827
0.17761452,0.15986761,0.16549215,0.16343029,0.17212768,0.16146776,1.0,1.0,1.0,1.0,1.43358673,1.44088997,1.41434871,1.44088997,1.38798548,1.42378956,1.38745112,1.42378956,1.39617932,1.4072234,1.3568127,1.4072234,1.40508573,1.40579827,1.37854447,1.40579827,1.42093947,1.43162735,1.41559567,1.43162735
0.17829238,0.15970796,0.16515656,0.16286787,0.17272994,0.16124535,1.0,1.0,1.0,1.0,1.38798548,1.42378956,1.38745112,1.42378956,1.39617932,1.4072234,1.3568127,1.4072234,1.40508573,1.40579827,1.37854447,1.40579827,1.42093947,1.43162735,1.41559567,1.43162735,1.43412109,1.44712448,1.41274547,1.44712448
0.18746485,0.15135755,0.16386268,0.15949717,0.17947334,0.15834443,1.0,1.0,1.0,1.0,1.39617932,1.4072234,1.3568127,1.4072234,1.40508573,1.40579827,1.37854447,1.40579827,1.42093947,1.43162735,1.41559567,1.43162735,1.43412109,1.44712448,1.41274547,1.44712448,1.44409609,1.45959341,1.43518962,1.45959341
0.19203046,0.14613234,0.16241856,0.15725286,0.18527524,0.15689051,1.0,1.0,1.0,1.0,1.40508573,1.40579827,1.37854447,1.40579827,1.42093947,1.43162735,1.41559567,1.43162735,1.43412109,1.44712448,1.41274547,1.44712448,1.44409609,1.45959341,1.43518962,1.45959341,1.47170629,1.47348756,1.4560308,1.47348756
0.19458166,0.1431564,0.16107908,0.15556973,0.18886542,0.1567477,1.0,1.0,1.0,1.0,1.42093947,1.43162735,1.41559567,1.43162735,1.43412109,1.44712448,1.41274547,1.44712448,1.44409609,1.45959341,1.43518962,1.45959341,1.47170629,1.47348756,1.4560308,1.47348756,1.43928696,1.46422499,1.43590245,1.46422499
0.17351325,0.16652235,0.16430043,0.16321999,0.17091401,0.16153005,1.0,1.0,1.0,1.0,1.43412109,1.44712448,1.41274547,1.44712448,1.44409609,1.45959341,1.43518962,1.45959341,1.47170629,1.47348756,1.4560308,1.47348756,1.43928696,1.46422499,1.43590245,1.46422499,1.50590708,1.50751018,1.45264639,1.50751018
0.16467519,0.17832714,0.16560847,0.16660014,0.16283461,0.16195446,1.0,1.0,1.0,1.0,1.44409609,1.45959341,1.43518962,1.45959341,1.47170629,1.47348756,1.4560308,1.47348756,1.43928696,1.46422499,1.43590245,1.46422499,1.50590708,1.50751018,1.45264639,1.50751018,1.48061285,1.50430398,1.47437821,1.50430398
0.16183697,0.18313825,0.16597652,0.16757432,0.16009206,0.1613819,1.0,1.0,1.0,1.0,1.47170629,1.47348756,1.4560308,1.47348756,1.43928696,1.46422499,1.43590245,1.46422499,1.50590708,1.50751018,1.45264639,1.50751018,1.48061285,1.50430398,1.47437821,1.50430398,1.54830214,1.54972721,1.51018242,1.54972721
0.15919381,0.18801053,0.16638152,0.16859046,0.15723053,0.16059315,1.0,1.0,1.0,1.0,1.43928696,1.46422499,1.43590245,1.46422499,1.50590708,1.50751018,1.45264639,1.50751018,1.48061285,1.50430398,1.47437821,1.50430398,1.54830214,1.54972721,1.51018242,1.54972721,1.56397766,1.58285935,1.54117696,1.58285935
0.16122635,0.1866127,0.16595483,0.16724949,0.15889002,0.16006656,1.0,1.0,1.0,1.0,1.50590708,1.50751018,1.45264639,1.50751018,1.48061285,1.50430398,1.47437821,1.50430398,1.54830214,1.54972721,1.51018242,1.54972721,1.56397766,1.58285935,1.54117696,1.58285935,1.5814342,1.58179053,1.56112744,1.58179053
0.1713348,0.17452087,0.1644601,0.1614804,0.16824834,0.15995549,1.0,1.0,1.0,1.0,1.48061285,1.50430398,1.47437821,1.50430398,1.54830214,1.54972721,1.51018242,1.54972721,1.56397766,1.58285935,1.54117696,1.58285935,1.5814342,1.58179053,1.56112744,1.58179053,1.61937568,1.62578822,1.57965274,1.62578822
0.18706317,0.15583454,0.16120984,0.15175024,0.18475968,0.15938254,1.0,1.0,1.0,1.0,1.54830214,1.54972721,1.51018242,1.54972721,1.56397766,1.58285935,1.54117696,1.58285935,1.5814342,1.58179053,1.56112744,1.58179053,1.61937568,1.62578822,1.57965274,1.62578822,1.59675313,1.61474425,1.59301243,1.61474425
0.2190617,0.1186676,0.15125813,0.12946275,0.2262917,0.15525806,1.0,1.0,1.0,1.0,1.56397766,1.58285935,1.54117696,1.58285935,1.5814342,1.58179053,1.56112744,1.58179053,1.61937568,1.62578822,1.57965274,1.62578822,1.59675313,1.61474425,1.59301243,1.61474425,1.57822772,1.60102828,1.57234941,1.60102828
0.23826414,0.09511311,0.14306763,0.11207991,0.26182455,0.1496506,1.0,1.0,1.0,1.0,1.5814342,1.58179053,1.56112744,1.58179053,1.61937568,1.62578822,1.57965274,1.62578822,1.59675313,1.61474425,1.59301243,1.61474425,1.57822772,1.60102828,1.57234941,1.60102828,1.57021196,1.59408125,1.55311154,1.59408125
0.28696644,0.04845133,0.10806135,0.07001454,0.366199,0.12030742,1.0,1.0,1.0,1.0,1.61937568,1.62578822,1.57965274,1.62578822,1.59675313,1.61474425,1.59301243,1.61474425,1.57822772,1.60102828,1.57234941,1.60102828,1.57021196,1.59408125,1.55311154,1.59408125,1.54438322,1.5780497,1.53975195,1.5780497
0.2989022,0.01324395,0.05543299,0.02676388,0.5383275,0.06732944,1.0,1.0,1.0,1.0,1.59675313,1.61474425,1.59301243,1.61474425,1.57822772,1.60102828,1.57234941,1.60102828,1.57021196,1.59408125,1.55311154,1.59408125,1.54438322,1.5780497,1.53975195,1.5780497,1.5597023,1.59639708,1.55489286,1.59639708
0.22650373,0.00947571,0.04147515,0.01980642,0.6543574,0.04838156,1.0,1.0,1.0,1.0,1.57822772,1.60102828,1.57234941,1.60102828,1.57021196,1.59408125,1.55311154,1.59408125,1.54438322,1.5780497,1.53975195,1.5780497,1.5597023,1.59639708,1.55489286,1.59639708,1.57217134,1.58499669,1.5634429,1.58499669
0.20390435,0.09347139,0.13219465,0.11030752,0.34209517,0.11802692,1.0,1.0,1.0,1.0,1.57021196,1.59408125,1.55311154,1.59408125,1.54438322,1.5780497,1.53975195,1.5780497,1.5597023,1.59639708,1.55489286,1.59639708,1.57217134,1.58499669,1.5634429,1.58499669,1.56112747,1.58303747,1.55988057,1.58303747
0.19020787,0.09420426,0.12952831,0.11414111,0.3691467,0.10277172,1.0,1.0,1.0,1.0,1.54438322,1.5780497,1.53975195,1.5780497,1.5597023,1.59639708,1.55489286,1.59639708,1.57217134,1.58499669,1.5634429,1.58499669,1.56112747,1.58303747,1.55988057,1.58303747,1.57128083,1.58428435,1.56540252,1.58428435
0.10186417,0.00251676,0.01375015,0.00743394,0.8642114,0.01022361,1.0,1.0,1.0,1.0,1.5597023,1.59639708,1.55489286,1.59639708,1.57217134,1.58499669,1.5634429,1.58499669,1.56112747,1.58303747,1.55988057,1.58303747,1.57128083,1.58428435,1.56540252,1.58428435,1.573062,1.5755558,1.55738665,1.5755558
0.00278353272,5.5850569e-07,4.55421978e-05,7.235466e-06,0.997148454,1.47637575e-05,1.0,1.0,1.0,1.0,1.57217134,1.58499669,1.5634429,1.58499669,1.56112747,1.58303747,1.55988057,1.58303747,1.57128083,1.58428435,1.56540252,1.58428435,1.573062,1.5755558,1.55738665,1.5755558,1.54491773,1.56362125,1.52781717,1.56362125
1.8763162e-06,3.1922064e-13,2.2425051e-09,3.89275e-11,0.99999809,1.1291298e-10,1.0,1.0,1.0,1.0,1.56112747,1.58303747,1.55988057,1.58303747,1.57128083,1.58428435,1.56540252,1.58428435,1.573062,1.5755558,1.55738665,1.5755558,1.54491773,1.56362125,1.52781717,1.56362125,1.54456115,1.55364579,1.53155777,1.55364579
1.0512183e-11,1.0852996e-22,6.1878838e-16,3.0661778e-19,1.0,1.1210138e-18,1.0,1.0,1.0,1.0,1.57128083,1.58428435,1.56540252,1.58428435,1.573062,1.5755558,1.55738665,1.5755558,1.54491773,1.56362125,1.52781717,1.56362125,1.54456115,1.55364579,1.53155777,1.55364579,1.49361626,1.52140456,1.49343809,1.52140456
1.4872272e-19,5.5005394e-36,3.7001139e-25,9.834829e-31,1.0,3.479628e-30,1.0,1.0,1.0,1.0,1.573062,1.5755558,1.55738665,1.5755558,1.54491773,1.56362125,1.52781717,1.56362125,1.54456115,1.55364579,1.53155777,1.55364579,1.49361626,1.52140456,1.49343809,1.52140456,1.51214152,1.51997927,1.49664421,1.51997927
