Action_Cash,Action_XOM,Action_CVX,Action_OKE,Action_VLO,Action_SHEL,State_Cash_close_L1,State_Cash_high_L1,State_Cash_low_L1,State_Cash_open_L1,State_XOM_close_L1,State_XOM_high_L1,State_XOM_low_L1,State_XOM_open_L1,State_CVX_close_L1,State_CVX_high_L1,State_CVX_low_L1,State_CVX_open_L1,State_OKE_close_L1,State_OKE_high_L1,State_OKE_low_L1,State_OKE_open_L1,State_VLO_close_L1,State_VLO_high_L1,State_VLO_low_L1,State_VLO_open_L1,State_SHEL_close_L1,State_SHEL_high_L1,State_SHEL_low_L1,State_SHEL_open_L1
0.16667332,0.16660687,0.16693701,0.16668653,0.16661508,0.16648118,1.0,1.0,1.0,1.0,0.99304793,0.99414563,0.98335163,0.99414563,0.98463227,0.9899378,0.98005854,0.9899378,0.98298573,0.99012075,0.98005854,0.99012075,0.9791438,0.9899378,0.9787779,0.9899378,0.97548482,0.98280278,0.97164288,0.98280278
0.16667326,0.16660729,0.16693628,0.16668619,0.16661508,0.16648187,1.0,1.0,1.0,1.0,0.98463227,0.9899378,0.98005854,0.9899378,0.98298573,0.99012075,0.98005854,0.99012075,0.9791438,0.9899378,0.9787779,0.9899378,0.97548482,0.98280278,0.97164288,0.98280278,0.96158068,0.97347237,0.96048299,0.97347237
0.16667335,0.1666078,0.16693515,0.1666859,0.16661501,0.16648279,1.0,1.0,1.0,1.0,0.98298573,0.99012075,0.98005854,0.99012075,0.9791438,0.9899378,0.9787779,0.9899378,0.97548482,0.98280278,0.97164288,0.98280278,0.96158068,0.97347237,0.96048299,0.97347237,0.95590926,0.96322722,0.95316502,0.96322722
0.16667335,0.16660836,0.16693375,0.16668555,0.16661501,0.16648392,1.0,1.0,1.0,1.0,0.9791438,0.9899378,0.9787779,0.9899378,0.97548482,0.98280278,0.97164288,0.98280278,0.96158068,0.97347237,0.96048299,0.97347237,0.95590926,0.96322722,0.95316502,0.96322722,0.95005488,0.95225027,0.93980973,0.95225027
0.16667332,0.1666089,0.16693236,0.16668518,0.16661511,0.16648515,1.0,1.0,1.0,1.0,0.97548482,0.98280278,0.97164288,0.98280278,0.96158068,0.97347237,0.96048299,0.97347237,0.95590926,0.96322722,0.95316502,0.96322722,0.95005488,0.95225027,0.93980973,0.95225027,0.94365166,0.94877424,0.93962678,0.94877424
0.16667335,0.16660939,0.16693096,0.16668461,0.16661514,0.16648649,1.0,1.0,1.0,1.0,0.96158068,0.97347237,0.96048299,0.97347237,0.95590926,0.96322722,0.95316502,0.96322722,0.95005488,0.95225027,0.93980973,0.95225027,0.94365166,0.94877424,0.93962678,0.94877424,0.92114892,0.935236,0.92060007,0.935236
0.16667329,0.16661009,0.16692923,0.16668418,0.16661495,0.16648825,1.0,1.0,1.0,1.0,0.95590926,0.96322722,0.95316502,0.96322722,0.95005488,0.95225027,0.93980973,0.95225027,0.94365166,0.94877424,0.93962678,0.94877424,0.92114892,0.935236,0.92060007,0.935236,0.91986828,0.92773509,0.91950238,0.92773509
0.166673,0.16661055,0.16692807,0.166684,0.16661529,0.1664891,1.0,1.0,1.0,1.0,0.95005488,0.95225027,0.93980973,0.95225027,0.94365166,0.94877424,0.93962678,0.94877424,0.92114892,0.935236,0.92060007,0.935236,0.91986828,0.92773509,0.91950238,0.92773509,0.91218441,0.92663739,0.90907428,0.92663739
0.16667315,0.16661103,0.16692719,0.1666835,0.1666151,0.16649003,1.0,1.0,1.0,1.0,0.94365166,0.94877424,0.93962678,0.94877424,0.92114892,0.935236,0.92060007,0.935236,0.91986828,0.92773509,0.91950238,0.92773509,0.91218441,0.92663739,0.90907428,0.92663739,0.92188072,0.92316136,0.90248811,0.92316136
0.16667305,0.16661143,0.16692616,0.16668274,0.16661547,0.16649112,1.0,1.0,1.0,1.0,0.92114892,0.935236,0.92060007,0.935236,0.91986828,0.92773509,0.91950238,0.92773509,0.91218441,0.92663739,0.90907428,0.92663739,0.92188072,0.92316136,0.90248811,0.92316136,0.8838273,0.89919502,0.88016831,0.89919502
0.1666732,0.16661242,0.16692373,0.16668205,0.166615,0.16649364,1.0,1.0,1.0,1.0,0.91986828,0.92773509,0.91950238,0.92773509,0.91218441,0.92663739,0.90907428,0.92663739,0.92188072,0.92316136,0.90248811,0.92316136,0.8838273,0.89919502,0.88016831,0.89919502,0.86406879,0.87394804,0.85894621,0.87394804
0.16667275,0.16661301,0.16692153,0.16668227,0.16661526,0.16649516,1.0,1.0,1.0,1.0,0.91218441,0.92663739,0.90907428,0.92663739,0.92188072,0.92316136,0.90248811,0.92316136,0.8838273,0.89919502,0.88016831,0.89919502,0.86406879,0.87394804,0.85894621,0.87394804,0.85327479,0.88090011,0.85217709,0.88090011
0.1666728,0.16661325,0.16692062,0.16668226,0.16661517,0.16649581,1.0,1.0,1.0,1.0,0.92188072,0.92316136,0.90248811,0.92316136,0.8838273,0.89919502,0.88016831,0.89919502,0.86406879,0.87394804,0.85894621,0.87394804,0.85327479,0.88090011,0.85217709,0.88090011,0.89242591,0.89535309,0.8622393,0.89535309
0.16667256,0.16661318,0.16692127,0.1666814,0.1666158,0.16649577,1.0,1.0,1.0,1.0,0.8838273,0.89919502,0.88016831,0.89919502,0.86406879,0.87394804,0.85894621,0.87394804,0.85327479,0.88090011,0.85217709,0.88090011,0.89242591,0.89535309,0.8622393,0.89535309,0.88035126,0.89645079,0.87907062,0.89645079
0.16667217,0.16661383,0.16692124,0.16668068,0.16661552,0.16649653,1.0,1.0,1.0,1.0,0.86406879,0.87394804,0.85894621,0.87394804,0.85327479,0.88090011,0.85217709,0.88090011,0.89242591,0.89535309,0.8622393,0.89535309,0.88035126,0.89645079,0.87907062,0.89645079,0.87449689,0.87724113,0.86882547,0.87724113
0.16667166,0.16661395,0.16692087,0.16668138,0.16661564,0.16649647,1.0,1.0,1.0,1.0,0.85327479,0.88090011,0.85217709,0.88090011,0.89242591,0.89535309,0.8622393,0.89535309,0.88035126,0.89645079,0.87907062,0.89645079,0.87449689,0.87724113,0.86882547,0.87724113,0.86534943,0.8733992,0.86040981,0.8733992
0.16667208,0.1666137,0.16692026,0.16668199,0.16661571,0.16649626,1.0,1.0,1.0,1.0,0.89242591,0.89535309,0.8622393,0.89535309,0.88035126,0.89645079,0.87907062,0.89645079,0.87449689,0.87724113,0.86882547,0.87724113,0.86534943,0.8733992,0.86040981,0.8733992,0.87358214,0.87870472,0.86845957,0.87870472
0.16667205,0.16661352,0.16692026,0.16668199,0.16661574,0.16649649,1.0,1.0,1.0,1.0,0.88035126,0.89645079,0.87907062,0.89645079,0.87449689,0.87724113,0.86882547,0.87724113,0.86534943,0.8733992,0.86040981,0.8733992,0.87358214,0.87870472,0.86845957,0.87870472,0.88419319,0.88803513,0.87394804,0.88803513
0.16667192,0.16661339,0.16692066,0.16668169,0.16661596,0.16649635,1.0,1.0,1.0,1.0,0.87449689,0.87724113,0.86882547,0.87724113,0.86534943,0.8733992,0.86040981,0.8733992,0.87358214,0.87870472,0.86845957,0.87870472,0.88419319,0.88803513,0.87394804,0.88803513,0.87925357,0.88638858,0.87394804,0.88638858
0.16667168,0.16661353,0.16692087,0.16668169,0.16661587,0.16649643,1.0,1.0,1.0,1.0,0.86534943,0.8733992,0.86040981,0.8733992,0.87358214,0.87870472,0.86845957,0.87870472,0.88419319,0.88803513,0.87394804,0.88803513,0.87925357,0.88638858,0.87394804,0.88638858,0.87522869,0.8827296,0.86992316,0.8827296
0.16667187,0.1666135,0.1669206,0.16668177,0.16661584,0.16649646,1.0,1.0,1.0,1.0,0.87358214,0.87870472,0.86845957,0.87870472,0.88419319,0.88803513,0.87394804,0.88803513,0.87925357,0.88638858,0.87394804,0.88638858,0.87522869,0.8827296,0.86992316,0.8827296,0.86425174,0.8715697,0.85803147,0.8715697
0.16667202,0.16661371,0.16691989,0.16668181,0.16661566,0.16649695,1.0,1.0,1.0,1.0,0.88419319,0.88803513,0.87394804,0.88803513,0.87925357,0.88638858,0.87394804,0.88638858,0.87522869,0.8827296,0.86992316,0.8827296,0.86425174,0.8715697,0.85803147,0.8715697,0.87083791,0.87486279,0.86351994,0.87486279
0.16667205,0.1666137,0.16691959,0.16668165,0.16661595,0.166497,1.0,1.0,1.0,1.0,0.87925357,0.88638858,0.87394804,0.88638858,0.87522869,0.8827296,0.86992316,0.8827296,0.86425174,0.8715697,0.85803147,0.8715697,0.87083791,0.87486279,0.86351994,0.87486279,0.86388584,0.87376509,0.8618734,0.87376509
0.16667233,0.16661398,0.1669188,0.16668104,0.16661572,0.16649806,1.0,1.0,1.0,1.0,0.87522869,0.8827296,0.86992316,0.8827296,0.86425174,0.8715697,0.85803147,0.8715697,0.87083791,0.87486279,0.86351994,0.87486279,0.86388584,0.87376509,0.8618734,0.87376509,0.85327479,0.85876326,0.84851811,0.85876326
0.16667236,0.16661458,0.16691715,0.16668044,0.16661596,0.16649958,1.0,1.0,1.0,1.0,0.86425174,0.8715697,0.85803147,0.8715697,0.87083791,0.87486279,0.86351994,0.87486279,0.86388584,0.87376509,0.8618734,0.87376509,0.85327479,0.85876326,0.84851811,0.85876326,0.81339188,0.83424808,0.81339188,0.83424808
0.16667303,0.16661544,0.16691425,0.16667949,0.16661566,0.16650212,1.0,1.0,1.0,1.0,0.87083791,0.87486279,0.86351994,0.87486279,0.86388584,0.87376509,0.8618734,0.87376509,0.85327479,0.85876326,0.84851811,0.85876326,0.81339188,0.83424808,0.81339188,0.83424808,0.78229052,0.8190633,0.77881449,0.8190633
0.1666735,0.16661648,0.16691084,0.16667815,0.1666158,0.16650514,1.0,1.0,1.0,1.0,0.86388584,0.87376509,0.8618734,0.87376509,0.85327479,0.85876326,0.84851811,0.85876326,0.81339188,0.83424808,0.81339188,0.83424808,0.78229052,0.8190633,0.77881449,0.8190633,0.7650933,0.79107208,0.76381266,0.79107208
0.16667405,0.16661817,0.16690673,0.16667588,0.16661584,0.16650929,1.0,1.0,1.0,1.0,0.85327479,0.85876326,0.84851811,0.85876326,0.81339188,0.83424808,0.81339188,0.83424808,0.78229052,0.8190633,0.77881449,0.8190633,0.7650933,0.79107208,0.76381266,0.79107208,0.71899012,0.75686059,0.71862422,0.75686059
0.16667233,0.16662091,0.16690166,0.16667554,0.16661687,0.1665127,1.0,1.0,1.0,1.0,0.81339188,0.83424808,0.81339188,0.83424808,0.78229052,0.8190633,0.77881449,0.8190633,0.7650933,0.79107208,0.76381266,0.79107208,0.71899012,0.75686059,0.71862422,0.75686059,0.74240761,0.74240761,0.69282839,0.74240761
0.16666996,0.16662148,0.16690004,0.16667658,0.16661912,0.16651279,1.0,1.0,1.0,1.0,0.78229052,0.8190633,0.77881449,0.8190633,0.7650933,0.79107208,0.76381266,0.79107208,0.71899012,0.75686059,0.71862422,0.75686059,0.74240761,0.74240761,0.69282839,0.74240761,0.77753385,0.77771679,0.73783388,0.77771679
0.16667005,0.16662094,0.16690043,0.16667572,0.16662014,0.16651273,1.0,1.0,1.0,1.0,0.7650933,0.79107208,0.76381266,0.79107208,0.71899012,0.75686059,0.71862422,0.75686059,0.74240761,0.74240761,0.69282839,0.74240761,0.77753385,0.77771679,0.73783388,0.77771679,0.74039517,0.78155873,0.73582144,0.78155873
0.16666889,0.16662149,0.16690004,0.16667564,0.16662005,0.16651389,1.0,1.0,1.0,1.0,0.71899012,0.75686059,0.71862422,0.75686059,0.74240761,0.74240761,0.69282839,0.74240761,0.77753385,0.77771679,0.73783388,0.77771679,0.74039517,0.78155873,0.73582144,0.78155873,0.75649469,0.75740944,0.73783388,0.75740944
0.16666849,0.16662152,0.16689953,0.16667587,0.166621,0.16651362,1.0,1.0,1.0,1.0,0.74240761,0.74240761,0.69282839,0.74240761,0.77753385,0.77771679,0.73783388,0.77771679,0.74039517,0.78155873,0.73582144,0.78155873,0.75649469,0.75740944,0.73783388,0.75740944,0.72319795,0.73161361,0.70783022,0.73161361
0.16667023,0.16662203,0.16689664,0.16667518,0.16662079,0.16651505,1.0,1.0,1.0,1.0,0.77753385,0.77771679,0.73783388,0.77771679,0.74039517,0.78155873,0.73582144,0.78155873,0.75649469,0.75740944,0.73783388,0.75740944,0.72319795,0.73161361,0.70783022,0.73161361,0.68825467,0.70728138,0.68111965,0.70728138
0.1666698,0.16662295,0.16689155,0.16667461,0.16662309,0.166518,1.0,1.0,1.0,1.0,0.74039517,0.78155873,0.73582144,0.78155873,0.75649469,0.75740944,0.73783388,0.75740944,0.72319795,0.73161361,0.70783022,0.73161361,0.68825467,0.70728138,0.68111965,0.70728138,0.60409806,0.64324918,0.58891328,0.64324918
0.16666843,0.16662417,0.16688524,0.16667481,0.16662598,0.1665214,1.0,1.0,1.0,1.0,0.75649469,0.75740944,0.73783388,0.75740944,0.72319795,0.73161361,0.70783022,0.73161361,0.68825467,0.70728138,0.68111965,0.70728138,0.60409806,0.64324918,0.58891328,0.64324918,0.62641786,0.66758141,0.59824369,0.66758141
0.16666701,0.1666254,0.16688173,0.16667388,0.16662972,0.16652231,1.0,1.0,1.0,1.0,0.72319795,0.73161361,0.70783022,0.73161361,0.68825467,0.70728138,0.68111965,0.70728138,0.60409806,0.64324918,0.58891328,0.64324918,0.62641786,0.66758141,0.59824369,0.66758141,0.60592755,0.62751555,0.60245152,0.62751555
0.1666681,0.16662759,0.16687466,0.16667035,0.16663209,0.1665272,1.0,1.0,1.0,1.0,0.68825467,0.70728138,0.68111965,0.70728138,0.60409806,0.64324918,0.58891328,0.64324918,0.62641786,0.66758141,0.59824369,0.66758141,0.60592755,0.62751555,0.60245152,0.62751555,0.53658983,0.58671789,0.53402854,0.58671789
0.1666641,0.1666305,0.16686988,0.16667071,0.16663614,0.1665287,1.0,1.0,1.0,1.0,0.60409806,0.64324918,0.58891328,0.64324918,0.62641786,0.66758141,0.59824369,0.66758141,0.60592755,0.62751555,0.60245152,0.62751555,0.53658983,0.58671789,0.53402854,0.58671789,0.55012806,0.57921698,0.50512258,0.57921698
0.16666454,0.16663077,0.16686511,0.16667052,0.1666385,0.16653058,1.0,1.0,1.0,1.0,0.62641786,0.66758141,0.59824369,0.66758141,0.60592755,0.62751555,0.60245152,0.62751555,0.53658983,0.58671789,0.53402854,0.58671789,0.55012806,0.57921698,0.50512258,0.57921698,0.49780461,0.54665203,0.47987559,0.54665203
0.1666642,0.16663234,0.16685902,0.16666865,0.1666411,0.1665347,1.0,1.0,1.0,1.0,0.60592755,0.62751555,0.60245152,0.62751555,0.53658983,0.58671789,0.53402854,0.58671789,0.55012806,0.57921698,0.50512258,0.57921698,0.49780461,0.54665203,0.47987559,0.54665203,0.5312843,0.53951701,0.49359678,0.53951701
0.16666171,0.16663378,0.16685656,0.16666865,0.16664442,0.1665348,1.0,1.0,1.0,1.0,0.53658983,0.58671789,0.53402854,0.58671789,0.55012806,0.57921698,0.50512258,0.57921698,0.49780461,0.54665203,0.47987559,0.54665203,0.5312843,0.53951701,0.49359678,0.53951701,0.4780461,0.52982071,0.45078668,0.52982071
0.16666271,0.16663477,0.16685194,0.16666727,0.1666455,0.16653782,1.0,1.0,1.0,1.0,0.55012806,0.57921698,0.50512258,0.57921698,0.49780461,0.54665203,0.47987559,0.54665203,0.5312843,0.53951701,0.49359678,0.53951701,0.4780461,0.52982071,0.45078668,0.52982071,0.49688986,0.50365898,0.46688621,0.50365898
0.16665956,0.1666355,0.16685069,0.16666822,0.16664796,0.16653802,1.0,1.0,1.0,1.0,0.49780461,0.54665203,0.47987559,0.54665203,0.5312843,0.53951701,0.49359678,0.53951701,0.4780461,0.52982071,0.45078668,0.52982071,0.49688986,0.50365898,0.46688621,0.50365898,0.47255763,0.50768386,0.45554336,0.50768386
0.16666193,0.1666364,0.16684586,0.1666665,0.16664863,0.16654064,1.0,1.0,1.0,1.0,0.5312843,0.53951701,0.49359678,0.53951701,0.4780461,0.52982071,0.45078668,0.52982071,0.49688986,0.50365898,0.46688621,0.50365898,0.47255763,0.50768386,0.45554336,0.50768386,0.45389682,0.47200878,0.43450421,0.47200878
0.16665828,0.16663773,0.16684528,0.16666791,0.16665001,0.1665408,1.0,1.0,1.0,1.0,0.4780461,0.52982071,0.45078668,0.52982071,0.49688986,0.50365898,0.46688621,0.50365898,0.47255763,0.50768386,0.45554336,0.50768386,0.45389682,0.47200878,0.43450421,0.47200878,0.5115258,0.5219539,0.48097329,0.5219539
0.16665688,0.16663662,0.16685002,0.16667,0.16664997,0.16653651,1.0,1.0,1.0,1.0,0.49688986,0.50365898,0.46688621,0.50365898,0.47255763,0.50768386,0.45554336,0.50768386,0.45389682,0.47200878,0.43450421,0.47200878,0.5115258,0.5219539,0.48097329,0.5219539,0.53823637,0.55689718,0.50768386,0.55689718
0.16665857,0.16663526,0.16685271,0.16666956,0.16664778,0.16653617,1.0,1.0,1.0,1.0,0.47255763,0.50768386,0.45554336,0.50768386,0.45389682,0.47200878,0.43450421,0.47200878,0.5115258,0.5219539,0.48097329,0.5219539,0.53823637,0.55689718,0.50768386,0.55689718,0.56019027,0.57098427,0.53000366,0.57098427
0.16665706,0.16663493,0.16685708,0.16666983,0.16664729,0.16653383,1.0,1.0,1.0,1.0,0.45389682,0.47200878,0.43450421,0.47200878,0.5115258,0.5219539,0.48097329,0.5219539,0.53823637,0.55689718,0.50768386,0.55689718,0.56019027,0.57098427,0.53000366,0.57098427,0.53329674,0.54372484,0.52250274,0.54372484
0.16665931,0.16663374,0.1668584,0.16667007,0.16664442,0.16653404,1.0,1.0,1.0,1.0,0.5115258,0.5219539,0.48097329,0.5219539,0.53823637,0.55689718,0.50768386,0.55689718,0.56019027,0.57098427,0.53000366,0.57098427,0.53329674,0.54372484,0.52250274,0.54372484,0.54116356,0.55049396,0.51756312,0.55049396
0.16665941,0.16663307,0.16686007,0.16667157,0.16664343,0.16653244,1.0,1.0,1.0,1.0,0.53823637,0.55689718,0.50768386,0.55689718,0.56019027,0.57098427,0.53000366,0.57098427,0.53329674,0.54372484,0.52250274,0.54372484,0.54116356,0.55049396,0.51756312,0.55049396,0.54793267,0.56933772,0.53933407,0.56933772
0.16666092,0.16663249,0.16685984,0.16667108,0.1666427,0.16653298,1.0,1.0,1.0,1.0,0.56019027,0.57098427,0.53000366,0.57098427,0.53329674,0.54372484,0.52250274,0.54372484,0.54116356,0.55049396,0.51756312,0.55049396,0.54793267,0.56933772,0.53933407,0.56933772,0.5417124,0.55854372,0.52451518,0.55854372
0.16665919,0.16663265,0.16686152,0.16667189,0.16664268,0.16653211,1.0,1.0,1.0,1.0,0.53329674,0.54372484,0.52250274,0.54372484,0.54116356,0.55049396,0.51756312,0.55049396,0.54793267,0.56933772,0.53933407,0.56933772,0.5417124,0.55854372,0.52451518,0.55854372,0.58305891,0.60556165,0.54701793,0.60556165
0.16665968,0.16663167,0.16686498,0.16667192,0.16664194,0.16652988,1.0,1.0,1.0,1.0,0.54116356,0.55049396,0.51756312,0.55049396,0.54793267,0.56933772,0.53933407,0.56933772,0.5417124,0.55854372,0.52451518,0.55854372,0.58305891,0.60556165,0.54701793,0.60556165,0.56586169,0.60867179,0.55598244,0.60867179
0.16666126,0.16663134,0.16686565,0.166671,0.16664024,0.16653049,1.0,1.0,1.0,1.0,0.54793267,0.56933772,0.53933407,0.56933772,0.5417124,0.55854372,0.52451518,0.55854372,0.58305891,0.60556165,0.54701793,0.60556165,0.56586169,0.60867179,0.55598244,0.60867179,0.58397366,0.58927918,0.56622759,0.58927918
0.1666598,0.16663115,0.16686845,0.16667178,0.16663972,0.16652901,1.0,1.0,1.0,1.0,0.5417124,0.55854372,0.52451518,0.55854372,0.58305891,0.60556165,0.54701793,0.60556165,0.56586169,0.60867179,0.55598244,0.60867179,0.58397366,0.58927918,0.56622759,0.58927918,0.59513355,0.62513721,0.59403586,0.62513721
0.16666172,0.16663024,0.16687113,0.16667241,0.16663727,0.16652721,1.0,1.0,1.0,1.0,0.58305891,0.60556165,0.54701793,0.60556165,0.56586169,0.60867179,0.55598244,0.60867179,0.58397366,0.58927918,0.56622759,0.58927918,0.59513355,0.62513721,0.59403586,0.62513721,0.63282108,0.63556531,0.59842664,0.63556531
0.16666168,0.16662899,0.16687405,0.16667302,0.16663592,0.16652626,1.0,1.0,1.0,1.0,0.56586169,0.60867179,0.55598244,0.60867179,0.58397366,0.58927918,0.56622759,0.58927918,0.59513355,0.62513721,0.59403586,0.62513721,0.63282108,0.63556531,0.59842664,0.63556531,0.62239297,0.67416758,0.60245152,0.67416758
0.16666222,0.16662833,0.16687663,0.16667263,0.16663514,0.16652505,1.0,1.0,1.0,1.0,0.58397366,0.58927918,0.56622759,0.58927918,0.59513355,0.62513721,0.59403586,0.62513721,0.63282108,0.63556531,0.59842664,0.63556531,0.62239297,0.67416758,0.60245152,0.67416758,0.61708745,0.64489572,0.6057446,0.64489572
0.16666323,0.16662805,0.16687696,0.16667223,0.16663375,0.1665258,1.0,1.0,1.0,1.0,0.59513355,0.62513721,0.59403586,0.62513721,0.63282108,0.63556531,0.59842664,0.63556531,0.62239297,0.67416758,0.60245152,0.67416758,0.61708745,0.64489572,0.6057446,0.64489572,0.61233077,0.63135748,0.60482986,0.63135748
0.16666442,0.16662881,0.16687544,0.16667137,0.16663413,0.16652587,1.0,1.0,1.0,1.0,0.63282108,0.63556531,0.59842664,0.63556531,0.62239297,0.67416758,0.60245152,0.67416758,0.61708745,0.64489572,0.6057446,0.64489572,0.61233077,0.63135748,0.60482986,0.63135748,0.5841566,0.59257226,0.56824003,0.59257226
0.16666484,0.16662943,0.1668715,0.16667147,0.16663475,0.16652796,1.0,1.0,1.0,1.0,0.62239297,0.67416758,0.60245152,0.67416758,0.61708745,0.64489572,0.6057446,0.64489572,0.61233077,0.63135748,0.60482986,0.63135748,0.5841566,0.59257226,0.56824003,0.59257226,0.56494694,0.5841566,0.56183681,0.5841566
0.16666247,0.16662975,0.16687037,0.16667332,0.16663608,0.16652802,1.0,1.0,1.0,1.0,0.61708745,0.64489572,0.6057446,0.64489572,0.61233077,0.63135748,0.60482986,0.63135748,0.5841566,0.59257226,0.56824003,0.59257226,0.56494694,0.5841566,0.56183681,0.5841566,0.62367362,0.62513721,0.57537505,0.62513721
0.1666629,0.16662923,0.16687056,0.16667286,0.16663691,0.16652752,1.0,1.0,1.0,1.0,0.61233077,0.63135748,0.60482986,0.63135748,0.5841566,0.59257226,0.56824003,0.59257226,0.56494694,0.5841566,0.56183681,0.5841566,0.62367362,0.62513721,0.57537505,0.62513721,0.59421881,0.6169045,0.58507135,0.6169045
0.16662306,0.16663629,0.16698794,0.16656706,0.16662665,0.16655901,1.0,1.0,1.0,1.0,0.5841566,0.59257226,0.56824003,0.59257226,0.56494694,0.5841566,0.56183681,0.5841566,0.62367362,0.62513721,0.57537505,0.62513721,0.59421881,0.6169045,0.58507135,0.6169045,0.59110867,0.60793999,0.57189901,0.60793999
0.1666781,0.16657437,0.16712517,0.16653055,0.16657725,0.16651452,1.0,1.0,1.0,1.0,0.56494694,0.5841566,0.56183681,0.5841566,0.62367362,0.62513721,0.57537505,0.62513721,0.59421881,0.6169045,0.58507135,0.6169045,0.59110867,0.60793999,0.57189901,0.60793999,0.60793999,0.61964874,0.60409806,0.61964874
0.16672342,0.1665884,0.1672805,0.16643575,0.1664686,0.1665033,1.0,1.0,1.0,1.0,0.62367362,0.62513721,0.57537505,0.62513721,0.59421881,0.6169045,0.58507135,0.6169045,0.59110867,0.60793999,0.57189901,0.60793999,0.60793999,0.61964874,0.60409806,0.61964874,0.62714965,0.64452982,0.61781925,0.64452982
0.16676049,0.16659647,0.16738631,0.16634563,0.16643488,0.16647619,1.0,1.0,1.0,1.0,0.59421881,0.6169045,0.58507135,0.6169045,0.59110867,0.60793999,0.57189901,0.60793999,0.60793999,0.61964874,0.60409806,0.61964874,0.62714965,0.64452982,0.61781925,0.64452982,0.63117453,0.64782291,0.62239297,0.64782291
0.16683659,0.16660756,0.16747901,0.1662802,0.16638735,0.16640933,1.0,1.0,1.0,1.0,0.59110867,0.60793999,0.57189901,0.60793999,0.60793999,0.61964874,0.60409806,0.61964874,0.62714965,0.64452982,0.61781925,0.64452982,0.63117453,0.64782291,0.62239297,0.64782291,0.63410172,0.63959019,0.60940359,0.63959019
0.1669636,0.16659322,0.1675774,0.16621627,0.16635826,0.16629125,1.0,1.0,1.0,1.0,0.60793999,0.61964874,0.60409806,0.61964874,0.62714965,0.64452982,0.61781925,0.64452982,0.63117453,0.64782291,0.62239297,0.64782291,0.63410172,0.63959019,0.60940359,0.63959019,0.6489206,0.65514087,0.63666301,0.65514087
0.16709965,0.16655968,0.16769408,0.1661771,0.16628721,0.16618223,1.0,1.0,1.0,1.0,0.62714965,0.64452982,0.61781925,0.64452982,0.63117453,0.64782291,0.62239297,0.64782291,0.63410172,0.63959019,0.60940359,0.63959019,0.6489206,0.65514087,0.63666301,0.65514087,0.68496158,0.68697402,0.66611782,0.68697402
0.16724531,0.16651832,0.16782469,0.16616306,0.1662239,0.16602476,1.0,1.0,1.0,1.0,0.63117453,0.64782291,0.62239297,0.64782291,0.63410172,0.63959019,0.60940359,0.63959019,0.6489206,0.65514087,0.63666301,0.65514087,0.68496158,0.68697402,0.66611782,0.68697402,0.67069155,0.68807172,0.66062935,0.68807172
0.16742396,0.16645905,0.16794378,0.1661427,0.16615322,0.16587731,1.0,1.0,1.0,1.0,0.63410172,0.63959019,0.60940359,0.63959019,0.6489206,0.65514087,0.63666301,0.65514087,0.68496158,0.68697402,0.66611782,0.68697402,0.67069155,0.68807172,0.66062935,0.68807172,0.62257592,0.6694109,0.62056348,0.6694109
0.16751072,0.16647118,0.16804804,0.1661289,0.16609909,0.1657421,1.0,1.0,1.0,1.0,0.6489206,0.65514087,0.63666301,0.65514087,0.68496158,0.68697402,0.66611782,0.68697402,0.67069155,0.68807172,0.66062935,0.68807172,0.62257592,0.6694109,0.62056348,0.6694109,0.64763996,0.6485547,0.60940359,0.6485547
0.16757366,0.16648656,0.16813363,0.16611864,0.166107,0.16558047,1.0,1.0,1.0,1.0,0.68496158,0.68697402,0.66611782,0.68697402,0.67069155,0.68807172,0.66062935,0.68807172,0.62257592,0.6694109,0.62056348,0.6694109,0.64763996,0.6485547,0.60940359,0.6485547,0.64690816,0.68038785,0.64452982,0.68038785
0.16762161,0.16650452,0.1682369,0.16610378,0.16609025,0.1654429,1.0,1.0,1.0,1.0,0.67069155,0.68807172,0.66062935,0.68807172,0.62257592,0.6694109,0.62056348,0.6694109,0.64763996,0.6485547,0.60940359,0.6485547,0.64690816,0.68038785,0.64452982,0.68038785,0.63483352,0.65331138,0.63355287,0.65331138
0.16763684,0.16653717,0.16836345,0.16611832,0.16605663,0.16528758,1.0,1.0,1.0,1.0,0.62257592,0.6694109,0.62056348,0.6694109,0.64763996,0.6485547,0.60940359,0.6485547,0.64690816,0.68038785,0.64452982,0.68038785,0.63483352,0.65331138,0.63355287,0.65331138,0.6384925,0.65331138,0.63465057,0.65331138
0.1676791,0.16650546,0.16851641,0.16617088,0.16600968,0.16511849,1.0,1.0,1.0,1.0,0.64763996,0.6485547,0.60940359,0.6485547,0.64690816,0.68038785,0.64452982,0.68038785,0.63483352,0.65331138,0.63355287,0.65331138,0.6384925,0.65331138,0.63465057,0.65331138,0.66648372,0.66703256,0.64910355,0.66703256
0.16771072,0.16646269,0.168716,0.166268,0.16587643,0.16496615,1.0,1.0,1.0,1.0,0.64690816,0.68038785,0.64452982,0.68038785,0.63483352,0.65331138,0.63355287,0.65331138,0.6384925,0.65331138,0.63465057,0.65331138,0.66648372,0.66703256,0.64910355,0.66703256,0.6600805,0.66666667,0.65678741,0.66666667
0.16774762,0.16647048,0.16879606,0.16634531,0.16576892,0.16487157,1.0,1.0,1.0,1.0,0.63483352,0.65331138,0.63355287,0.65331138,0.6384925,0.65331138,0.63465057,0.65331138,0.66648372,0.66703256,0.64910355,0.66703256,0.6600805,0.66666667,0.65678741,0.66666667,0.64910355,0.67197219,0.64910355,0.67197219
0.16781187,0.16648673,0.16888042,0.16644225,0.16564448,0.16473418,1.0,1.0,1.0,1.0,0.6384925,0.65331138,0.63465057,0.65331138,0.66648372,0.66703256,0.64910355,0.66703256,0.6600805,0.66666667,0.65678741,0.66666667,0.64910355,0.67197219,0.64910355,0.67197219,0.6169045,0.64544457,0.61196487,0.64544457
0.16785513,0.16652483,0.16885981,0.16653186,0.16555813,0.16467026,1.0,1.0,1.0,1.0,0.66648372,0.66703256,0.64910355,0.66703256,0.6600805,0.66666667,0.65678741,0.66666667,0.64910355,0.67197219,0.64910355,0.67197219,0.6169045,0.64544457,0.61196487,0.64544457,0.62239297,0.62605196,0.59147457,0.62605196
0.16792075,0.16653915,0.16879892,0.16665824,0.16547114,0.16461174,1.0,1.0,1.0,1.0,0.6600805,0.66666667,0.65678741,0.66666667,0.64910355,0.67197219,0.64910355,0.67197219,0.6169045,0.64544457,0.61196487,0.64544457,0.62239297,0.62605196,0.59147457,0.62605196,0.61781925,0.63282108,0.61562386,0.63282108
0.16809255,0.16653796,0.16885073,0.16682476,0.16526839,0.16442561,1.0,1.0,1.0,1.0,0.64910355,0.67197219,0.64910355,0.67197219,0.6169045,0.64544457,0.61196487,0.64544457,0.62239297,0.62605196,0.59147457,0.62605196,0.61781925,0.63282108,0.61562386,0.63282108,0.66703256,0.6705086,0.6481888,0.6705086
0.16831462,0.16653763,0.16898522,0.16694109,0.16506994,0.16415149,1.0,1.0,1.0,1.0,0.6169045,0.64544457,0.61196487,0.64544457,0.62239297,0.62605196,0.59147457,0.62605196,0.61781925,0.63282108,0.61562386,0.63282108,0.66703256,0.6705086,0.6481888,0.6705086,0.64635931,0.68605928,0.64635931,0.68605928
0.16843604,0.16658369,0.16909076,0.1670736,0.16485278,0.16396317,1.0,1.0,1.0,1.0,0.62239297,0.62605196,0.59147457,0.62605196,0.61781925,0.63282108,0.61562386,0.63282108,0.66703256,0.6705086,0.6481888,0.6705086,0.64635931,0.68605928,0.64635931,0.68605928,0.66739846,0.6705086,0.65568972,0.6705086
0.16864038,0.16648193,0.16920294,0.16726835,0.16466461,0.16374181,1.0,1.0,1.0,1.0,0.61781925,0.63282108,0.61562386,0.63282108,0.66703256,0.6705086,0.6481888,0.6705086,0.64635931,0.68605928,0.64635931,0.68605928,0.66739846,0.6705086,0.65568972,0.6705086,0.65550677,0.67361873,0.65312843,0.67361873
0.16874649,0.16637251,0.16923729,0.16743296,0.16455348,0.1636573,1.0,1.0,1.0,1.0,0.66703256,0.6705086,0.6481888,0.6705086,0.64635931,0.68605928,0.64635931,0.68605928,0.66739846,0.6705086,0.65568972,0.6705086,0.65550677,0.67361873,0.65312843,0.67361873,0.65605562,0.65715331,0.6392243,0.65715331
0.16883986,0.16634881,0.16953395,0.16760641,0.16430037,0.1633706,1.0,1.0,1.0,1.0,0.64635931,0.68605928,0.64635931,0.68605928,0.66739846,0.6705086,0.65568972,0.6705086,0.65550677,0.67361873,0.65312843,0.67361873,0.65605562,0.65715331,0.6392243,0.65715331,0.67544823,0.68111965,0.66886206,0.68111965
0.16891211,0.16623287,0.16983673,0.16778998,0.16410819,0.16312017,1.0,1.0,1.0,1.0,0.66739846,0.6705086,0.65568972,0.6705086,0.65550677,0.67361873,0.65312843,0.67361873,0.65605562,0.65715331,0.6392243,0.65715331,0.67544823,0.68111965,0.66886206,0.68111965,0.6802049,0.69356019,0.66813026,0.69356019
0.16911167,0.16615017,0.17038223,0.1681333,0.16366357,0.16255902,1.0,1.0,1.0,1.0,0.65550677,0.67361873,0.65312843,0.67361873,0.65605562,0.65715331,0.6392243,0.65715331,0.67544823,0.68111965,0.66886206,0.68111965,0.6802049,0.69356019,0.66813026,0.69356019,0.66264179,0.68349799,0.66099524,0.68349799
0.1693904,0.16610293,0.17087854,0.16859359,0.16315793,0.16187657,1.0,1.0,1.0,1.0,0.65605562,0.65715331,0.6392243,0.65715331,0.67544823,0.68111965,0.66886206,0.68111965,0.6802049,0.69356019,0.66813026,0.69356019,0.66264179,0.68349799,0.66099524,0.68349799,0.66886206,0.67215514,0.65276253,0.67215514
0.16973619,0.16609664,0.17146225,0.1691581,0.16250362,0.16104323,1.0,1.0,1.0,1.0,0.67544823,0.68111965,0.66886206,0.68111965,0.6802049,0.69356019,0.66813026,0.69356019,0.66264179,0.68349799,0.66099524,0.68349799,0.66886206,0.67215514,0.65276253,0.67215514,0.6809367,0.68331504,0.65916575,0.68331504
0.16966914,0.16618632,0.17169376,0.16961105,0.16209698,0.16074277,1.0,1.0,1.0,1.0,0.6802049,0.69356019,0.66813026,0.69356019,0.66264179,0.68349799,0.66099524,0.68349799,0.66886206,0.67215514,0.65276253,0.67215514,0.6809367,0.68331504,0.65916575,0.68331504,0.69593853,0.69813392,0.68770582,0.69813392
0.16950597,0.16631927,0.1719337,0.17007661,0.16171227,0.16045216,1.0,1.0,1.0,1.0,0.66264179,0.68349799,0.66099524,0.68349799,0.66886206,0.67215514,0.65276253,0.67215514,0.6809367,0.68331504,0.65916575,0.68331504,0.69593853,0.69813392,0.68770582,0.69813392,0.72447859,0.72667398,0.70545188,0.72667398
0.16946411,0.16632856,0.17221276,0.17051923,0.16129464,0.16018067,1.0,1.0,1.0,1.0,0.66886206,0.67215514,0.65276253,0.67215514,0.6809367,0.68331504,0.65916575,0.68331504,0.69593853,0.69813392,0.68770582,0.69813392,0.72447859,0.72667398,0.70545188,0.72667398,0.72228321,0.723015,0.70856202,0.723015
0.16939887,0.16636147,0.17244004,0.17102088,0.16082823,0.15995045,1.0,1.0,1.0,1.0,0.6809367,0.68331504,0.65916575,0.68331504,0.69593853,0.69813392,0.68770582,0.69813392,0.72447859,0.72667398,0.70545188,0.72667398,0.72228321,0.723015,0.70856202,0.723015,0.78082693,0.7863154,0.75905598,0.7863154
0.16934586,0.16639005,0.17272705,0.17153776,0.160306,0.15969327,1.0,1.0,1.0,1.0,0.69593853,0.69813392,0.68770582,0.69813392,0.72447859,0.72667398,0.70545188,0.72667398,0.72228321,0.723015,0.70856202,0.723015,0.78082693,0.7863154,0.75905598,0.7863154,0.80534211,0.81448957,0.78649835,0.81448957
0.16930799,0.16641493,0.17289715,0.17195916,0.15988024,0.15954053,1.0,1.0,1.0,1.0,0.72447859,0.72667398,0.70545188,0.72667398,0.72228321,0.723015,0.70856202,0.723015,0.78082693,0.7863154,0.75905598,0.7863154,0.80534211,0.81448957,0.78649835,0.81448957,0.7874131,0.79399927,0.77167947,0.79399927
0.16931964,0.16630335,0.1730788,0.17241141,0.15948574,0.159401,1.0,1.0,1.0,1.0,0.72228321,0.723015,0.70856202,0.723015,0.78082693,0.7863154,0.75905598,0.7863154,0.80534211,0.81448957,0.78649835,0.81448957,0.7874131,0.79399927,0.77167947,0.79399927,0.74515185,0.7870472,0.74442005,0.7870472
0.16927782,0.16626123,0.17319666,0.17279969,0.15908867,0.15937594,1.0,1.0,1.0,1.0,0.78082693,0.7863154,0.75905598,0.7863154,0.80534211,0.81448957,0.78649835,0.81448957,0.7874131,0.79399927,0.77167947,0.79399927,0.74515185,0.7870472,0.74442005,0.7870472,0.67947311,0.71844127,0.67819246,0.71844127
0.16923821,0.16628665,0.17326815,0.17323741,0.15862453,0.15934503,1.0,1.0,1.0,1.0,0.80534211,0.81448957,0.78649835,0.81448957,0.7874131,0.79399927,0.77167947,0.79399927,0.74515185,0.7870472,0.74442005,0.7870472,0.67947311,0.71844127,0.67819246,0.71844127,0.69392609,0.71533114,0.67544823,0.71533114
0.16916244,0.16616781,0.17333019,0.17371006,0.15827957,0.15934987,1.0,1.0,1.0,1.0,0.7874131,0.79399927,0.77167947,0.79399927,0.74515185,0.7870472,0.74442005,0.7870472,0.67947311,0.71844127,0.67819246,0.71844127,0.69392609,0.71533114,0.67544823,0.71533114,0.69356019,0.70270765,0.65843396,0.70270765
0.16887632,0.1661264,0.17335786,0.17418726,0.15801238,0.15943979,1.0,1.0,1.0,1.0,0.74515185,0.7870472,0.74442005,0.7870472,0.67947311,0.71844127,0.67819246,0.71844127,0.69392609,0.71533114,0.67544823,0.71533114,0.69356019,0.70270765,0.65843396,0.70270765,0.70911087,0.73197951,0.69502378,0.73197951
0.16833918,0.16610035,0.17361134,0.17480299,0.15766492,0.1594812,1.0,1.0,1.0,1.0,0.67947311,0.71844127,0.67819246,0.71844127,0.69392609,0.71533114,0.67544823,0.71533114,0.69356019,0.70270765,0.65843396,0.70270765,0.70911087,0.73197951,0.69502378,0.73197951,0.68605928,0.70801317,0.68551043,0.70801317
0.16782609,0.16612548,0.1738462,0.175501,0.15722917,0.15947206,1.0,1.0,1.0,1.0,0.69392609,0.71533114,0.67544823,0.71533114,0.69356019,0.70270765,0.65843396,0.70270765,0.70911087,0.73197951,0.69502378,0.73197951,0.68605928,0.70801317,0.68551043,0.70801317,0.69026711,0.69630443,0.67343578,0.69630443
0.16730465,0.16625233,0.17409474,0.17602246,0.15683712,0.15948866,1.0,1.0,1.0,1.0,0.69356019,0.70270765,0.65843396,0.70270765,0.70911087,0.73197951,0.69502378,0.73197951,0.68605928,0.70801317,0.68551043,0.70801317,0.69026711,0.69630443,0.67343578,0.69630443,0.67636297,0.71002561,0.67636297,0.71002561
0.1666285,0.16656294,0.1744129,0.1765485,0.15633538,0.15951176,1.0,1.0,1.0,1.0,0.70911087,0.73197951,0.69502378,0.73197951,0.68605928,0.70801317,0.68551043,0.70801317,0.69026711,0.69630443,0.67343578,0.69630443,0.67636297,0.71002561,0.67636297,0.71002561,0.68294914,0.68313209,0.66794731,0.68313209
0.16580816,0.16694544,0.17466098,0.17693809,0.15597425,0.1596731,1.0,1.0,1.0,1.0,0.68605928,0.70801317,0.68551043,0.70801317,0.69026711,0.69630443,0.67343578,0.69630443,0.67636297,0.71002561,0.67636297,0.71002561,0.68294914,0.68313209,0.66794731,0.68313209,0.68697402,0.69465789,0.68404683,0.69465789
0.16518915,0.1672309,0.17492695,0.17747243,0.15554272,0.15963781,1.0,1.0,1.0,1.0,0.69026711,0.69630443,0.67343578,0.69630443,0.67636297,0.71002561,0.67636297,0.71002561,0.68294914,0.68313209,0.66794731,0.68313209,0.68697402,0.69465789,0.68404683,0.69465789,0.65459202,0.67618002,0.65093304,0.67618002
0.16451155,0.16751806,0.17520502,0.17818634,0.15501101,0.15956801,1.0,1.0,1.0,1.0,0.67636297,0.71002561,0.67636297,0.71002561,0.68294914,0.68313209,0.66794731,0.68313209,0.68697402,0.69465789,0.68404683,0.69465789,0.65459202,0.67618002,0.65093304,0.67618002,0.66447128,0.66556897,0.64270033,0.66556897
0.16373478,0.16798402,0.17542413,0.17895493,0.15439074,0.15951139,1.0,1.0,1.0,1.0,0.68294914,0.68313209,0.66794731,0.68313209,0.68697402,0.69465789,0.68404683,0.69465789,0.65459202,0.67618002,0.65093304,0.67618002,0.66447128,0.66556897,0.64270033,0.66556897,0.64178558,0.66117819,0.63995609,0.66117819
0.16296296,0.16842438,0.17566691,0.17959614,0.15378176,0.1595678,1.0,1.0,1.0,1.0,0.68697402,0.69465789,0.68404683,0.69465789,0.65459202,0.67618002,0.65093304,0.67618002,0.66447128,0.66556897,0.64270033,0.66556897,0.64178558,0.66117819,0.63995609,0.66117819,0.65203074,0.65587267,0.64050494,0.65587267
0.1621166,0.16901536,0.17579417,0.18027803,0.15317993,0.15961593,1.0,1.0,1.0,1.0,0.65459202,0.67618002,0.65093304,0.67618002,0.66447128,0.66556897,0.64270033,0.66556897,0.64178558,0.66117819,0.63995609,0.66117819,0.65203074,0.65587267,0.64050494,0.65587267,0.65788511,0.66154409,0.63501647,0.66154409
0.16113111,0.16982687,0.17598313,0.18093736,0.15250212,0.15961935,1.0,1.0,1.0,1.0,0.66447128,0.66556897,0.64270033,0.66556897,0.64178558,0.66117819,0.63995609,0.66117819,0.65203074,0.65587267,0.64050494,0.65587267,0.65788511,0.66154409,0.63501647,0.66154409,0.64306623,0.66758141,0.64251738,0.66758141
0.16019121,0.17072053,0.17615542,0.18174762,0.15174842,0.15943672,1.0,1.0,1.0,1.0,0.64178558,0.66117819,0.63995609,0.66117819,0.65203074,0.65587267,0.64050494,0.65587267,0.65788511,0.66154409,0.63501647,0.66154409,0.64306623,0.66758141,0.64251738,0.66758141,0.6485547,0.66483718,0.64635931,0.66483718
0.15928651,0.1716551,0.17655471,0.18263635,0.15071541,0.15915196,1.0,1.0,1.0,1.0,0.65203074,0.65587267,0.64050494,0.65587267,0.65788511,0.66154409,0.63501647,0.66154409,0.64306623,0.66758141,0.64251738,0.66758141,0.6485547,0.66483718,0.64635931,0.66483718,0.65312843,0.66319063,0.64489572,0.66319063
0.15852225,0.1724055,0.17686254,0.18328919,0.1498917,0.15902883,1.0,1.0,1.0,1.0,0.65788511,0.66154409,0.63501647,0.66154409,0.64306623,0.66758141,0.64251738,0.66758141,0.6485547,0.66483718,0.64635931,0.66483718,0.65312843,0.66319063,0.64489572,0.66319063,0.63611416,0.64727406,0.63428467,0.64727406
0.15733707,0.17369923,0.17749712,0.18408734,0.14844191,0.15893732,1.0,1.0,1.0,1.0,0.64306623,0.66758141,0.64251738,0.66758141,0.6485547,0.66483718,0.64635931,0.66483718,0.65312843,0.66319063,0.64489572,0.66319063,0.63611416,0.64727406,0.63428467,0.64727406,0.63465057,0.64635931,0.63025979,0.64635931
0.15605319,0.17514242,0.17791122,0.18483327,0.14707291,0.15898696,1.0,1.0,1.0,1.0,0.6485547,0.66483718,0.64635931,0.66483718,0.65312843,0.66319063,0.64489572,0.66319063,0.63611416,0.64727406,0.63428467,0.64727406,0.63465057,0.64635931,0.63025979,0.64635931,0.60848884,0.63410172,0.60739115,0.63410172
0.15466502,0.1764407,0.17822756,0.18550114,0.14597711,0.1591885,1.0,1.0,1.0,1.0,0.65312843,0.66319063,0.64489572,0.66319063,0.63611416,0.64727406,0.63428467,0.64727406,0.63465057,0.64635931,0.63025979,0.64635931,0.60848884,0.63410172,0.60739115,0.63410172,0.62751555,0.6284303,0.60464691,0.6284303
0.15343265,0.1777384,0.17855325,0.18630773,0.14476599,0.15920204,1.0,1.0,1.0,1.0,0.63611416,0.64727406,0.63428467,0.64727406,0.63465057,0.64635931,0.63025979,0.64635931,0.60848884,0.63410172,0.60739115,0.63410172,0.62751555,0.6284303,0.60464691,0.6284303,0.62751555,0.63684596,0.62129528,0.63684596
0.15098117,0.18085897,0.17919132,0.18791932,0.1420335,0.1590157,1.0,1.0,1.0,1.0,0.63465057,0.64635931,0.63025979,0.64635931,0.60848884,0.63410172,0.60739115,0.63410172,0.62751555,0.6284303,0.60464691,0.6284303,0.62751555,0.63684596,0.62129528,0.63684596,0.64837175,0.65020124,0.62166118,0.65020124
0.14791319,0.18489477,0.17934409,0.18954113,0.13916308,0.15914367,1.0,1.0,1.0,1.0,0.60848884,0.63410172,0.60739115,0.63410172,0.62751555,0.6284303,0.60464691,0.6284303,0.62751555,0.63684596,0.62129528,0.63684596,0.64837175,0.65020124,0.62166118,0.65020124,0.65660446,0.66337358,0.65038419,0.66337358
0.14377496,0.19071923,0.17912553,0.19248915,0.13478632,0.15910476,1.0,1.0,1.0,1.0,0.62751555,0.6284303,0.60464691,0.6284303,0.62751555,0.63684596,0.62129528,0.63684596,0.64837175,0.65020124,0.62166118,0.65020124,0.65660446,0.66337358,0.65038419,0.66337358,0.65148189,0.65916575,0.64416392,0.65916575
0.13806339,0.19910957,0.1789286,0.19737214,0.12821203,0.15831427,1.0,1.0,1.0,1.0,0.62751555,0.63684596,0.62129528,0.63684596,0.64837175,0.65020124,0.62166118,0.65020124,0.65660446,0.66337358,0.65038419,0.66337358,0.65148189,0.65916575,0.64416392,0.65916575,0.64032199,0.65751921,0.63830955,0.65751921
0.13211966,0.20843805,0.17764032,0.2018438,0.12205201,0.15790613,1.0,1.0,1.0,1.0,0.64837175,0.65020124,0.62166118,0.65020124,0.65660446,0.66337358,0.65038419,0.66337358,0.65148189,0.65916575,0.64416392,0.65916575,0.64032199,0.65751921,0.63830955,0.65751921,0.62532016,0.64013904,0.62495426,0.64013904
0.12607332,0.22118422,0.17685626,0.20024562,0.11677881,0.15886182,1.0,1.0,1.0,1.0,0.65660446,0.66337358,0.65038419,0.66337358,0.65148189,0.65916575,0.64416392,0.65916575,0.64032199,0.65751921,0.63830955,0.65751921,0.62532016,0.64013904,0.62495426,0.64013904,0.65697036,0.66483718,0.63428467,0.66483718
0.12555093,0.22885576,0.17158325,0.19138679,0.12027536,0.16234793,1.0,1.0,1.0,1.0,0.65148189,0.65916575,0.64416392,0.65916575,0.64032199,0.65751921,0.63830955,0.65751921,0.62532016,0.64013904,0.62495426,0.64013904,0.65697036,0.66483718,0.63428467,0.66483718,0.64160263,0.64946945,0.6381266,0.64946945
0.13363343,0.22277948,0.16369127,0.17866108,0.1379342,0.16330056,1.0,1.0,1.0,1.0,0.64032199,0.65751921,0.63830955,0.65751921,0.62532016,0.64013904,0.62495426,0.64013904,0.65697036,0.66483718,0.63428467,0.66483718,0.64160263,0.64946945,0.6381266,0.64946945,0.64288328,0.64471277,0.63282108,0.64471277
0.11977582,0.2579303,0.15580289,0.17597921,0.1289804,0.1615313,1.0,1.0,1.0,1.0,0.62532016,0.64013904,0.62495426,0.64013904,0.65697036,0.66483718,0.63428467,0.66483718,0.64160263,0.64946945,0.6381266,0.64946945,0.64288328,0.64471277,0.63282108,0.64471277,0.6388584,0.65349433,0.63538236,0.65349433
0.1483152,0.21953014,0.1461724,0.15548824,0.17682216,0.15367183,1.0,1.0,1.0,1.0,0.65697036,0.66483718,0.63428467,0.66483718,0.64160263,0.64946945,0.6381266,0.64946945,0.64288328,0.64471277,0.63282108,0.64471277,0.6388584,0.65349433,0.63538236,0.65349433,0.64837175,0.6485547,0.63208928,0.6485547
0.157568,0.20551531,0.14642836,0.15234588,0.18496166,0.1531808,1.0,1.0,1.0,1.0,0.64160263,0.64946945,0.6381266,0.64946945,0.64288328,0.64471277,0.63282108,0.64471277,0.6388584,0.65349433,0.63538236,0.65349433,0.64837175,0.6485547,0.63208928,0.6485547,0.64068789,0.65093304,0.63940724,0.65093304
0.15873648,0.19618447,0.15240426,0.15592737,0.17774478,0.15900265,1.0,1.0,1.0,1.0,0.64288328,0.64471277,0.63282108,0.64471277,0.6388584,0.65349433,0.63538236,0.65349433,0.64837175,0.6485547,0.63208928,0.6485547,0.64068789,0.65093304,0.63940724,0.65093304,0.64782291,0.6485547,0.63757775,0.6485547
0.15379961,0.2066513,0.15099196,0.15608487,0.17138536,0.16108683,1.0,1.0,1.0,1.0,0.6388584,0.65349433,0.63538236,0.65349433,0.64837175,0.6485547,0.63208928,0.6485547,0.64068789,0.65093304,0.63940724,0.65093304,0.64782291,0.6485547,0.63757775,0.6485547,0.61598975,0.63519941,0.61544091,0.63519941
0.14635088,0.2266325,0.14746393,0.15467884,0.16328567,0.1615882,1.0,1.0,1.0,1.0,0.64837175,0.6485547,0.63208928,0.6485547,0.64068789,0.65093304,0.63940724,0.65093304,0.64782291,0.6485547,0.63757775,0.6485547,0.61598975,0.63519941,0.61544091,0.63519941,0.61909989,0.62038053,0.60190267,0.62038053
0.1373024,0.2548096,0.14163269,0.15140064,0.15483715,0.16001748,1.0,1.0,1.0,1.0,0.64068789,0.65093304,0.63940724,0.65093304,0.64782291,0.6485547,0.63757775,0.6485547,0.61598975,0.63519941,0.61544091,0.63519941,0.61909989,0.62038053,0.60190267,0.62038053,0.62166118,0.62532016,0.61013538,0.62532016
0.12855236,0.28563356,0.13468392,0.14630255,0.14752962,0.15729801,1.0,1.0,1.0,1.0,0.64782291,0.6485547,0.63757775,0.6485547,0.61598975,0.63519941,0.61544091,0.63519941,0.61909989,0.62038053,0.60190267,0.62038053,0.62166118,0.62532016,0.61013538,0.62532016,0.63959019,0.64141969,0.62147823,0.64141969
0.11929062,0.32068518,0.1267138,0.14003044,0.13963103,0.15364894,1.0,1.0,1.0,1.0,0.61598975,0.63519941,0.61544091,0.63519941,0.61909989,0.62038053,0.60190267,0.62038053,0.62166118,0.62532016,0.61013538,0.62532016,0.63959019,0.64141969,0.62147823,0.64141969,0.64507867,0.65184779,0.64032199,0.65184779
0.11020215,0.35783657,0.11862644,0.13316454,0.13102862,0.14914167,1.0,1.0,1.0,1.0,0.61909989,0.62038053,0.60190267,0.62038053,0.62166118,0.62532016,0.61013538,0.62532016,0.63959019,0.64141969,0.62147823,0.64141969,0.64507867,0.65184779,0.64032199,0.65184779,0.64196853,0.64581046,0.63629711,0.64581046
0.10192219,0.3941732,0.1108585,0.12603708,0.12303258,0.14397651,1.0,1.0,1.0,1.0,0.62166118,0.62532016,0.61013538,0.62532016,0.63959019,0.64141969,0.62147823,0.64141969,0.64507867,0.65184779,0.64032199,0.65184779,0.64196853,0.64581046,0.63629711,0.64581046,0.63904135,0.64032199,0.62989389,0.64032199
0.08796921,0.4510651,0.10048997,0.11665135,0.10702395,0.13680047,1.0,1.0,1.0,1.0,0.63959019,0.64141969,0.62147823,0.64141969,0.64507867,0.65184779,0.64032199,0.65184779,0.64196853,0.64581046,0.63629711,0.64581046,0.63904135,0.64032199,0.62989389,0.64032199,0.65477497,0.65605562,0.64141969,0.65605562
0.07324407,0.5162825,0.08861447,0.10506807,0.08975007,0.1270407,1.0,1.0,1.0,1.0,0.64507867,0.65184779,0.64032199,0.65184779,0.64196853,0.64581046,0.63629711,0.64581046,0.63904135,0.64032199,0.62989389,0.64032199,0.65477497,0.65605562,0.64141969,0.65605562,0.66154409,0.68294914,0.65806806,0.68294914
0.07635828,0.5113031,0.08771879,0.10498853,0.09462498,0.12500629,1.0,1.0,1.0,1.0,0.64196853,0.64581046,0.63629711,0.64581046,0.63904135,0.64032199,0.62989389,0.64032199,0.65477497,0.65605562,0.64141969,0.65605562,0.66154409,0.68294914,0.65806806,0.68294914,0.66136114,0.67416758,0.65459202,0.67416758
0.07209156,0.53838235,0.08178192,0.09967967,0.08984632,0.11821812,1.0,1.0,1.0,1.0,0.63904135,0.64032199,0.62989389,0.64032199,0.65477497,0.65605562,0.64141969,0.65605562,0.66154409,0.68294914,0.65806806,0.68294914,0.66136114,0.67416758,0.65459202,0.67416758,0.64526162,0.65806806,0.64379802,0.65806806
0.06561079,0.57470363,0.07423745,0.09255327,0.08287366,0.11002121,1.0,1.0,1.0,1.0,0.65477497,0.65605562,0.64141969,0.65605562,0.66154409,0.68294914,0.65806806,0.68294914,0.66136114,0.67416758,0.65459202,0.67416758,0.64526162,0.65806806,0.64379802,0.65806806,0.64800585,0.6492865,0.63629711,0.6492865
0.05422237,0.6339909,0.06304554,0.08081455,0.07032614,0.0976005,1.0,1.0,1.0,1.0,0.66154409,0.68294914,0.65806806,0.68294914,0.66136114,0.67416758,0.65459202,0.67416758,0.64526162,0.65806806,0.64379802,0.65806806,0.64800585,0.6492865,0.63629711,0.6492865,0.63977314,0.64763996,0.63721186,0.64763996
0.04374069,0.69482106,0.05120351,0.06760638,0.05919529,0.08343313,1.0,1.0,1.0,1.0,0.66136114,0.67416758,0.65459202,0.67416758,0.64526162,0.65806806,0.64379802,0.65806806,0.64800585,0.6492865,0.63629711,0.6492865,0.63977314,0.64763996,0.63721186,0.64763996,0.63648006,0.64800585,0.63446762,0.64800585
0.0343403,0.75124764,0.04023787,0.05497862,0.04949199,0.06970352,1.0,1.0,1.0,1.0,0.64526162,0.65806806,0.64379802,0.65806806,0.64800585,0.6492865,0.63629711,0.6492865,0.63977314,0.64763996,0.63721186,0.64763996,0.63648006,0.64800585,0.63446762,0.64800585,0.62952799,0.63995609,0.6280644,0.63995609
0.03341237,0.76173925,0.03687197,0.05091569,0.05211106,0.06494963,1.0,1.0,1.0,1.0,0.64800585,0.6492865,0.63629711,0.6492865,0.63977314,0.64763996,0.63721186,0.64763996,0.63648006,0.64800585,0.63446762,0.64800585,0.62952799,0.63995609,0.6280644,0.63995609,0.61983169,0.6284303,0.61964874,0.6284303
0.04628917,0.7043307,0.04137915,0.05692934,0.07885856,0.07221314,1.0,1.0,1.0,1.0,0.63977314,0.64763996,0.63721186,0.64763996,0.63648006,0.64800585,0.63446762,0.64800585,0.62952799,0.63995609,0.6280644,0.63995609,0.61983169,0.6284303,0.61964874,0.6284303,0.61525796,0.62019759,0.61068423,0.62019759
0.0700373,0.60973454,0.04797647,0.06468666,0.12840803,0.07915709,1.0,1.0,1.0,1.0,0.63648006,0.64800585,0.63446762,0.64800585,0.62952799,0.63995609,0.6280644,0.63995609,0.61983169,0.6284303,0.61964874,0.6284303,0.61525796,0.62019759,0.61068423,0.62019759,0.63336992,0.6377607,0.61635565,0.6377607
0.09291372,0.54647565,0.04881866,0.06239427,0.1760184,0.0733792,1.0,1.0,1.0,1.0,0.62952799,0.63995609,0.6280644,0.63995609,0.61983169,0.6284303,0.61964874,0.6284303,0.61525796,0.62019759,0.61068423,0.62019759,0.63336992,0.6377607,0.61635565,0.6377607,0.61324552,0.63117453,0.61050128,0.63117453
0.12315255,0.44197845,0.04982612,0.06033542,0.25581127,0.06889614,1.0,1.0,1.0,1.0,0.61983169,0.6284303,0.61964874,0.6284303,0.61525796,0.62019759,0.61068423,0.62019759,0.63336992,0.6377607,0.61635565,0.6377607,0.61324552,0.63117453,0.61050128,0.63117453,0.60025613,0.61269667,0.60007318,0.61269667
0.09985378,0.554965,0.03722836,0.04388564,0.21370783,0.05035932,1.0,1.0,1.0,1.0,0.61525796,0.62019759,0.61068423,0.62019759,0.63336992,0.6377607,0.61635565,0.6377607,0.61324552,0.63117453,0.61050128,0.63117453,0.60025613,0.61269667,0.60007318,0.61269667,0.59623125,0.60464691,0.58964508,0.60464691
0.09177586,0.5614501,0.02739546,0.03239699,0.24834427,0.03863732,1.0,1.0,1.0,1.0,0.63336992,0.6377607,0.61635565,0.6377607,0.61324552,0.63117453,0.61050128,0.63117453,0.60025613,0.61269667,0.60007318,0.61269667,0.59623125,0.60464691,0.58964508,0.60464691,0.61050128,0.61379437,0.5964142,0.61379437
0.11640328,0.3858887,0.01898051,0.0214286,0.43191794,0.02538094,1.0,1.0,1.0,1.0,0.61324552,0.63117453,0.61050128,0.63117453,0.60025613,0.61269667,0.60007318,0.61269667,0.59623125,0.60464691,0.58964508,0.60464691,0.61050128,0.61379437,0.5964142,0.61379437,0.59915843,0.61086718,0.59860959,0.61086718
0.08946972,0.45486364,0.00755515,0.00844197,0.42902535,0.01064424,1.0,1.0,1.0,1.0,0.60025613,0.61269667,0.60007318,0.61269667,0.59623125,0.60464691,0.58964508,0.60464691,0.61050128,0.61379437,0.5964142,0.61379437,0.59915843,0.61086718,0.59860959,0.61086718,0.59147457,0.5964142,0.58580315,0.5964142
0.10575524,0.40258816,0.00190839,0.00202351,0.48504126,0.00268351,1.0,1.0,1.0,1.0,0.59623125,0.60464691,0.58964508,0.60464691,0.61050128,0.61379437,0.5964142,0.61379437,0.59915843,0.61086718,0.59860959,0.61086718,0.59147457,0.5964142,0.58580315,0.5964142,0.58799854,0.59586535,0.58433955,0.59586535
0.14710298,0.010638931,0.00034189885,0.0003101883,0.84125727,0.00034869873,1.0,1.0,1.0,1.0,0.61050128,0.61379437,0.5964142,0.61379437,0.59915843,0.61086718,0.59860959,0.61086718,0.59147457,0.5964142,0.58580315,0.5964142,0.58799854,0.59586535,0.58433955,0.59586535,0.58671789,0.60062203,0.58324186,0.60062203
0.21775587,0.017208287,0.00031546075,0.00026443438,0.76413918,0.00031682081,1.0,1.0,1.0,1.0,0.59915843,0.61086718,0.59860959,0.61086718,0.59147457,0.5964142,0.58580315,0.5964142,0.58799854,0.59586535,0.58433955,0.59586535,0.58671789,0.60062203,0.58324186,0.60062203,0.58635199,0.59696304,0.57976583,0.59696304
0.31651863,0.14783403,0.00052643282,0.00042099404,0.53413761,0.00056229916,1.0,1.0,1.0,1.0,0.59147457,0.5964142,0.58580315,0.5964142,0.58799854,0.59586535,0.58433955,0.59586535,0.58671789,0.60062203,0.58324186,0.60062203,0.58635199,0.59696304,0.57976583,0.59696304,0.57281376,0.58031467,0.56037322,0.58031467
0.25635841,0.0095041608,0.00041109577,0.00029378428,0.73311228,0.00032026399,1.0,1.0,1.0,1.0,0.58799854,0.59586535,0.58433955,0.59586535,0.58671789,0.60062203,0.58324186,0.60062203,0.58635199,0.59696304,0.57976583,0.59696304,0.57281376,0.58031467,0.56037322,0.58031467,0.56933772,0.58269301,0.56878888,0.58269301
0.18028674,0.0087174308,0.00063958566,0.00044077254,0.809439,0.00047647126,1.0,1.0,1.0,1.0,0.58671789,0.60062203,0.58324186,0.60062203,0.58635199,0.59696304,0.57976583,0.59696304,0.57281376,0.58031467,0.56037322,0.58031467,0.56933772,0.58269301,0.56878888,0.58269301,0.55506769,0.57555799,0.5536041,0.57555799
0.14953171,0.021818103,0.0010923236,0.00077047053,0.8259154,0.00087199896,1.0,1.0,1.0,1.0,0.58635199,0.59696304,0.57976583,0.59696304,0.57281376,0.58031467,0.56037322,0.58031467,0.56933772,0.58269301,0.56878888,0.58269301,0.55506769,0.57555799,0.5536041,0.57555799,0.5536041,0.55964142,0.54738383,0.55964142
0.04716791,0.4652338,0.001726,0.00134765,0.48263702,0.00188763,1.0,1.0,1.0,1.0,0.57281376,0.58031467,0.56037322,0.58031467,0.56933772,0.58269301,0.56878888,0.58269301,0.55506769,0.57555799,0.5536041,0.57555799,0.5536041,0.55964142,0.54738383,0.55964142,0.54994512,0.55525064,0.54738383,0.55525064
0.07250658,0.01325802,0.00252191,0.00201813,0.90769035,0.002005,1.0,1.0,1.0,1.0,0.56933772,0.58269301,0.56878888,0.58269301,0.55506769,0.57555799,0.5536041,0.57555799,0.5536041,0.55964142,0.54738383,0.55964142,0.54994512,0.55525064,0.54738383,0.55525064,0.54409074,0.56073911,0.543176,0.56073911
0.09654806,0.01164796,0.00676027,0.00604279,0.8736122,0.00538862,1.0,1.0,1.0,1.0,0.55506769,0.57555799,0.5536041,0.57555799,0.5536041,0.55964142,0.54738383,0.55964142,0.54994512,0.55525064,0.54738383,0.55525064,0.54409074,0.56073911,0.543176,0.56073911,0.56714233,0.57226491,0.54409074,0.57226491
0.16134126,0.03795911,0.02637512,0.02624029,0.7242817,0.02380249,1.0,1.0,1.0,1.0,0.5536041,0.55964142,0.54738383,0.55964142,0.54994512,0.55525064,0.54738383,0.55525064,0.54409074,0.56073911,0.543176,0.56073911,0.56714233,0.57226491,0.54409074,0.57226491,0.56714233,0.56970362,0.55470179,0.56970362
0.15670133,0.03706539,0.02901505,0.02970114,0.72191197,0.0256051,1.0,1.0,1.0,1.0,0.54994512,0.55525064,0.54738383,0.55525064,0.54409074,0.56073911,0.543176,0.56073911,0.56714233,0.57226491,0.54409074,0.57226491,0.56714233,0.56970362,0.55470179,0.56970362,0.55799488,0.56732528,0.55049396,0.56732528
0.13506301,0.02833026,0.02331812,0.02469448,0.7681196,0.02047446,1.0,1.0,1.0,1.0,0.54409074,0.56073911,0.543176,0.56073911,0.56714233,0.57226491,0.54409074,0.57226491,0.56714233,0.56970362,0.55470179,0.56970362,0.55799488,0.56732528,0.55049396,0.56732528,0.54646908,0.55067691,0.53530918,0.55067691
0.16744441,0.140598,0.05165133,0.05820202,0.5272605,0.0548438,1.0,1.0,1.0,1.0,0.56714233,0.57226491,0.54409074,0.57226491,0.56714233,0.56970362,0.55470179,0.56970362,0.55799488,0.56732528,0.55049396,0.56732528,0.54646908,0.55067691,0.53530918,0.55067691,0.53293085,0.55268935,0.53219905,0.55268935
0.00032855503,0.99335325,0.0010283034,0.0014949839,0.00069432298,0.0031004434,1.0,1.0,1.0,1.0,0.56714233,0.56970362,0.55470179,0.56970362,0.55799488,0.56732528,0.55049396,0.56732528,0.54646908,0.55067691,0.53530918,0.55067691,0.53293085,0.55268935,0.53219905,0.55268935,0.51591658,0.53695573,0.51536773,0.53695573
6.5710346e-08,0.99997342,2.1099193e-06,4.3041896e-06,1.3158026e-07,1.9868066e-05,1.0,1.0,1.0,1.0,0.55799488,0.56732528,0.55049396,0.56732528,0.54646908,0.55067691,0.53530918,0.55067691,0.53293085,0.55268935,0.53219905,0.55268935,0.51591658,0.53695573,0.51536773,0.53695573,0.51481888,0.5223198,0.50640322,0.5223198
2.8251157e-11,0.99999976,6.5605086e-09,1.8916378e-08,6.2115722e-11,1.8062869e-07,1.0,1.0,1.0,1.0,0.54646908,0.55067691,0.53530918,0.55067691,0.53293085,0.55268935,0.53219905,0.55268935,0.51591658,0.53695573,0.51536773,0.53695573,0.51481888,0.5223198,0.50640322,0.5223198,0.51975851,0.52414929,0.50823271,0.52414929
2.1755038e-14,1.0,2.7216803e-11,1.1154707e-10,5.7390406e-14,2.1080131e-09,1.0,1.0,1.0,1.0,0.53293085,0.55268935,0.53219905,0.55268935,0.51591658,0.53695573,0.51536773,0.53695573,0.51481888,0.5223198,0.50640322,0.5223198,0.51975851,0.52414929,0.50823271,0.52414929,0.52963776,0.53860227,0.52652763,0.53860227
1.2791694e-17,1.0,9.2249423e-14,5.520732e-13,4.0537945e-17,2.1247833e-11,1.0,1.0,1.0,1.0,0.51591658,0.53695573,0.51536773,0.53695573,0.51481888,0.5223198,0.50640322,0.5223198,0.51975851,0.52414929,0.50823271,0.52414929,0.52963776,0.53860227,0.52652763,0.53860227,0.51427003,0.52671057,0.50987925,0.52671057
6.3161504e-21,1.0,2.6642402e-16,2.3914288e-15,2.4993823e-20,1.9164337e-13,1.0,1.0,1.0,1.0,0.51481888,0.5223198,0.50640322,0.5223198,0.51975851,0.52414929,0.50823271,0.52414929,0.52963776,0.53860227,0.52652763,0.53860227,0.51427003,0.52671057,0.50987925,0.52671057,0.51500183,0.52378339,0.51207464,0.52378339
3.3843352e-24,1.0,8.0283503e-19,1.0933389e-17,1.6801426e-23,1.8196294e-15,1.0,1.0,1.0,1.0,0.51975851,0.52414929,0.50823271,0.52414929,0.52963776,0.53860227,0.52652763,0.53860227,0.51427003,0.52671057,0.50987925,0.52671057,0.51500183,0.52378339,0.51207464,0.52378339,0.49707281,0.5115258,0.49414563,0.5115258
1.82624535e-27,1.0,2.39041828e-21,4.99067887e-20,1.14232575e-26,1.73169682e-17,1.0,1.0,1.0,1.0,0.52963776,0.53860227,0.52652763,0.53860227,0.51427003,0.52671057,0.50987925,0.52671057,0.51500183,0.52378339,0.51207464,0.52378339,0.49707281,0.5115258,0.49414563,0.5115258,0.49469447,0.5003659,0.48316868,0.5003659
1.2045013e-30,1.0,8.1467985e-24,2.6120634e-22,9.5776278e-30,1.8610792e-19,1.0,1.0,1.0,1.0,0.51427003,0.52671057,0.50987925,0.52671057,0.51500183,0.52378339,0.51207464,0.52378339,0.49707281,0.5115258,0.49414563,0.5115258,0.49469447,0.5003659,0.48316868,0.5003659,0.50622027,0.50640322,0.49762166,0.50640322
1.01564154e-33,1.0,3.29940735e-26,1.61860196e-24,1.03740176e-32,2.31672247e-21,1.0,1.0,1.0,1.0,0.51500183,0.52378339,0.51207464,0.52378339,0.49707281,0.5115258,0.49414563,0.5115258,0.49469447,0.5003659,0.48316868,0.5003659,0.50622027,0.50640322,0.49762166,0.50640322,0.50091475,0.51628247,0.4996341,0.51628247
1.02943645e-36,1.0,1.52954997e-28,1.14383445e-26,1.34824869e-35,3.23746023e-23,1.0,1.0,1.0,1.0,0.49707281,0.5115258,0.49414563,0.5115258,0.49469447,0.5003659,0.48316868,0.5003659,0.50622027,0.50640322,0.49762166,0.50640322,0.50091475,0.51628247,0.4996341,0.51628247,0.50256129,0.50622027,0.49817051,0.50622027
0.0,1.0,8.6480743e-31,9.7700741e-29,2.2147658e-38,5.3457337e-25,1.0,1.0,1.0,1.0,0.49469447,0.5003659,0.48316868,0.5003659,0.50622027,0.50640322,0.49762166,0.50640322,0.50091475,0.51628247,0.4996341,0.51628247,0.50256129,0.50622027,0.49817051,0.50622027,0.52890596,0.53018661,0.50640322,0.53018661
0.0,1.0,6.20132339e-33,1.04411236e-30,0.0,1.07235456e-26,1.0,1.0,1.0,1.0,0.50622027,0.50640322,0.49762166,0.50640322,0.50091475,0.51628247,0.4996341,0.51628247,0.50256129,0.50622027,0.49817051,0.50622027,0.52890596,0.53018661,0.50640322,0.53018661,0.5212221,0.53933407,0.51975851,0.53933407
0.0,1.0,5.5311997e-35,1.3688401e-32,0.0,2.5709217e-28,1.0,1.0,1.0,1.0,0.50091475,0.51628247,0.4996341,0.51628247,0.50256129,0.50622027,0.49817051,0.50622027,0.52890596,0.53018661,0.50640322,0.53018661,0.5212221,0.53933407,0.51975851,0.53933407,0.51957556,0.52103915,0.51353824,0.52103915
0.0,1.0,6.851302e-37,2.4403678e-34,0.0,8.035322e-30,1.0,1.0,1.0,1.0,0.50256129,0.50622027,0.49817051,0.50622027,0.52890596,0.53018661,0.50640322,0.53018661,0.5212221,0.53933407,0.51975851,0.53933407,0.51957556,0.52103915,0.51353824,0.52103915,0.51335529,0.52305159,0.5115258,0.52305159
0.0,1.0,0.0,5.6385474e-36,0.0,3.1370274e-31,1.0,1.0,1.0,1.0,0.52890596,0.53018661,0.50640322,0.53018661,0.5212221,0.53933407,0.51975851,0.53933407,0.51957556,0.52103915,0.51353824,0.52103915,0.51335529,0.52305159,0.5115258,0.52305159,0.51225759,0.52250274,0.5104281,0.52250274
0.0,1.0,0.0,1.5961194e-37,0.0,1.4605955e-32,1.0,1.0,1.0,1.0,0.5212221,0.53933407,0.51975851,0.53933407,0.51957556,0.52103915,0.51353824,0.52103915,0.51335529,0.52305159,0.5115258,0.52305159,0.51225759,0.52250274,0.5104281,0.52250274,0.51683132,0.51701427,0.49908525,0.51701427
0.0,1.0,0.0,0.0,0.0,8.465697e-34,1.0,1.0,1.0,1.0,0.51957556,0.52103915,0.51353824,0.52103915,0.51335529,0.52305159,0.5115258,0.52305159,0.51225759,0.52250274,0.5104281,0.52250274,0.51683132,0.51701427,0.49908525,0.51701427,0.5115258,0.51975851,0.50823271,0.51975851
0.0,1.0,0.0,0.0,0.0,6.112725e-35,1.0,1.0,1.0,1.0,0.51335529,0.52305159,0.5115258,0.52305159,0.51225759,0.52250274,0.5104281,0.52250274,0.51683132,0.51701427,0.49908525,0.51701427,0.5115258,0.51975851,0.50823271,0.51975851,0.50128064,0.51555068,0.50091475,0.51555068
0.0,1.0,0.0,0.0,0.0,5.3116553e-36,1.0,1.0,1.0,1.0,0.51225759,0.52250274,0.5104281,0.52250274,0.51683132,0.51701427,0.49908525,0.51701427,0.5115258,0.51975851,0.50823271,0.51975851,0.50128064,0.51555068,0.50091475,0.51555068,0.50548847,0.50896451,0.5,0.50896451
0.0,1.0,0.0,0.0,0.0,5.717014e-37,1.0,1.0,1.0,1.0,0.51683132,0.51701427,0.49908525,0.51701427,0.5115258,0.51975851,0.50823271,0.51975851,0.50128064,0.51555068,0.50091475,0.51555068,0.50548847,0.50896451,0.5,0.50896451,0.49743871,0.50439078,0.49725576,0.50439078
0.0,1.0,0.0,0.0,0.0,7.114419e-38,1.0,1.0,1.0,1.0,0.5115258,0.51975851,0.50823271,0.51975851,0.50128064,0.51555068,0.50091475,0.51555068,0.50548847,0.50896451,0.5,0.50896451,0.49743871,0.50439078,0.49725576,0.50439078,0.52305159,0.52451518,0.49542627,0.52451518
0.0,1.0,0.0,0.0,0.0,0.0,1.0,1.0,1.0,1.0,0.50128064,0.51555068,0.50091475,0.51555068,0.50548847,0.50896451,0.5,0.50896451,0.49743871,0.50439078,0.49725576,0.50439078,0.52305159,0.52451518,0.49542627,0.52451518,0.51244054,0.52634468,0.50804976,0.52634468
0.0,1.0,0.0,0.0,0.0,0.0,1.0,1.0,1.0,1.0,0.50548847,0.50896451,0.5,0.50896451,0.49743871,0.50439078,0.49725576,0.50439078,0.52305159,0.52451518,0.49542627,0.52451518,0.51244054,0.52634468,0.50804976,0.52634468,0.5003659,0.50658617,0.49432858,0.50658617
0.0,1.0,0.0,0.0,0.0,0.0,1.0,1.0,1.0,1.0,0.49743871,0.50439078,0.49725576,0.50439078,0.52305159,0.52451518,0.49542627,0.52451518,0.51244054,0.52634468,0.50804976,0.52634468,0.5003659,0.50658617,0.49432858,0.50658617,0.49231614,0.49798756,0.49048664,0.49798756
0.0,1.0,0.0,0.0,0.0,0.0,1.0,1.0,1.0,1.0,0.52305159,0.52451518,0.49542627,0.52451518,0.51244054,0.52634468,0.50804976,0.52634468,0.5003659,0.50658617,0.49432858,0.50658617,0.49231614,0.49798756,0.49048664,0.49798756,0.47365532,0.48572997,0.47292353,0.48572997
0.0,1.0,0.0,0.0,0.0,0.0,1.0,1.0,1.0,1.0,0.51244054,0.52634468,0.50804976,0.52634468,0.5003659,0.50658617,0.49432858,0.50658617,0.49231614,0.49798756,0.49048664,0.49798756,0.47365532,0.48572997,0.47292353,0.48572997,0.49469447,0.49707281,0.46670326,0.49707281
0.0,1.0,0.0,0.0,0.0,0.0,1.0,1.0,1.0,1.0,0.5003659,0.50658617,0.49432858,0.50658617,0.49231614,0.49798756,0.49048664,0.49798756,0.47365532,0.48572997,0.47292353,0.48572997,0.49469447,0.49707281,0.46670326,0.49707281,0.48938895,0.49725576,0.48024149,0.49725576
