Action_Cash,Action_TSM,Action_MRVL,Action_NVDA,Action_RTX,Action_GM,State_Cash_close_L1,State_Cash_high_L1,State_Cash_low_L1,State_Cash_open_L1,State_TSM_close_L1,State_TSM_high_L1,State_TSM_low_L1,State_TSM_open_L1,State_MRVL_close_L1,State_MRVL_high_L1,State_MRVL_low_L1,State_MRVL_open_L1,State_NVDA_close_L1,State_NVDA_high_L1,State_NVDA_low_L1,State_NVDA_open_L1,State_RTX_close_L1,State_RTX_high_L1,State_RTX_low_L1,State_RTX_open_L1,State_GM_close_L1,State_GM_high_L1,State_GM_low_L1,State_GM_open_L1,Wealth,Return,Price_Cash,Price_XOM,Price_CVX,Price_OKE,Price_VLO,Price_SHEL
0.1666191,0.16669345,0.1666473,0.16666965,0.1666881,0.16668239,1.0,1.0,1.0,1.0,1.02561449,1.0402512,1.02404627,1.0402512,1.04652412,1.04826656,1.03589508,1.04826656,1.05105443,1.05663031,1.04408455,1.05663031,1.01742491,1.04025121,1.01515969,1.04025121,1.02369772,1.04007686,1.01585662,1.04007686,9969.34132433027,-0.0030705769670033,1.000,0.994,1.000,1.000,1.000,1.000
0.16661902,0.16669308,0.16664745,0.16666932,0.16668904,0.16668215,1.0,1.0,1.0,1.0,1.04652412,1.04826656,1.03589508,1.04826656,1.05105443,1.05663031,1.04408455,1.05663031,1.01742491,1.04025121,1.01515969,1.04025121,1.02369772,1.04007686,1.01585662,1.04007686,1.02073558,1.02369774,1.01080347,1.02369774,9959.149181723327,-0.0010228716010865,1.000,0.994,1.000,1.000,1.000,1.000
0.1666196,0.16669306,0.16664767,0.1666689,0.16668832,0.16668247,1.0,1.0,1.0,1.0,1.05105443,1.05663031,1.04408455,1.05663031,1.01742491,1.04025121,1.01515969,1.04025121,1.02369772,1.04007686,1.01585662,1.04007686,1.02073558,1.02369774,1.01080347,1.02369774,1.01481115,1.02805385,1.00139417,1.02805385,9947.945605547297,-0.0011255863779838,1.000,0.993,1.000,1.000,1.000,1.000
0.1666194,0.16669318,0.1666471,0.16666877,0.16668855,0.16668302,1.0,1.0,1.0,1.0,1.01742491,1.04025121,1.01515969,1.04025121,1.02369772,1.04007686,1.01585662,1.04007686,1.02073558,1.02369774,1.01080347,1.02369774,1.01481115,1.02805385,1.00139417,1.02805385,1.01672785,1.02700839,1.01620513,1.02700839,9908.399339369844,-0.0039832424924752,1.000,0.976,1.000,1.000,1.000,1.000
0.16661927,0.16669284,0.16664745,0.1666691,0.16668817,0.16668312,1.0,1.0,1.0,1.0,1.02369772,1.04007686,1.01585662,1.04007686,1.02073558,1.02369774,1.01080347,1.02369774,1.01481115,1.02805385,1.00139417,1.02805385,1.01672785,1.02700839,1.01620513,1.02700839,1.00156824,1.01184878,0.98658304,1.01184878,9906.023047988729,-0.0002398547225908,1.000,0.999,1.000,1.000,1.000,1.000
0.1666196,0.1666932,0.16664723,0.16666879,0.16668797,0.1666832,1.0,1.0,1.0,1.0,1.02073558,1.02369774,1.01080347,1.02369774,1.01481115,1.02805385,1.00139417,1.02805385,1.01672785,1.02700839,1.01620513,1.02700839,1.00156824,1.01184878,0.98658304,1.01184878,1.00592465,1.01306875,1.00121999,1.01306875,9892.232204833705,-0.0013931374466478,1.000,0.992,1.000,1.000,1.000,1.000
0.16661927,0.16669308,0.1666473,0.16666932,0.16668804,0.16668294,1.0,1.0,1.0,1.0,1.01481115,1.02805385,1.00139417,1.02805385,1.01672785,1.02700839,1.01620513,1.02700839,1.00156824,1.01184878,0.98658304,1.01184878,1.00592465,1.01306875,1.00121999,1.01306875,0.96288569,0.97560574,0.95940081,0.97560574,9909.72372724407,0.0017666463878292,1.000,1.011,1.000,1.000,1.000,1.000
0.1666199,0.16669348,0.16664723,0.166668,0.16668773,0.16668363,1.0,1.0,1.0,1.0,1.01672785,1.02700839,1.01620513,1.02700839,1.00156824,1.01184878,0.98658304,1.01184878,1.00592465,1.01306875,1.00121999,1.01306875,0.96288569,0.97560574,0.95940081,0.97560574,0.99477278,0.99529549,0.96671909,0.99529549,9841.535664063154,-0.0069047074655016,1.000,0.959,1.000,1.000,1.000,1.000
0.16662006,0.16669211,0.16664746,0.16666746,0.16668862,0.16668426,1.0,1.0,1.0,1.0,1.00156824,1.01184878,0.98658304,1.01184878,1.00592465,1.01306875,1.00121999,1.01306875,0.96288569,0.97560574,0.95940081,0.97560574,0.99477278,0.99529549,0.96671909,0.99529549,0.99651514,1.0022653,0.99059076,1.0022653,9804.737965746524,-0.0037460275715368,1.000,0.978,1.000,1.000,1.000,1.000
0.16661987,0.16669218,0.1666475,0.16666837,0.16668735,0.16668476,1.0,1.0,1.0,1.0,1.00592465,1.01306875,1.00121999,1.01306875,0.96288569,0.97560574,0.95940081,0.97560574,0.99477278,0.99529549,0.96671909,0.99529549,0.99651514,1.0022653,0.99059076,1.0022653,0.97229513,0.97647707,0.95940093,0.97647707,9784.255494378693,-0.0020912232038918,1.000,0.988,1.000,1.000,1.000,1.000
0.16661954,0.16669317,0.16664708,0.16666855,0.16668725,0.16668442,1.0,1.0,1.0,1.0,0.96288569,0.97560574,0.95940081,0.97560574,0.99477278,0.99529549,0.96671909,0.99529549,0.99651514,1.0022653,0.99059076,1.0022653,0.97229513,0.97647707,0.95940093,0.97647707,0.93988517,0.96671914,0.93396079,0.96671914,9859.012317586466,0.0076114814337987,1.000,1.046,1.000,1.000,1.000,1.000
0.16661985,0.16669239,0.16664784,0.16666773,0.16668814,0.16668396,1.0,1.0,1.0,1.0,0.99477278,0.99529549,0.96671909,0.99529549,0.99651514,1.0022653,0.99059076,1.0022653,0.97229513,0.97647707,0.95940093,0.97647707,0.93988517,0.96671914,0.93396079,0.96671914,0.95434765,0.9573098,0.9433701,0.9573098,9836.63217789688,-0.0022725988303611,1.000,0.986,1.000,1.000,1.000,1.000
0.16662076,0.16669111,0.16664784,0.16666637,0.16668868,0.16668522,1.0,1.0,1.0,1.0,0.99651514,1.0022653,0.99059076,1.0022653,0.97229513,0.97647707,0.95940093,0.97647707,0.93988517,0.96671914,0.93396079,0.96671914,0.95434765,0.9573098,0.9433701,0.9573098,1.0022653,1.00435624,0.99146204,1.00435624,9825.68713884581,-0.001113301030792,1.000,0.993,1.000,1.000,1.000,1.000
0.16662018,0.16669151,0.16664664,0.16666673,0.16668788,0.16668706,1.0,1.0,1.0,1.0,0.97229513,0.97647707,0.95940093,0.97647707,0.93988517,0.96671914,0.93396079,0.96671914,0.95434765,0.9573098,0.9433701,0.9573098,1.0022653,1.00435624,0.99146204,1.00435624,1.0092351,1.01324283,0.99616662,1.01324283,9808.540768650066,-0.0017465799658978,1.000,0.990,1.000,1.000,1.000,1.000
0.16661952,0.16669199,0.16664678,0.16666853,0.16668683,0.16668634,1.0,1.0,1.0,1.0,0.93988517,0.96671914,0.93396079,0.96671914,0.95434765,0.9573098,0.9433701,0.9573098,1.0022653,1.00435624,0.99146204,1.00435624,1.0092351,1.01324283,0.99616662,1.01324283,1.01097768,1.01550806,0.99808342,1.01550806,9824.053517206868,0.0015803058484628,1.000,1.010,1.000,1.000,1.000,1.000
0.16661897,0.16669294,0.16664712,0.16666937,0.16668722,0.16668437,1.0,1.0,1.0,1.0,0.95434765,0.9573098,0.9433701,0.9573098,1.0022653,1.00435624,0.99146204,1.00435624,1.0092351,1.01324283,0.99616662,1.01324283,1.01097768,1.01550806,0.99808342,1.01550806,0.97926486,0.995644,0.97682542,0.995644,9843.903646694374,0.0020185254688062,1.000,1.012,1.000,1.000,1.000,1.000
0.1666194,0.16669327,0.16664726,0.16666871,0.16668771,0.16668364,1.0,1.0,1.0,1.0,1.0022653,1.00435624,0.99146204,1.00435624,1.0092351,1.01324283,0.99616662,1.01324283,1.01097768,1.01550806,0.99808342,1.01550806,0.97926486,0.995644,0.97682542,0.995644,0.99355292,0.99407564,0.98170416,0.99407564,9834.700487373162,-0.0009353468294274,1.000,0.994,1.000,1.000,1.000,1.000
0.16661994,0.1666926,0.16664709,0.16666754,0.16668856,0.16668424,1.0,1.0,1.0,1.0,1.0092351,1.01324283,0.99616662,1.01324283,1.01097768,1.01550806,0.99808342,1.01550806,0.97926486,0.995644,0.97682542,0.995644,0.99355292,0.99407564,0.98170416,0.99407564,1.02212941,1.02631135,1.00731849,1.02631135,9827.181978040891,-0.000764780250513,1.000,0.995,1.000,1.000,1.000,1.000
0.16661982,0.16669223,0.16664669,0.16666755,0.16668811,0.16668563,1.0,1.0,1.0,1.0,1.01097768,1.01550806,0.99808342,1.01550806,0.97926486,0.995644,0.97682542,0.995644,0.99355292,0.99407564,0.98170416,0.99407564,1.02212941,1.02631135,1.00731849,1.02631135,1.03903138,1.04112231,1.0263114,1.04112231,9806.631845054226,-0.0020933416885975,1.000,0.987,1.000,1.000,1.000,1.000
0.16661917,0.16669245,0.16664676,0.16666888,0.16668728,0.16668554,1.0,1.0,1.0,1.0,0.97926486,0.995644,0.97682542,0.995644,0.99355292,0.99407564,0.98170416,0.99407564,1.02212941,1.02631135,1.00731849,1.02631135,1.03903138,1.04112231,1.0263114,1.04112231,1.03380401,1.0402511,1.02352346,1.0402511,9819.042316316394,0.0012647181252831,1.000,1.008,1.000,1.000,1.000,1.000
0.16661908,0.1666933,0.16664673,0.16666943,0.16668737,0.16668408,1.0,1.0,1.0,1.0,0.99355292,0.99407564,0.98170416,0.99407564,1.02212941,1.02631135,1.00731849,1.02631135,1.03903138,1.04112231,1.0263114,1.04112231,1.03380401,1.0402511,1.02352346,1.0402511,1.0139399,1.03101604,1.00836402,1.03101604,9805.957412841504,-0.0013334935637648,1.000,0.992,1.000,1.000,1.000,1.000
0.16661894,0.1666933,0.16664751,0.16667011,0.16668801,0.16668218,1.0,1.0,1.0,1.0,1.02212941,1.02631135,1.00731849,1.02631135,1.03903138,1.04112231,1.0263114,1.04112231,1.03380401,1.0402511,1.02352346,1.0402511,1.0139399,1.03101604,1.00836402,1.03101604,0.9789164,0.98553778,0.96933286,0.98553778,9785.863684144106,-0.0020512371609984,1.000,0.988,1.000,1.000,1.000,1.000
0.16661969,0.16669367,0.16664761,0.16666846,0.16668841,0.16668223,1.0,1.0,1.0,1.0,1.03903138,1.04112231,1.0263114,1.04112231,1.03380401,1.0402511,1.02352346,1.0402511,1.0139399,1.03101604,1.00836402,1.03101604,0.9789164,0.98553778,0.96933286,0.98553778,1.00435641,1.00958379,0.99320465,1.00958379,9709.612998421308,-0.0078224375615202,1.000,0.953,1.000,1.000,1.000,1.000
0.16661991,0.1666926,0.16664734,0.16666794,0.16668865,0.16668352,1.0,1.0,1.0,1.0,1.03380401,1.0402511,1.02352346,1.0402511,1.0139399,1.03101604,1.00836402,1.03101604,0.9789164,0.98553778,0.96933286,0.98553778,1.00435641,1.00958379,0.99320465,1.00958379,0.98414362,0.99390145,0.97246915,0.99390145,9647.597051436374,-0.0064075513987786,1.000,0.962,1.000,1.000,1.000,1.000
0.1666199,0.16669282,0.16664723,0.16666839,0.16668731,0.1666844,1.0,1.0,1.0,1.0,1.0139399,1.03101604,1.00836402,1.03101604,0.9789164,0.98553778,0.96933286,0.98553778,1.00435641,1.00958379,0.99320465,1.00958379,0.98414362,0.99390145,0.97246915,0.99390145,0.96863571,0.98710585,0.96741599,0.98710585,9612.133470553816,-0.0036826705256334,1.000,0.978,1.000,1.000,1.000,1.000
0.16661929,0.16669284,0.16664773,0.16666873,0.16668776,0.16668363,1.0,1.0,1.0,1.0,0.9789164,0.98553778,0.96933286,0.98553778,1.00435641,1.00958379,0.99320465,1.00958379,0.98414362,0.99390145,0.97246915,0.99390145,0.96863571,0.98710585,0.96741599,0.98710585,0.94302151,0.95295355,0.92664237,0.95295355,9515.555415396988,-0.0100983319473753,1.000,0.940,1.000,1.000,1.000,1.000
0.16662051,0.16669255,0.16664746,0.16666722,0.16668798,0.16668427,1.0,1.0,1.0,1.0,1.00435641,1.00958379,0.99320465,1.00958379,0.98414362,0.99390145,0.97246915,0.99390145,0.96863571,0.98710585,0.96741599,0.98710585,0.94302151,0.95295355,0.92664237,0.95295355,0.93849127,0.96654496,0.93796855,0.96654496,9566.992468814804,0.0053910178353996,1.000,1.033,1.000,1.000,1.000,1.000
0.16662031,0.16669102,0.16664845,0.16666697,0.16668859,0.16668464,1.0,1.0,1.0,1.0,0.98414362,0.99390145,0.97246915,0.99390145,0.96863571,0.98710585,0.96741599,0.98710585,0.94302151,0.95295355,0.92664237,0.95295355,0.93849127,0.96654496,0.93796855,0.96654496,0.9588781,0.96549948,0.94755212,0.96549948,9642.30551001836,0.0078413513271107,1.000,1.047,1.000,1.000,1.000,1.000
0.16662061,0.1666913,0.16664767,0.16666707,0.16668737,0.16668592,1.0,1.0,1.0,1.0,0.96863571,0.98710585,0.96741599,0.98710585,0.94302151,0.95295355,0.92664237,0.95295355,0.93849127,0.96654496,0.93796855,0.96654496,0.9588781,0.96549948,0.94755212,0.96549948,0.92855925,0.95138549,0.92821075,0.95138549,9565.410211119131,-0.0080067521631425,1.000,0.952,1.000,1.000,1.000,1.000
0.16662018,0.16669175,0.16664794,0.16666737,0.16668735,0.16668531,1.0,1.0,1.0,1.0,0.94302151,0.95295355,0.92664237,0.95295355,0.93849127,0.96654496,0.93796855,0.96654496,0.9588781,0.96549948,0.94755212,0.96549948,0.92855925,0.95138549,0.92821075,0.95138549,0.93814259,0.94180175,0.88865661,0.94180175,9599.907518901886,0.003599976324453,1.000,1.022,1.000,1.000,1.000,1.000
0.16662128,0.16669045,0.16664855,0.16666599,0.16668862,0.16668503,1.0,1.0,1.0,1.0,0.93849127,0.96654496,0.93796855,0.96654496,0.9588781,0.96549948,0.94755212,0.96549948,0.92855925,0.95138549,0.92821075,0.95138549,0.93814259,0.94180175,0.88865661,0.94180175,0.97543139,0.97595411,0.93796845,0.97595411,9529.43306371632,-0.0073682387246558,1.000,0.956,1.000,1.000,1.000,1.000
0.16662113,0.1666896,0.16664867,0.16666637,0.16668853,0.16668564,1.0,1.0,1.0,1.0,0.9588781,0.96549948,0.94755212,0.96549948,0.92855925,0.95138549,0.92821075,0.95138549,0.93814259,0.94180175,0.88865661,0.94180175,0.97543139,0.97595411,0.93796845,0.97595411,0.95626449,0.98222717,0.94162779,0.98222717,9452.56807430015,-0.0080987677735664,1.000,0.952,1.000,1.000,1.000,1.000
0.16662058,0.16669117,0.16664705,0.16666663,0.16668814,0.16668642,1.0,1.0,1.0,1.0,0.92855925,0.95138549,0.92821075,0.95138549,0.93814259,0.94180175,0.88865661,0.94180175,0.97543139,0.97595411,0.93796845,0.97595411,0.95626449,0.98222717,0.94162779,0.98222717,0.99459873,0.99477295,0.96793898,0.99477295,9259.825596711147,-0.0206012440491929,1.000,0.878,1.000,1.000,1.000,1.000
0.16661938,0.16669086,0.16664785,0.16666836,0.16668843,0.16668509,1.0,1.0,1.0,1.0,0.93814259,0.94180175,0.88865661,0.94180175,0.97543139,0.97595411,0.93796845,0.97595411,0.95626449,0.98222717,0.94162779,0.98222717,0.99459873,0.99477295,0.96793898,0.99477295,0.97107527,0.98257553,0.96271145,0.98257553,9316.43024457366,0.0060943199254882,1.000,1.037,1.000,1.000,1.000,1.000
0.16661943,0.16669253,0.16664717,0.16666847,0.16668752,0.16668487,1.0,1.0,1.0,1.0,0.97543139,0.97595411,0.93796845,0.97595411,0.95626449,0.98222717,0.94162779,0.98222717,0.99459873,0.99477295,0.96793898,0.99477295,0.97107527,0.98257553,0.96271145,0.98257553,0.95957509,0.95974937,0.94040801,0.95974937,9265.535223453193,-0.0054779079723549,1.000,0.967,1.000,1.000,1.000,1.000
0.16662009,0.16669245,0.16664752,0.1666681,0.16668762,0.1666842,1.0,1.0,1.0,1.0,0.95626449,0.98222717,0.94162779,0.98222717,0.99459873,0.99477295,0.96793898,0.99477295,0.97107527,0.98257553,0.96271145,0.98257553,0.95957509,0.95974937,0.94040801,0.95974937,0.9031191,0.94336997,0.88970212,0.94336997,9088.762876405772,-0.0192628246631495,1.000,0.886,1.000,1.000,1.000,1.000
0.16662095,0.16669123,0.16664878,0.16666643,0.16668847,0.1666841,1.0,1.0,1.0,1.0,0.99459873,0.99477295,0.96793898,0.99477295,0.97107527,0.98257553,0.96271145,0.98257553,0.95957509,0.95974937,0.94040801,0.95974937,0.9031191,0.94336997,0.88970212,0.94336997,0.94981726,0.95173398,0.91461954,0.95173398,9126.605169801818,0.0041549912955182,1.000,1.025,1.000,1.000,1.000,1.000
0.16662145,0.16668911,0.16664991,0.16666633,0.1666885,0.16668478,1.0,1.0,1.0,1.0,0.97107527,0.98257553,0.96271145,0.98257553,0.95957509,0.95974937,0.94040801,0.95974937,0.9031191,0.94336997,0.88970212,0.94336997,0.94981726,0.95173398,0.91461954,0.95173398,0.91026331,0.93326383,0.90764959,0.93326383,8981.88625200783,-0.0159838824261821,1.000,0.905,1.000,1.000,1.000,1.000
0.16662171,0.16669051,0.16664869,0.16666628,0.16668692,0.16668592,1.0,1.0,1.0,1.0,0.95957509,0.95974937,0.94040801,0.95974937,0.9031191,0.94336997,0.88970212,0.94336997,0.94981726,0.95173398,0.91461954,0.95173398,0.91026331,0.93326383,0.90764959,0.93326383,0.84840576,0.88848249,0.84526932,0.88848249,9082.24332650227,0.0111113138968604,1.000,1.067,1.000,1.000,1.000,1.000
0.16662139,0.16668905,0.16665106,0.16666532,0.16668847,0.16668469,1.0,1.0,1.0,1.0,0.9031191,0.94336997,0.88970212,0.94336997,0.94981726,0.95173398,0.91461954,0.95173398,0.91026331,0.93326383,0.90764959,0.93326383,0.84840576,0.88848249,0.84526932,0.88848249,0.91008905,0.91409671,0.85886062,0.91409671,8930.383874592757,-0.016861843447487,1.000,0.900,1.000,1.000,1.000,1.000
0.16662212,0.16668732,0.16665259,0.16666506,0.16668797,0.16668497,1.0,1.0,1.0,1.0,0.94981726,0.95173398,0.91461954,0.95173398,0.91026331,0.93326383,0.90764959,0.93326383,0.84840576,0.88848249,0.84526932,0.88848249,0.91008905,0.91409671,0.85886062,0.91409671,0.78236635,0.84248131,0.78236635,0.84248131,8988.726974865947,0.0065118528401739,1.000,1.039,1.000,1.000,1.000,1.000
0.16661984,0.16668814,0.16665328,0.16666573,0.16668744,0.1666856,1.0,1.0,1.0,1.0,0.91026331,0.93326383,0.90764959,0.93326383,0.84840576,0.88848249,0.84526932,0.88848249,0.91008905,0.91409671,0.85886062,0.91409671,0.78236635,0.84248131,0.78236635,0.84248131,0.84579229,0.84614079,0.78463175,0.84614079,8915.257819337065,-0.0082070632604523,1.000,0.951,1.000,1.000,1.000,1.000
0.1666211,0.16668585,0.1666552,0.16666372,0.16668959,0.16668454,1.0,1.0,1.0,1.0,0.84840576,0.88848249,0.84526932,0.88848249,0.91008905,0.91409671,0.85886062,0.91409671,0.78236635,0.84248131,0.78236635,0.84248131,0.84579229,0.84614079,0.78463175,0.84614079,0.7731314,0.80310181,0.75379003,0.80310181,8856.441396217211,-0.0066191349684361,1.000,0.961,1.000,1.000,1.000,1.000
0.16661969,0.16668625,0.16665539,0.16666439,0.16668782,0.16668643,1.0,1.0,1.0,1.0,0.91008905,0.91409671,0.85886062,0.91409671,0.78236635,0.84248131,0.78236635,0.84248131,0.84579229,0.84614079,0.78463175,0.84614079,0.7731314,0.80310181,0.75379003,0.80310181,0.77202313,0.79471419,0.75109111,0.79471419,9043.694143066625,0.0209226994241126,1.000,1.127,1.000,1.000,1.000,1.000
0.1666214,0.16668403,0.16665553,0.16666184,0.16668953,0.16668767,1.0,1.0,1.0,1.0,0.78236635,0.84248131,0.78236635,0.84248131,0.84579229,0.84614079,0.78463175,0.84614079,0.7731314,0.80310181,0.75379003,0.80310181,0.77202313,0.79471419,0.75109111,0.79471419,0.78328073,0.84924307,0.78240125,0.84924307,9121.996491101345,0.0086209585497868,1.000,1.052,1.000,1.000,1.000,1.000
0.16662136,0.16668324,0.16665651,0.16666241,0.16668881,0.16668765,1.0,1.0,1.0,1.0,0.84579229,0.84614079,0.78463175,0.84614079,0.7731314,0.80310181,0.75379003,0.80310181,0.77202313,0.79471419,0.75109111,0.79471419,0.78328073,0.84924307,0.78240125,0.84924307,0.7961213,0.80227782,0.76551481,0.80227782,9183.834964371805,0.0067561758823674,1.000,1.041,1.000,1.000,1.000,1.000
0.16662087,0.16668487,0.16665475,0.16666318,0.1666884,0.16668794,1.0,1.0,1.0,1.0,0.7731314,0.80310181,0.75379003,0.80310181,0.77202313,0.79471419,0.75109111,0.79471419,0.78328073,0.84924307,0.78240125,0.84924307,0.7961213,0.80227782,0.76551481,0.80227782,0.85962112,0.8605006,0.83552289,0.8605006,9110.237114920748,-0.0080461305928348,1.000,0.952,1.000,1.000,1.000,1.000
0.16662225,0.16668396,0.16665448,0.16666283,0.16668905,0.16668738,1.0,1.0,1.0,1.0,0.77202313,0.79471419,0.75109111,0.79471419,0.78328073,0.84924307,0.78240125,0.84924307,0.7961213,0.80227782,0.76551481,0.80227782,0.85962112,0.8605006,0.83552289,0.8605006,0.8619078,0.88037724,0.84519733,0.88037724,9132.479069164465,0.0024384488625735,1.000,1.015,1.000,1.000,1.000,1.000
0.16662236,0.16668598,0.1666528,0.16666383,0.16668631,0.16668865,1.0,1.0,1.0,1.0,0.78328073,0.84924307,0.78240125,0.84924307,0.7961213,0.80227782,0.76551481,0.80227782,0.85962112,0.8605006,0.83552289,0.8605006,0.8619078,0.88037724,0.84519733,0.88037724,0.87721099,0.88758907,0.86050052,0.88758907,9151.468665934575,0.0020771885670559,1.000,1.013,1.000,1.000,1.000,1.000
0.16662076,0.16668655,0.16665372,0.16666614,0.16668667,0.16668624,1.0,1.0,1.0,1.0,0.7961213,0.80227782,0.76551481,0.80227782,0.85962112,0.8605006,0.83552289,0.8605006,0.8619078,0.88037724,0.84519733,0.88037724,0.87721099,0.88758907,0.86050052,0.88758907,0.82514494,0.8459011,0.81810893,0.8459011,9134.118291754488,-0.0018977109597015,1.000,0.989,1.000,1.000,1.000,1.000
0.16662066,0.16668782,0.16665328,0.16666551,0.16668682,0.16668591,1.0,1.0,1.0,1.0,0.85962112,0.8605006,0.83552289,0.8605006,0.8619078,0.88037724,0.84519733,0.88037724,0.87721099,0.88758907,0.86050052,0.88758907,0.82514494,0.8459011,0.81810893,0.8459011,0.84115179,0.84713238,0.82268234,0.84713238,9250.254172787914,0.0126343639004589,1.000,1.076,1.000,1.000,1.000,1.000
0.16662137,0.16668656,0.16665399,0.16666406,0.16668805,0.16668603,1.0,1.0,1.0,1.0,0.8619078,0.88037724,0.84519733,0.88037724,0.87721099,0.88758907,0.86050052,0.88758907,0.82514494,0.8459011,0.81810893,0.8459011,0.84115179,0.84713238,0.82268234,0.84713238,0.84062401,0.86243552,0.8383373,0.86243552,9204.5499976299,-0.0049531025282263,1.000,0.971,1.000,1.000,1.000,1.000
0.1666215,0.1666866,0.16665414,0.16666432,0.16668643,0.16668706,1.0,1.0,1.0,1.0,0.87721099,0.88758907,0.86050052,0.88758907,0.82514494,0.8459011,0.81810893,0.8459011,0.84115179,0.84713238,0.82268234,0.84713238,0.84062401,0.86243552,0.8383373,0.86243552,0.81810873,0.83657824,0.81441486,0.83657824,9253.54947482863,0.0053092781706302,1.000,1.032,1.000,1.000,1.000,1.000
0.16662072,0.16668701,0.16665408,0.16666487,0.1666867,0.16668661,1.0,1.0,1.0,1.0,0.82514494,0.8459011,0.81810893,0.8459011,0.84115179,0.84713238,0.82268234,0.84713238,0.84062401,0.86243552,0.8383373,0.86243552,0.81810873,0.83657824,0.81441486,0.83657824,0.84660453,0.84818763,0.81986779,0.84818763,9282.915475192294,0.0031684601147293,1.000,1.019,1.000,1.000,1.000,1.000
0.16662116,0.1666864,0.16665432,0.16666426,0.16668728,0.16668658,1.0,1.0,1.0,1.0,0.84115179,0.84713238,0.82268234,0.84713238,0.84062401,0.86243552,0.8383373,0.86243552,0.81810873,0.83657824,0.81441486,0.83657824,0.84660453,0.84818763,0.81986779,0.84818763,0.82778345,0.84695651,0.82285822,0.84695651,9380.80923952054,0.0104903671236532,1.000,1.063,1.000,1.000,1.000,1.000
0.16662163,0.16668652,0.16665375,0.16666375,0.16668698,0.16668738,1.0,1.0,1.0,1.0,0.84062401,0.86243552,0.8383373,0.86243552,0.81810873,0.83657824,0.81441486,0.83657824,0.84660453,0.84818763,0.81986779,0.84818763,0.82778345,0.84695651,0.82285822,0.84695651,0.87897026,0.88125691,0.85328887,0.88125691,9354.846720619487,-0.0027714573297469,1.000,0.984,1.000,1.000,1.000,1.000
0.16662227,0.16668586,0.16665304,0.16666362,0.16668722,0.16668797,1.0,1.0,1.0,1.0,0.81810873,0.83657824,0.81441486,0.83657824,0.84660453,0.84818763,0.81986779,0.84818763,0.82778345,0.84695651,0.82285822,0.84695651,0.87897026,0.88125691,0.85328887,0.88125691,0.87457263,0.90271653,0.87351721,0.90271653,9341.50597688956,-0.0014270960983587,1.000,0.991,1.000,1.000,1.000,1.000
0.16662185,0.16668727,0.16665186,0.16666467,0.16668625,0.1666881,1.0,1.0,1.0,1.0,0.84660453,0.84818763,0.81986779,0.84818763,0.82778345,0.84695651,0.82285822,0.84695651,0.87897026,0.88125691,0.85328887,0.88125691,0.87457263,0.90271653,0.87351721,0.90271653,0.8842472,0.89005185,0.87140654,0.89005185,9329.479963395095,-0.0012882035470426,1.000,0.992,1.000,1.000,1.000,1.000
0.16662131,0.16668782,0.16665174,0.16666548,0.16668674,0.16668689,1.0,1.0,1.0,1.0,0.82778345,0.84695651,0.82285822,0.84695651,0.87897026,0.88125691,0.85328887,0.88125691,0.87457263,0.90271653,0.87351721,0.90271653,0.8842472,0.89005185,0.87140654,0.89005185,0.85012271,0.89110728,0.83939283,0.89110728,9257.928678795091,-0.0076989363501221,1.000,0.954,1.000,1.000,1.000,1.000
0.16662103,0.166688,0.1666525,0.16666533,0.16668732,0.16668576,1.0,1.0,1.0,1.0,0.87897026,0.88125691,0.85328887,0.88125691,0.87457263,0.90271653,0.87351721,0.90271653,0.8842472,0.89005185,0.87140654,0.89005185,0.85012271,0.89110728,0.83939283,0.89110728,0.85751024,0.86349082,0.84361416,0.86349082,9207.052171118004,-0.0055106080896544,1.000,0.967,1.000,1.000,1.000,1.000
0.16662169,0.16668697,0.16665278,0.16666438,0.1666881,0.16668603,1.0,1.0,1.0,1.0,0.87457263,0.90271653,0.87351721,0.90271653,0.8842472,0.89005185,0.87140654,0.89005185,0.85012271,0.89110728,0.83939283,0.89110728,0.85751024,0.86349082,0.84361416,0.86349082,0.89057933,0.90183689,0.87861815,0.90183689,9366.424795747442,0.0171617340682047,1.000,1.104,1.000,1.000,1.000,1.000
0.1666224,0.16668692,0.166652,0.16666427,0.16668713,0.16668732,1.0,1.0,1.0,1.0,0.8842472,0.89005185,0.87140654,0.89005185,0.85012271,0.89110728,0.83939283,0.89110728,0.85751024,0.86349082,0.84361416,0.86349082,0.89057933,0.90183689,0.87861815,0.90183689,0.8735173,0.87897021,0.86261154,0.87897021,9292.3834151943,-0.0079363878280002,1.000,0.953,1.000,1.000,1.000,1.000
0.166622,0.16668823,0.16665037,0.16666439,0.16668682,0.16668823,1.0,1.0,1.0,1.0,0.85012271,0.89110728,0.83939283,0.89110728,0.85751024,0.86349082,0.84361416,0.86349082,0.89057933,0.90183689,0.87861815,0.90183689,0.8735173,0.87897021,0.86261154,0.87897021,0.92171371,0.93473024,0.90904892,0.93473024,9284.12660058062,-0.0008889522467246,1.000,0.995,1.000,1.000,1.000,1.000
0.16662203,0.16668737,0.16665035,0.1666647,0.16668744,0.16668816,1.0,1.0,1.0,1.0,0.85751024,0.86349082,0.84361416,0.86349082,0.89057933,0.90183689,0.87861815,0.90183689,0.8735173,0.87897021,0.86261154,0.87897021,0.92171371,0.93473024,0.90904892,0.93473024,0.94440457,0.95319955,0.93226753,0.95319955,9328.160213291776,0.0047316802396656,1.000,1.028,1.000,1.000,1.000,1.000
0.16662225,0.1666898,0.16664794,0.16666405,0.16668625,0.16668972,1.0,1.0,1.0,1.0,0.89057933,0.90183689,0.87861815,0.90183689,0.8735173,0.87897021,0.86261154,0.87897021,0.92171371,0.93473024,0.90904892,0.93473024,0.94440457,0.95319955,0.93226753,0.95319955,0.92505579,0.94669143,0.92452811,0.94669143,9377.184618188236,0.0052417656651683,1.000,1.032,1.000,1.000,1.000,1.000
0.1666213,0.16669,0.16664825,0.166666,0.16668728,0.16668719,1.0,1.0,1.0,1.0,0.8735173,0.87897021,0.86261154,0.87897021,0.92171371,0.93473024,0.90904892,0.93473024,0.94440457,0.95319955,0.93226753,0.95319955,0.92505579,0.94669143,0.92452811,0.94669143,0.90359591,0.91133553,0.88864448,0.91133553,9387.108591685565,0.0010577509434123,1.000,1.006,1.000,1.000,1.000,1.000
0.16662301,0.16668901,0.1666491,0.16666399,0.16668873,0.1666862,1.0,1.0,1.0,1.0,0.92171371,0.93473024,0.90904892,0.93473024,0.94440457,0.95319955,0.93226753,0.95319955,0.92505579,0.94669143,0.92452811,0.94669143,0.90359591,0.91133553,0.88864448,0.91133553,0.93138813,0.93420252,0.92188954,0.93420252,9394.341618216282,0.0007702309254574,1.000,1.005,1.000,1.000,1.000,1.000
0.16662319,0.16668765,0.16664974,0.16666299,0.16668981,0.16668662,1.0,1.0,1.0,1.0,0.94440457,0.95319955,0.93226753,0.95319955,0.92505579,0.94669143,0.92452811,0.94669143,0.90359591,0.91133553,0.88864448,0.91133553,0.93138813,0.93420252,0.92188954,0.93420252,0.92593524,0.93455435,0.91925104,0.93455435,9430.90340005978,0.0038843401802885,1.000,1.023,1.000,1.000,1.000,1.000
0.16662261,0.16668895,0.16664715,0.16666348,0.1666898,0.16668808,1.0,1.0,1.0,1.0,0.92505579,0.94669143,0.92452811,0.94669143,0.90359591,0.91133553,0.88864448,0.91133553,0.93138813,0.93420252,0.92188954,0.93420252,0.92593524,0.93455435,0.91925104,0.93455435,0.92751835,0.93033274,0.91467769,0.93033274,9518.09782705552,0.0092031280571922,1.000,1.056,1.000,1.000,1.000,1.000
0.16662154,0.16668832,0.1666468,0.16666456,0.16669135,0.16668743,1.0,1.0,1.0,1.0,0.90359591,0.91133553,0.88864448,0.91133553,0.93138813,0.93420252,0.92188954,0.93420252,0.92593524,0.93455435,0.91925104,0.93455435,0.92751835,0.93033274,0.91467769,0.93033274,0.94123851,0.94546013,0.93173998,0.94546013,9484.885784276588,-0.0034954591630721,1.000,0.979,1.000,1.000,1.000,1.000
0.16662091,0.16668841,0.16664585,0.16666532,0.16669169,0.16668779,1.0,1.0,1.0,1.0,0.93138813,0.93420252,0.92188954,0.93420252,0.92593524,0.93455435,0.91925104,0.93455435,0.92751835,0.93033274,0.91467769,0.93033274,0.94123851,0.94546013,0.93173998,0.94546013,0.92804612,0.9451084,0.92663896,0.9451084,9371.478967723766,-0.012028637059783,1.000,0.928,1.000,1.000,1.000,1.000
0.1666191,0.16668865,0.16664502,0.16666614,0.1666926,0.16668846,1.0,1.0,1.0,1.0,0.92593524,0.93455435,0.91925104,0.93455435,0.92751835,0.93033274,0.91467769,0.93033274,0.94123851,0.94546013,0.93173998,0.94546013,0.92804612,0.9451084,0.92663896,0.9451084,0.95830083,0.9619947,0.93983139,0.9619947,9434.065243281437,0.0066561760646041,1.000,1.040,1.000,1.000,1.000,1.000
0.16661835,0.16668788,0.16664495,0.16666742,0.16669367,0.1666877,1.0,1.0,1.0,1.0,0.92751835,0.93033274,0.91467769,0.93033274,0.94123851,0.94546013,0.93173998,0.94546013,0.92804612,0.9451084,0.92663896,0.9451084,0.95830083,0.9619947,0.93983139,0.9619947,0.93455434,0.95706946,0.93156401,0.95706946,9432.165441154564,-0.0002013971062976,1.000,0.999,1.000,1.000,1.000,1.000
0.16661711,0.16668871,0.16664477,0.16666819,0.16669379,0.16668735,1.0,1.0,1.0,1.0,0.94123851,0.94546013,0.93173998,0.94546013,0.92804612,0.9451084,0.92663896,0.9451084,0.95830083,0.9619947,0.93983139,0.9619947,0.93455434,0.95706946,0.93156401,0.95706946,0.89884682,0.92452821,0.89867095,0.92452821,9402.849773028684,-0.0031128928185258,1.000,0.981,1.000,1.000,1.000,1.000
0.1666179,0.16668773,0.16664544,0.16666703,0.16669534,0.16668662,1.0,1.0,1.0,1.0,0.92804612,0.9451084,0.92663896,0.9451084,0.95830083,0.9619947,0.93983139,0.9619947,0.93455434,0.95706946,0.93156401,0.95706946,0.89884682,0.92452821,0.89867095,0.92452821,0.91731607,0.91784375,0.90201277,0.91784375,9411.810574286284,0.0009525340101507,1.000,1.006,1.000,1.000,1.000,1.000
0.16661859,0.16668624,0.16664565,0.16666567,0.16669644,0.16668737,1.0,1.0,1.0,1.0,0.95830083,0.9619947,0.93983139,0.9619947,0.93455434,0.95706946,0.93156401,0.95706946,0.89884682,0.92452821,0.89867095,0.92452821,0.91731607,0.91784375,0.90201277,0.91784375,0.90957658,0.92487988,0.90728993,0.92487988,9480.49478440168,0.0072711626687337,1.000,1.044,1.000,1.000,1.000,1.000
0.16661838,0.16668661,0.166645,0.1666651,0.1666961,0.16668883,1.0,1.0,1.0,1.0,0.93455434,0.95706946,0.93156401,0.95706946,0.89884682,0.92452821,0.89867095,0.92452821,0.91731607,0.91784375,0.90201277,0.91784375,0.90957658,0.92487988,0.90728993,0.92487988,0.91696439,0.92558343,0.91467768,0.92558343,9465.184334040045,-0.0016162475463475,1.000,0.990,1.000,1.000,1.000,1.000
0.1666183,0.16668652,0.16664444,0.16666546,0.16669577,0.16668952,1.0,1.0,1.0,1.0,0.89884682,0.92452821,0.89867095,0.92452821,0.91731607,0.91784375,0.90201277,0.91784375,0.90957658,0.92487988,0.90728993,0.92487988,0.91696439,0.92558343,0.91467768,0.92558343,0.92048228,0.93191571,0.91643653,0.93191571,9438.944353434536,-0.0027761128684114,1.000,0.983,1.000,1.000,1.000,1.000
0.16661821,0.16668731,0.16664314,0.16666533,0.16669603,0.16669002,1.0,1.0,1.0,1.0,0.91731607,0.91784375,0.90201277,0.91784375,0.90957658,0.92487988,0.90728993,0.92487988,0.91696439,0.92558343,0.91467768,0.92558343,0.92048228,0.93191571,0.91643653,0.93191571,0.93068448,0.93824817,0.92294493,0.93824817,9360.948405819025,-0.0082975361731838,1.000,0.950,1.000,1.000,1.000,1.000
0.16661845,0.16668774,0.16664165,0.16666466,0.16669658,0.1666909,1.0,1.0,1.0,1.0,0.90957658,0.92487988,0.90728993,0.92487988,0.91696439,0.92558343,0.91467768,0.92558343,0.92048228,0.93191571,0.91643653,0.93191571,0.93068448,0.93824817,0.92294493,0.93824817,0.92171371,0.92927739,0.9213619,0.92927739,9374.650098337535,0.0014626375515203,1.000,1.009,1.000,1.000,1.000,1.000
0.16661896,0.16668852,0.16664031,0.16666357,0.16669706,0.16669153,1.0,1.0,1.0,1.0,0.91696439,0.92558343,0.91467768,0.92558343,0.92048228,0.93191571,0.91643653,0.93191571,0.93068448,0.93824817,0.92294493,0.93824817,0.92171371,0.92927739,0.9213619,0.92927739,0.89884682,0.92593537,0.89849508,0.92593537,9363.153604744688,-0.0012270909886339,1.000,0.993,1.000,1.000,1.000,1.000
0.16661993,0.1666879,0.16663973,0.16666271,0.1666983,0.16669147,1.0,1.0,1.0,1.0,0.92048228,0.93191571,0.91643653,0.93191571,0.93068448,0.93824817,0.92294493,0.93824817,0.92171371,0.92927739,0.9213619,0.92927739,0.89884682,0.92593537,0.89849508,0.92593537,0.89568061,0.9150296,0.88794105,0.9150296,9487.330026879015,0.0131750697534618,1.000,1.080,1.000,1.000,1.000,1.000
0.16662052,0.16668668,0.16663922,0.1666622,0.16669977,0.16669168,1.0,1.0,1.0,1.0,0.93068448,0.93824817,0.92294493,0.93824817,0.92171371,0.92927739,0.9213619,0.92927739,0.89884682,0.92593537,0.89849508,0.92593537,0.89568061,0.9150296,0.88794105,0.9150296,0.91643662,0.91731617,0.87580387,0.91731617,9438.104485291551,-0.0052020631352318,1.000,0.969,1.000,1.000,1.000,1.000
0.16662091,0.16668585,0.16663791,0.16666174,0.16670078,0.1666928,1.0,1.0,1.0,1.0,0.92171371,0.92927739,0.9213619,0.92927739,0.89884682,0.92593537,0.89849508,0.92593537,0.89568061,0.9150296,0.88794105,0.9150296,0.91643662,0.91731617,0.87580387,0.91731617,0.87597978,0.89796723,0.86859203,0.89796723,9489.16206906071,0.0053951485778018,1.000,1.033,1.000,1.000,1.000,1.000
0.16662017,0.16668458,0.16663742,0.16666166,0.16670348,0.16669267,1.0,1.0,1.0,1.0,0.89884682,0.92593537,0.89849508,0.92593537,0.89568061,0.9150296,0.88794105,0.9150296,0.91643662,0.91731617,0.87580387,0.91731617,0.87597978,0.89796723,0.86859203,0.89796723,0.91239103,0.91801981,0.89304211,0.91801981,9460.903935882128,-0.0029823805486053,1.000,0.982,1.000,1.000,1.000,1.000
0.16662025,0.16668311,0.16663632,0.16666138,0.16670536,0.16669358,1.0,1.0,1.0,1.0,0.89568061,0.9150296,0.88794105,0.9150296,0.91643662,0.91731617,0.87580387,0.91731617,0.87597978,0.89796723,0.86859203,0.89796723,0.91239103,0.91801981,0.89304211,0.91801981,0.89374561,0.90517904,0.89356967,0.90517904,9462.163481736608,0.0001331227996543,1.000,1.001,1.000,1.000,1.000,1.000
0.16661903,0.1666853,0.16663514,0.16666159,0.16670604,0.16669284,1.0,1.0,1.0,1.0,0.91643662,0.91731617,0.87580387,0.91731617,0.87597978,0.89796723,0.86859203,0.89796723,0.91239103,0.91801981,0.89304211,0.91801981,0.89374561,0.90517904,0.89356967,0.90517904,0.91186326,0.91626075,0.88829271,0.91626075,9508.710044077588,0.0049071705298431,1.000,1.030,1.000,1.000,1.000,1.000
0.16661987,0.16668345,0.16663463,0.16666228,0.16670816,0.16669159,1.0,1.0,1.0,1.0,0.87597978,0.89796723,0.86859203,0.89796723,0.91239103,0.91801981,0.89304211,0.91801981,0.89374561,0.90517904,0.89356967,0.90517904,0.91186326,0.91626075,0.88829271,0.91626075,0.8926902,0.91837152,0.89163478,0.91837152,9519.75763835218,0.001161165018672,1.000,1.007,1.000,1.000,1.000,1.000
0.16661891,0.1666847,0.16663492,0.1666618,0.1667095,0.1666902,1.0,1.0,1.0,1.0,0.91239103,0.91801981,0.89304211,0.91801981,0.89374561,0.90517904,0.89356967,0.90517904,0.91186326,0.91626075,0.88829271,0.91626075,0.8926902,0.91837152,0.89163478,0.91837152,0.87597978,0.89462516,0.87263772,0.89462516,9478.84115850244,-0.004307322192294,1.000,0.974,1.000,1.000,1.000,1.000
0.16661878,0.16668358,0.16663522,0.16666076,0.1667128,0.16668896,1.0,1.0,1.0,1.0,0.89374561,0.90517904,0.89356967,0.90517904,0.91186326,0.91626075,0.88829271,0.91626075,0.8926902,0.91837152,0.89163478,0.91837152,0.87597978,0.89462516,0.87263772,0.89462516,0.89392156,0.90412376,0.89339388,0.90412376,9493.547030516982,0.0015502397287235,1.000,1.009,1.000,1.000,1.000,1.000
0.16661781,0.16668224,0.16663589,0.16665953,0.16671675,0.1666878,1.0,1.0,1.0,1.0,0.91186326,0.91626075,0.88829271,0.91626075,0.8926902,0.91837152,0.89163478,0.91837152,0.87597978,0.89462516,0.87263772,0.89462516,0.89392156,0.90412376,0.89339388,0.90412376,0.91010428,0.91010428,0.89269019,0.91010428,9521.973237225837,0.0029897922837159,1.000,1.018,1.000,1.000,1.000,1.000
0.16661647,0.16668461,0.16663583,0.16665773,0.16671754,0.16668782,1.0,1.0,1.0,1.0,0.8926902,0.91837152,0.89163478,0.91837152,0.87597978,0.89462516,0.87263772,0.89462516,0.89392156,0.90412376,0.89339388,0.90412376,0.91010428,0.91010428,0.89269019,0.91010428,0.88442293,0.90799348,0.88125674,0.90799348,9556.756233006789,0.0036462631720371,1.000,1.022,1.000,1.000,1.000,1.000
0.16661558,0.16668525,0.16663727,0.16665643,0.16671963,0.16668585,1.0,1.0,1.0,1.0,0.87597978,0.89462516,0.87263772,0.89462516,0.89392156,0.90412376,0.89339388,0.90412376,0.91010428,0.91010428,0.89269019,0.91010428,0.88442293,0.90799348,0.88125674,0.90799348,0.88530261,0.89233855,0.8770353,0.89233855,9621.77509244723,0.0067804053850032,1.000,1.041,1.000,1.000,1.000,1.000
0.1666166,0.16668387,0.16663826,0.1666544,0.16672347,0.16668342,1.0,1.0,1.0,1.0,0.89392156,0.90412376,0.89339388,0.90412376,0.91010428,0.91010428,0.89269019,0.91010428,0.88442293,0.90799348,0.88125674,0.90799348,0.88530261,0.89233855,0.8770353,0.89233855,0.89761554,0.90201303,0.8889965,0.90201303,9616.793990596389,-0.0005178245783919,1.000,0.997,1.000,1.000,1.000,1.000
0.16661555,0.16668463,0.16663766,0.16665249,0.16672748,0.16668218,1.0,1.0,1.0,1.0,0.91010428,0.91010428,0.89269019,0.91010428,0.88442293,0.90799348,0.88125674,0.90799348,0.88530261,0.89233855,0.8770353,0.89233855,0.89761554,0.90201303,0.8889965,0.90201303,0.91485352,0.91538126,0.90218879,0.91538126,9746.402503328356,0.0133872987827699,1.000,1.081,1.000,1.000,1.000,1.000
0.16661456,0.16668783,0.16663677,0.16664882,0.1667301,0.16668193,1.0,1.0,1.0,1.0,0.88442293,0.90799348,0.88125674,0.90799348,0.88530261,0.89233855,0.8770353,0.89233855,0.89761554,0.90201303,0.8889965,0.90201303,0.91485352,0.91538126,0.90218879,0.91538126,0.93332321,0.93666528,0.92206558,0.93666528,9797.030071837056,0.0051810429477476,1.000,1.031,1.000,1.000,1.000,1.000
0.16661319,0.16669124,0.16663845,0.1666435,0.16673085,0.1666827,1.0,1.0,1.0,1.0,0.88530261,0.89233855,0.8770353,0.89233855,0.89761554,0.90201303,0.8889965,0.90201303,0.91485352,0.91538126,0.90218879,0.91538126,0.93332321,0.93666528,0.92206558,0.93666528,0.9547828,0.95636589,0.93279535,0.95636589,9760.638519636756,-0.003721465473238,1.000,0.978,1.000,1.000,1.000,1.000
0.16661352,0.16669267,0.16664067,0.16663785,0.16673115,0.1666841,1.0,1.0,1.0,1.0,0.89761554,0.90201303,0.8889965,0.90201303,0.91485352,0.91538126,0.90218879,0.91538126,0.93332321,0.93666528,0.92206558,0.93666528,0.9547828,0.95636589,0.93279535,0.95636589,0.97096559,0.99101813,0.96850301,0.99101813,9673.399668516644,-0.008978004083569,1.000,0.946,1.000,1.000,1.000,1.000
0.16661271,0.1666957,0.16664502,0.16662975,0.16673017,0.16668668,1.0,1.0,1.0,1.0,0.91485352,0.91538126,0.90218879,0.91538126,0.93332321,0.93666528,0.92206558,0.93666528,0.9547828,0.95636589,0.93279535,0.95636589,0.97096559,0.99101813,0.96850301,0.99101813,0.97747373,0.98116761,0.96234636,0.98116761,9531.33065209948,-0.0147954806639288,1.000,0.912,1.000,1.000,1.000,1.000
0.16661258,0.16669838,0.16664833,0.16662219,0.1667283,0.1666902,1.0,1.0,1.0,1.0,0.93332321,0.93666528,0.92206558,0.93666528,0.9547828,0.95636589,0.93279535,0.95636589,0.97096559,0.99101813,0.96850301,0.99101813,0.97747373,0.98116761,0.96234636,0.98116761,0.99576741,0.99611921,0.96656808,0.99611921,9564.75252757883,0.003500394221236,1.000,1.021,1.000,1.000,1.000,1.000
0.16661339,0.16669725,0.16665187,0.16661498,0.16673134,0.16669117,1.0,1.0,1.0,1.0,0.9547828,0.95636589,0.93279535,0.95636589,0.97096559,0.99101813,0.96850301,0.99101813,0.97747373,0.98116761,0.96234636,0.98116761,0.99576741,0.99611921,0.96656808,0.99611921,1.01230224,1.02092135,0.99946158,1.02092135,9563.843949244232,-9.49968636102516e-05,1.000,0.999,1.000,1.000,1.000,1.000
0.16661377,0.1666998,0.1666557,0.16660655,0.16673264,0.16669151,1.0,1.0,1.0,1.0,0.97096559,0.99101813,0.96850301,0.99101813,0.97747373,0.98116761,0.96234636,0.98116761,0.99576741,0.99611921,0.96656808,0.99611921,1.01230224,1.02092135,0.99946158,1.02092135,0.96815128,0.9922495,0.96762353,0.9922495,9599.478386543802,0.0037190292734576,1.000,1.022,1.000,1.000,1.000,1.000
0.16661437,0.16670068,0.16665618,0.16660117,0.16673793,0.16668972,1.0,1.0,1.0,1.0,0.97747373,0.98116761,0.96234636,0.98116761,0.99576741,0.99611921,0.96656808,0.99611921,1.01230224,1.02092135,0.99946158,1.02092135,0.96815128,0.9922495,0.96762353,0.9922495,0.98503765,1.00034089,0.97360415,1.00034089,9547.549010849763,-0.0054242887882585,1.000,0.967,1.000,1.000,1.000,1.000
0.16661704,0.16669554,0.16665466,0.16659717,0.16675156,0.16668403,1.0,1.0,1.0,1.0,0.99576741,0.99611921,0.96656808,0.99611921,1.01230224,1.02092135,0.99946158,1.02092135,0.96815128,0.9922495,0.96762353,0.9922495,0.98503765,1.00034089,0.97360415,1.00034089,0.98538933,0.9871483,0.95900439,0.9871483,9557.177172968666,0.0010079351927259,1.000,1.006,1.000,1.000,1.000,1.000
0.16662161,0.16669142,0.16664998,0.1665921,0.16676718,0.16667774,1.0,1.0,1.0,1.0,1.01230224,1.02092135,0.99946158,1.02092135,0.96815128,0.9922495,0.96762353,0.9922495,0.98503765,1.00034089,0.97360415,1.00034089,0.98538933,0.9871483,0.95900439,0.9871483,0.98151969,1.00262765,0.97694633,1.00262765,9525.159812000466,-0.0033557096322606,1.000,0.980,1.000,1.000,1.000,1.000
0.16662705,0.16668491,0.16664508,0.16658689,0.16678344,0.16667256,1.0,1.0,1.0,1.0,0.96815128,0.9922495,0.96762353,0.9922495,0.98503765,1.00034089,0.97360415,1.00034089,0.98538933,0.9871483,0.95900439,0.9871483,0.98151969,1.00262765,0.97694633,1.00262765,0.99559146,0.99946127,0.9831026,0.99946127,9540.509747496628,0.0016102176495686,1.000,1.010,1.000,1.000,1.000,1.000
0.16662768,0.1666859,0.16664463,0.16657881,0.1667888,0.16667415,1.0,1.0,1.0,1.0,0.98503765,1.00034089,0.97360415,1.00034089,0.98538933,0.9871483,0.95900439,0.9871483,0.98151969,1.00262765,0.97694633,1.00262765,0.99559146,0.99946127,0.9831026,0.99946127,0.99506002,1.00197138,0.98868028,1.00197138,9549.806876195771,0.0009740152159263,1.000,1.006,1.000,1.000,1.000,1.000
0.1666301,0.16668499,0.1666419,0.16657183,0.16680112,0.16667007,1.0,1.0,1.0,1.0,0.98538933,0.9871483,0.95900439,0.9871483,0.98151969,1.00262765,0.97694633,1.00262765,0.99559146,0.99946127,0.9831026,0.99946127,0.99506002,1.00197138,0.98868028,1.00197138,0.98017382,1.00126233,0.97946495,1.00126233,9474.77703414507,-0.0078877132250298,1.000,0.953,1.000,1.000,1.000,1.000
0.16663064,0.16668311,0.1666387,0.16656631,0.16681607,0.16666524,1.0,1.0,1.0,1.0,0.98151969,1.00262765,0.97694633,1.00262765,0.99559146,0.99946127,0.9831026,0.99946127,0.99506002,1.00197138,0.98868028,1.00197138,0.98017382,1.00126233,0.97946495,1.00126233,0.9924016,0.9924016,0.980351,0.9924016,9498.513794950692,0.0025021250560439,1.000,1.015,1.000,1.000,1.000,1.000
0.16663566,0.16667254,0.16663055,0.16656157,0.16684233,0.16665737,1.0,1.0,1.0,1.0,0.99559146,0.99946127,0.9831026,0.99946127,0.99506002,1.00197138,0.98868028,1.00197138,0.98017382,1.00126233,0.97946495,1.00126233,0.9924016,0.9924016,0.980351,0.9924016,1.00586995,1.01295856,1.00179403,1.01295856,9444.21690481172,-0.0057327572991306,1.000,0.966,1.000,1.000,1.000,1.000
0.16663907,0.16666682,0.1666251,0.16655372,0.16685991,0.16665535,1.0,1.0,1.0,1.0,0.99506002,1.00197138,0.98868028,1.00197138,0.98017382,1.00126233,0.97946495,1.00126233,0.9924016,0.9924016,0.980351,0.9924016,1.00586995,1.01295856,1.00179403,1.01295856,1.0026801,1.01118639,0.99523705,1.01118639,9469.376173430415,0.0026604446182507,1.000,1.016,1.000,1.000,1.000,1.000
0.16663979,0.16666538,0.16661903,0.16654691,0.16687463,0.16665427,1.0,1.0,1.0,1.0,0.98017382,1.00126233,0.97946495,1.00126233,0.9924016,0.9924016,0.980351,0.9924016,1.00586995,1.01295856,1.00179403,1.01295856,1.0026801,1.01118639,0.99523705,1.01118639,1.01083212,1.01171818,0.99151572,1.01171818,9483.578459954657,0.0014986886696279,1.000,1.009,1.000,1.000,1.000,1.000
0.16664392,0.16665861,0.16660774,0.16654152,0.16689895,0.16664934,1.0,1.0,1.0,1.0,0.9924016,0.9924016,0.980351,0.9924016,1.00586995,1.01295856,1.00179403,1.01295856,1.0026801,1.01118639,0.99523705,1.01118639,1.01083212,1.01171818,0.99151572,1.01171818,0.99824973,1.01473063,0.99612311,1.01473063,9447.53451713681,-0.0038079099115918,1.000,0.977,1.000,1.000,1.000,1.000
0.16663006,0.16667452,0.1666088,0.16653277,0.16689663,0.16665721,1.0,1.0,1.0,1.0,1.00586995,1.01295856,1.00179403,1.01295856,1.0026801,1.01118639,0.99523705,1.01118639,1.01083212,1.01171818,0.99151572,1.01171818,0.99824973,1.01473063,0.99612311,1.01473063,0.99931312,0.99966755,0.98637646,0.99966755,9461.10871396659,0.0014357665958076,1.000,1.009,1.000,1.000,1.000,1.000
0.16662458,0.16667943,0.16660085,0.16652633,0.16691111,0.16665766,1.0,1.0,1.0,1.0,1.0026801,1.01118639,0.99523705,1.01118639,1.01083212,1.01171818,0.99151572,1.01171818,0.99824973,1.01473063,0.99612311,1.01473063,0.99931312,0.99966755,0.98637646,0.99966755,1.00604708,1.00994582,0.9957686,1.00994582,9472.366716625122,0.001189216847862,1.000,1.007,1.000,1.000,1.000,1.000
0.16662905,0.16667306,0.16659226,0.16651732,0.16694432,0.16664396,1.0,1.0,1.0,1.0,1.01083212,1.01171818,0.99151572,1.01171818,0.99824973,1.01473063,0.99612311,1.01473063,0.99931312,0.99966755,0.98637646,0.99966755,1.00604708,1.00994582,0.9957686,1.00994582,1.00693319,1.01845217,1.00586988,1.01845217,9430.166888821475,-0.0044649991152726,1.000,0.974,1.000,1.000,1.000,1.000
0.1666173,0.1666956,0.16659383,0.16650988,0.16693744,0.16664588,1.0,1.0,1.0,1.0,0.99824973,1.01473063,0.99612311,1.01473063,0.99931312,0.99966755,0.98637646,0.99966755,1.00604708,1.00994582,0.9957686,1.00994582,1.00693319,1.01845217,1.00586988,1.01845217,1.03883192,1.04680659,1.02695858,1.04680659,9426.364966649522,-0.0004032472410743,1.000,0.998,1.000,1.000,1.000,1.000
0.16658118,0.16675167,0.16660734,0.16650385,0.16688624,0.16666968,1.0,1.0,1.0,1.0,0.99931312,0.99966755,0.98637646,0.99966755,1.00604708,1.00994582,0.9957686,1.00994582,1.00693319,1.01845217,1.00586988,1.01845217,1.03883192,1.04680659,1.02695858,1.04680659,1.09660391,1.10103427,1.07321159,1.10103427,9359.31269001255,-0.0071386896566482,1.000,0.959,1.000,1.000,1.000,1.000
0.16652833,0.16683534,0.16663058,0.16649966,0.16679473,0.16671136,1.0,1.0,1.0,1.0,1.00604708,1.00994582,0.9957686,1.00994582,1.00693319,1.01845217,1.00586988,1.01845217,1.03883192,1.04680659,1.02695858,1.04680659,1.09660391,1.10103427,1.07321159,1.10103427,1.07586994,1.08986991,1.07533832,1.08986991,9410.031337254808,0.0054044265603495,1.000,1.031,1.000,1.000,1.000,1.000
0.16647382,0.16692592,0.16665208,0.16650076,0.16669305,0.16675436,1.0,1.0,1.0,1.0,1.00693319,1.01845217,1.00586988,1.01845217,1.03883192,1.04680659,1.02695858,1.04680659,1.09660391,1.10103427,1.07321159,1.10103427,1.07586994,1.08986991,1.07533832,1.08986991,1.10918607,1.11184432,1.08986968,1.11184432,9409.868023041105,-1.7355482150186332e-05,1.000,1.000,1.000,1.000,1.000,1.000
0.1664323,0.16698286,0.16666721,0.16650207,0.16663092,0.16678458,1.0,1.0,1.0,1.0,1.03883192,1.04680659,1.02695858,1.04680659,1.09660391,1.10103427,1.07321159,1.10103427,1.07586994,1.08986991,1.07533832,1.08986991,1.10918607,1.11184432,1.08986968,1.11184432,1.1479961,1.15136322,1.11450256,1.15136322,9464.966470275069,0.0058383138416504,1.000,1.033,1.000,1.000,1.000,1.000
0.16638494,0.16705887,0.166682,0.1664914,0.16656603,0.16681674,1.0,1.0,1.0,1.0,1.09660391,1.10103427,1.07321159,1.10103427,1.07586994,1.08986991,1.07533832,1.08986991,1.10918607,1.11184432,1.08986968,1.11184432,1.1479961,1.15136322,1.11450256,1.15136322,1.13151523,1.14409745,1.11981907,1.14409745,9486.16604070278,0.0022372889069539,1.000,1.013,1.000,1.000,1.000,1.000
0.16633843,0.16712621,0.16669893,0.16648443,0.1665091,0.16684285,1.0,1.0,1.0,1.0,1.07586994,1.08986991,1.07533832,1.08986991,1.10918607,1.11184432,1.08986968,1.11184432,1.1479961,1.15136322,1.11450256,1.15136322,1.13151523,1.14409745,1.11981907,1.14409745,1.15313517,1.18875534,1.1515403,1.18875534,9472.564453021803,-0.0014348629534125,1.000,0.992,1.000,1.000,1.000,1.000
0.16629153,0.1672009,0.16671306,0.1664709,0.16645256,0.16687104,1.0,1.0,1.0,1.0,1.10918607,1.11184432,1.08986968,1.11184432,1.1479961,1.15136322,1.11450256,1.15136322,1.13151523,1.14409745,1.11981907,1.14409745,1.15313517,1.18875534,1.1515403,1.18875534,1.18662872,1.18786922,1.15774279,1.18786922,9442.363667480826,-0.0031933307927579,1.000,0.983,1.000,1.000,1.000,1.000
0.16624545,0.16728717,0.16672158,0.16644786,0.16640033,0.16689754,1.0,1.0,1.0,1.0,1.1479961,1.15136322,1.11450256,1.15136322,1.13151523,1.14409745,1.11981907,1.14409745,1.15313517,1.18875534,1.1515403,1.18875534,1.18662872,1.18786922,1.15774279,1.18786922,1.17067972,1.19105943,1.15473051,1.19105943,9399.848854658332,-0.0045127274647459,1.000,0.977,1.000,1.000,1.000,1.000
0.1662187,0.16735898,0.16670659,0.16642311,0.16639566,0.16689694,1.0,1.0,1.0,1.0,1.13151523,1.14409745,1.11981907,1.14409745,1.15313517,1.18875534,1.1515403,1.18875534,1.18662872,1.18786922,1.15774279,1.18786922,1.17067972,1.19105943,1.15473051,1.19105943,1.18007188,1.18078076,1.13984423,1.18078076,9494.080599772367,0.0099748997864571,1.000,1.051,1.000,1.000,1.000,1.000
0.16621459,0.16739872,0.16668491,0.16639777,0.16643123,0.16687284,1.0,1.0,1.0,1.0,1.15313517,1.18875534,1.1515403,1.18875534,1.18662872,1.18786922,1.15774279,1.18786922,1.17067972,1.19105943,1.15473051,1.19105943,1.18007188,1.18078076,1.13984423,1.18078076,1.1767049,1.20505921,1.17617328,1.20505921,9447.213671547324,-0.0049486611842169,1.000,0.977,1.000,1.000,1.000,1.000
0.16620234,0.16745274,0.16665727,0.16636452,0.16646242,0.16686076,1.0,1.0,1.0,1.0,1.18662872,1.18786922,1.15774279,1.18786922,1.17067972,1.19105943,1.15473051,1.19105943,1.18007188,1.18078076,1.13984423,1.18078076,1.1767049,1.20505921,1.17617328,1.20505921,1.18538858,1.18698358,1.16607225,1.18698358,9450.865855155713,0.0003865137352918,1.000,1.002,1.000,1.000,1.000,1.000
0.16613008,0.1675995,0.16665386,0.16632843,0.16641343,0.16687472,1.0,1.0,1.0,1.0,1.17067972,1.19105943,1.15473051,1.19105943,1.18007188,1.18078076,1.13984423,1.18078076,1.1767049,1.20505921,1.17617328,1.20505921,1.18538858,1.18698358,1.16607225,1.18698358,1.20169219,1.22721113,1.19992007,1.22721113,9436.644446564223,-0.0015059063954816,1.000,0.994,1.000,1.000,1.000,1.000
0.16607077,0.16771753,0.16666144,0.16629204,0.16638613,0.16687202,1.0,1.0,1.0,1.0,1.18007188,1.18078076,1.13984423,1.18078076,1.1767049,1.20505921,1.17617328,1.20505921,1.18538858,1.18698358,1.16607225,1.18698358,1.20169219,1.22721113,1.19992007,1.22721113,1.21445148,1.22100846,1.20559075,1.22100846,9466.871827069854,0.0031980723407263,1.000,1.015,1.000,1.000,1.000,1.000
0.1660087,0.16786754,0.1666646,0.16625704,0.16635124,0.16685097,1.0,1.0,1.0,1.0,1.1767049,1.20505921,1.17617328,1.20505921,1.18538858,1.18698358,1.16607225,1.18698358,1.20169219,1.22721113,1.19992007,1.22721113,1.21445148,1.22100846,1.20559075,1.22100846,1.19389485,1.21392005,1.18290749,1.21392005,9436.631468161231,-0.0031994476613701,1.000,0.988,1.000,1.000,1.000,1.000
0.16600448,0.16792876,0.16663754,0.16621217,0.16643447,0.16678266,1.0,1.0,1.0,1.0,1.18538858,1.18698358,1.16607225,1.18698358,1.20169219,1.22721113,1.19992007,1.22721113,1.21445148,1.22100846,1.20559075,1.22100846,1.19389485,1.21392005,1.18290749,1.21392005,1.30961565,1.36260276,1.26442588,1.36260276,9456.727144536697,0.0021272749187325,1.000,1.011,1.000,1.000,1.000,1.000
0.1659788,0.16798137,0.16664897,0.1661444,0.1664805,0.16676597,1.0,1.0,1.0,1.0,1.20169219,1.22721113,1.19992007,1.22721113,1.21445148,1.22100846,1.20559075,1.22100846,1.19389485,1.21392005,1.18290749,1.21392005,1.30961565,1.36260276,1.26442588,1.36260276,1.47531153,1.47796977,1.42533702,1.47796977,9360.623133655585,-0.0102144930131119,1.000,0.951,1.000,1.000,1.000,1.000
0.16572943,0.1684805,0.16676058,0.16606385,0.16612501,0.16684064,1.0,1.0,1.0,1.0,1.21445148,1.22100846,1.20559075,1.22100846,1.19389485,1.21392005,1.18290749,1.21392005,1.30961565,1.36260276,1.26442588,1.36260276,1.47531153,1.47796977,1.42533702,1.47796977,1.36313468,1.41027383,1.35551445,1.41027383,9369.16378295705,0.0009119858043705,1.000,1.005,1.000,1.000,1.000,1.000
0.16533567,0.16926776,0.16692777,0.16599786,0.16553128,0.16693969,1.0,1.0,1.0,1.0,1.19389485,1.21392005,1.18290749,1.21392005,1.30961565,1.36260276,1.26442588,1.36260276,1.47531153,1.47796977,1.42533702,1.47796977,1.36313468,1.41027383,1.35551445,1.41027383,1.46503266,1.47743776,1.36561529,1.47743776,9376.690197291466,0.0008029951312718,1.000,1.004,1.000,1.000,1.000,1.000
0.16521163,0.16955578,0.16696635,0.16593254,0.16541901,0.16691469,1.0,1.0,1.0,1.0,1.30961565,1.36260276,1.26442588,1.36260276,1.47531153,1.47796977,1.42533702,1.47796977,1.36313468,1.41027383,1.35551445,1.41027383,1.46503266,1.47743776,1.36561529,1.47743776,1.41647609,1.44040003,1.39308377,1.44040003,9437.195812473508,0.0064320389471131,1.000,1.029,1.000,1.000,1.000,1.000
0.16506192,0.16995847,0.16702798,0.16585183,0.16518095,0.16691886,1.0,1.0,1.0,1.0,1.47531153,1.47796977,1.42533702,1.47796977,1.36313468,1.41027383,1.35551445,1.41027383,1.46503266,1.47743776,1.36561529,1.47743776,1.41647609,1.44040003,1.39308377,1.44040003,1.39804586,1.41364069,1.37359029,1.41364069,9456.77664680619,0.0020727077257059,1.000,1.009,1.000,1.000,1.000,1.000
0.16491576,0.17043066,0.16710831,0.16571827,0.16488758,0.16693945,1.0,1.0,1.0,1.0,1.36313468,1.41027383,1.35551445,1.41027383,1.46503266,1.47743776,1.36561529,1.47743776,1.41647609,1.44040003,1.39308377,1.44040003,1.39804586,1.41364069,1.37359029,1.41364069,1.39910902,1.40265339,1.3718181,1.40265339,9442.52224194815,-0.0015084588740432,1.000,0.995,1.000,1.000,1.000,1.000
0.16485316,0.17075802,0.16714944,0.16562788,0.16475742,0.1668541,1.0,1.0,1.0,1.0,1.46503266,1.47743776,1.36561529,1.47743776,1.41647609,1.44040003,1.39308377,1.44040003,1.39804586,1.41364069,1.37359029,1.41364069,1.39910902,1.40265339,1.3718181,1.40265339,1.42108357,1.42108357,1.39538738,1.42108357,9427.27017969822,-0.0016165589139077,1.000,0.995,1.000,1.000,1.000,1.000
0.16479863,0.1709948,0.16726118,0.16551532,0.16467136,0.16675873,1.0,1.0,1.0,1.0,1.41647609,1.44040003,1.39308377,1.44040003,1.39804586,1.41364069,1.37359029,1.41364069,1.39910902,1.40265339,1.3718181,1.40265339,1.42108357,1.42108357,1.39538738,1.42108357,1.44660229,1.48860219,1.42781759,1.48860219,9508.781720898136,0.0086091910905593,1.000,1.025,1.000,1.000,1.000,1.000
0.1647231,0.17139465,0.16739233,0.16540691,0.16442093,0.1666621,1.0,1.0,1.0,1.0,1.39804586,1.41364069,1.37359029,1.41364069,1.39910902,1.40265339,1.3718181,1.40265339,1.42108357,1.42108357,1.39538738,1.42108357,1.44660229,1.48860219,1.42781759,1.48860219,1.42693185,1.45493179,1.42161549,1.45493179,9546.03687758102,0.0039103184280071,1.000,1.010,1.000,1.000,1.000,1.000
0.16470766,0.17170385,0.16757178,0.16524959,0.16423428,0.16653287,1.0,1.0,1.0,1.0,1.39910902,1.40265339,1.3718181,1.40265339,1.42108357,1.42108357,1.39538738,1.42108357,1.44660229,1.48860219,1.42781759,1.48860219,1.42693185,1.45493179,1.42161549,1.45493179,1.41824832,1.43171666,1.4072611,1.43171666,9542.47548756253,-0.0003731448519075,1.000,1.000,1.000,1.000,1.000,1.000
0.16471504,0.1719202,0.1677467,0.16506489,0.16409431,0.16645889,1.0,1.0,1.0,1.0,1.42108357,1.42108357,1.39538738,1.42108357,1.44660229,1.48860219,1.42781759,1.48860219,1.42693185,1.45493179,1.42161549,1.45493179,1.41824832,1.43171666,1.4072611,1.43171666,1.41541292,1.43277987,1.40389395,1.43277987,9419.78626235402,-0.0129405383096953,1.000,0.976,1.000,1.000,1.000,1.000
0.16471682,0.17201768,0.16799314,0.16489254,0.1639658,0.16641402,1.0,1.0,1.0,1.0,1.44660229,1.48860219,1.42781759,1.48860219,1.42693185,1.45493179,1.42161549,1.45493179,1.41824832,1.43171666,1.4072611,1.43171666,1.41541292,1.43277987,1.40389395,1.43277987,1.38121052,1.40353946,1.38121052,1.40353946,9439.743841128226,0.0021164457560113,1.000,1.004,1.000,1.000,1.000,1.000
0.16477498,0.17199795,0.16816728,0.16470772,0.16396286,0.16638929,1.0,1.0,1.0,1.0,1.42693185,1.45493179,1.42161549,1.45493179,1.41824832,1.43171666,1.4072611,1.43171666,1.41541292,1.43277987,1.40389395,1.43277987,1.38121052,1.40353946,1.38121052,1.40353946,1.40690644,1.40974193,1.37748889,1.40974193,9373.994160782968,-0.0069895677314716,1.000,0.987,1.000,1.000,1.000,1.000
0.16481718,0.17195581,0.1682761,0.16455083,0.16403975,0.1663603,1.0,1.0,1.0,1.0,1.41824832,1.43171666,1.4072611,1.43171666,1.41541292,1.43277987,1.40389395,1.43277987,1.38121052,1.40353946,1.38121052,1.40353946,1.40690644,1.40974193,1.37748889,1.40974193,1.38759009,1.40176718,1.37926099,1.40176718,9344.739113783437,-0.0031257532643594,1.000,0.995,1.000,1.000,1.000,1.000
0.16487315,0.17192559,0.16838703,0.16439061,0.16409625,0.16632734,1.0,1.0,1.0,1.0,1.41541292,1.43277987,1.40389395,1.43277987,1.38121052,1.40353946,1.38121052,1.40353946,1.40690644,1.40974193,1.37748889,1.40974193,1.38759009,1.40176718,1.37926099,1.40176718,1.38953967,1.40407126,1.38315993,1.40407126,9277.539525129434,-0.0072171490550131,1.000,0.989,1.000,1.000,1.000,1.000
0.16490369,0.17199264,0.16846967,0.16423705,0.16409492,0.1663021,1.0,1.0,1.0,1.0,1.38121052,1.40353946,1.38121052,1.40353946,1.40690644,1.40974193,1.37748889,1.40974193,1.38759009,1.40176718,1.37926099,1.40176718,1.38953967,1.40407126,1.38315993,1.40407126,1.42108357,1.43348853,1.41169122,1.43348853,9175.726406964215,-0.0110348110368555,1.000,0.985,1.000,1.000,1.000,1.000
0.16497968,0.17179969,0.16844241,0.16417214,0.1643404,0.16626568,1.0,1.0,1.0,1.0,1.40690644,1.40974193,1.37748889,1.40974193,1.38759009,1.40176718,1.37926099,1.40176718,1.38953967,1.40407126,1.38315993,1.40407126,1.42108357,1.43348853,1.41169122,1.43348853,1.40726097,1.43224816,1.40442547,1.43224816,9122.596083722045,-0.0058071413462231,1.000,0.993,1.000,1.000,1.000,1.000
0.16502926,0.17162555,0.16843466,0.16412137,0.16455565,0.16623344,1.0,1.0,1.0,1.0,1.38759009,1.40176718,1.37926099,1.40176718,1.38953967,1.40407126,1.38315993,1.40407126,1.42108357,1.43348853,1.41169122,1.43348853,1.40726097,1.43224816,1.40442547,1.43224816,1.39184319,1.40407104,1.38670395,1.40407104,9326.66664322214,0.0221232561739083,1.000,1.029,1.000,1.000,1.000,1.000
0.16509376,0.17124134,0.16835487,0.16414347,0.16499266,0.16617388,1.0,1.0,1.0,1.0,1.38953967,1.40407126,1.38315993,1.40407126,1.42108357,1.43348853,1.41169122,1.43348853,1.40726097,1.43224816,1.40442547,1.43224816,1.39184319,1.40407104,1.38670395,1.40407104,1.36118526,1.36632449,1.34647655,1.36632449,9115.853651739308,-0.0228626208005823,1.000,0.968,1.000,1.000,1.000,1.000
0.16518584,0.17072277,0.16820575,0.16419552,0.16559973,0.1660904,1.0,1.0,1.0,1.0,1.42108357,1.43348853,1.41169122,1.43348853,1.40726097,1.43224816,1.40442547,1.43224816,1.39184319,1.40407104,1.38670395,1.40407104,1.36118526,1.36632449,1.34647655,1.36632449,1.38829902,1.39521051,1.37979279,1.39521051,8994.11607805094,-0.0134444628243763,1.000,0.979,1.000,1.000,1.000,1.000
0.1652244,0.17044401,0.16815709,0.16421683,0.1659371,0.16602059,1.0,1.0,1.0,1.0,1.40726097,1.43224816,1.40442547,1.43224816,1.39184319,1.40407104,1.38670395,1.40407104,1.36118526,1.36632449,1.34647655,1.36632449,1.38829902,1.39521051,1.37979279,1.39521051,1.3982232,1.41612191,1.39095733,1.41612191,8958.296118184619,-0.0039905509086281,1.000,0.993,1.000,1.000,1.000,1.000
0.16524506,0.1703013,0.16817679,0.16419199,0.16609974,0.16598518,1.0,1.0,1.0,1.0,1.39184319,1.40407104,1.38670395,1.40407104,1.36118526,1.36632449,1.34647655,1.36632449,1.38829902,1.39521051,1.37979279,1.39521051,1.3982232,1.41612191,1.39095733,1.41612191,1.41842581,1.42622329,1.40832458,1.42622329,9048.72510605013,0.0100438320068223,1.000,1.024,1.000,1.000,1.000,1.000
0.16525556,0.17005572,0.16807194,0.16426434,0.16644044,0.16591203,1.0,1.0,1.0,1.0,1.36118526,1.36632449,1.34647655,1.36632449,1.38829902,1.39521051,1.37979279,1.39521051,1.3982232,1.41612191,1.39095733,1.41612191,1.41842581,1.42622329,1.40832458,1.42622329,1.4487295,1.45617248,1.43561565,1.45617248,8950.837590670006,-0.0108767620711207,1.000,0.981,1.000,1.000,1.000,1.000
0.16526876,0.16975851,0.16798048,0.1643502,0.1668171,0.16582492,1.0,1.0,1.0,1.0,1.38829902,1.39521051,1.37979279,1.39521051,1.3982232,1.41612191,1.39095733,1.41612191,1.41842581,1.42622329,1.40832458,1.42622329,1.4487295,1.45617248,1.43561565,1.45617248,1.42834955,1.45865323,1.42072932,1.45865323,8884.879200825664,-0.0073962477987402,1.000,0.987,1.000,1.000,1.000,1.000
0.165243,0.16956061,0.16797143,0.16438937,0.16709793,0.16573773,1.0,1.0,1.0,1.0,1.3982232,1.41612191,1.39095733,1.41612191,1.41842581,1.42622329,1.40832458,1.42622329,1.4487295,1.45617248,1.43561565,1.45617248,1.42834955,1.45865323,1.42072932,1.45865323,1.42551401,1.43331135,1.41612166,1.43331135,8855.961930075044,-0.0032599690338087,1.000,0.994,1.000,1.000,1.000,1.000
0.1651846,0.16944793,0.16803683,0.1643945,0.16723987,0.16569622,1.0,1.0,1.0,1.0,1.41842581,1.42622329,1.40832458,1.42622329,1.4487295,1.45617248,1.43561565,1.45617248,1.42834955,1.45865323,1.42072932,1.45865323,1.42551401,1.43331135,1.41612166,1.43331135,1.40442557,1.41346356,1.3945016,1.41346356,8844.726486652165,-0.0012694924250733,1.000,0.998,1.000,1.000,1.000,1.000
0.1651294,0.1692775,0.16806807,0.16441536,0.16749896,0.16561067,1.0,1.0,1.0,1.0,1.4487295,1.45617248,1.43561565,1.45617248,1.42834955,1.45865323,1.42072932,1.45865323,1.42551401,1.43331135,1.41612166,1.43331135,1.40442557,1.41346356,1.3945016,1.41346356,1.44518518,1.44607117,1.41753961,1.44607117,8839.668898362896,-0.0005719831882343,1.000,0.999,1.000,1.000,1.000,1.000
0.16503608,0.16918965,0.16812733,0.16441661,0.16771676,0.16551362,1.0,1.0,1.0,1.0,1.42834955,1.45865323,1.42072932,1.45865323,1.42551401,1.43331135,1.41612166,1.43331135,1.40442557,1.41346356,1.3945016,1.41346356,1.44518518,1.44607117,1.41753961,1.44607117,1.45617223,1.46574184,1.41559007,1.46574184,8820.840660716347,-0.0021322425286818,1.000,0.977,1.000,1.000,1.000,1.000
0.16492757,0.16921936,0.16831529,0.16436109,0.1677485,0.16542816,1.0,1.0,1.0,1.0,1.42551401,1.43331135,1.41612166,1.43331135,1.40442557,1.41346356,1.3945016,1.41346356,1.44518518,1.44607117,1.41753961,1.44607117,1.45617223,1.46574184,1.41559007,1.46574184,1.43862812,1.44979259,1.38900798,1.44979259,8818.06855699013,-0.0003143169132313,1.000,0.994,1.000,1.000,1.000,1.000
0.16488962,0.1691905,0.16827673,0.16439559,0.16800389,0.16524377,1.0,1.0,1.0,1.0,1.40442557,1.41346356,1.3945016,1.41346356,1.44518518,1.44607117,1.41753961,1.44607117,1.45617223,1.46574184,1.41559007,1.46574184,1.43862812,1.44979259,1.38900798,1.44979259,1.3984001,1.44376698,1.37181792,1.44376698,8777.430072684607,-0.0046191991962735,1.000,0.975,1.000,1.000,1.000,1.000
0.16482417,0.16932581,0.1682822,0.1643892,0.168145,0.1650336,1.0,1.0,1.0,1.0,1.44518518,1.44607117,1.41753961,1.44607117,1.45617223,1.46574184,1.41559007,1.46574184,1.43862812,1.44979259,1.38900798,1.44979259,1.3984001,1.44376698,1.37181792,1.44376698,1.37022332,1.40265363,1.3684512,1.40265363,8769.830045261571,-0.0008662352808567,1.000,0.997,1.000,1.000,1.000,1.000
0.16472934,0.1698044,0.16845019,0.16424505,0.16791053,0.16486047,1.0,1.0,1.0,1.0,1.45617223,1.46574184,1.41559007,1.46574184,1.43862812,1.44979259,1.38900798,1.44979259,1.3984001,1.44376698,1.37181792,1.44376698,1.37022332,1.40265363,1.3684512,1.40265363,1.40708378,1.41240013,1.39202057,1.41240013,8767.623683116504,-0.0002516171607212,1.000,0.993,1.000,1.000,1.000,1.000
0.16452597,0.17065634,0.16876556,0.16398627,0.16736646,0.16469944,1.0,1.0,1.0,1.0,1.43862812,1.44979259,1.38900798,1.44979259,1.3984001,1.44376698,1.37181792,1.44376698,1.37022332,1.40265363,1.3684512,1.40265363,1.40708378,1.41240013,1.39202057,1.41240013,1.3982232,1.43951423,1.3957422,1.43951423,8764.915084342187,-0.0003089796442821,1.000,0.989,1.000,1.000,1.000,1.000
0.16431324,0.17126296,0.16883549,0.16384083,0.16729619,0.16445126,1.0,1.0,1.0,1.0,1.3984001,1.44376698,1.37181792,1.44376698,1.37022332,1.40265363,1.3684512,1.40265363,1.40708378,1.41240013,1.39202057,1.41240013,1.3982232,1.43951423,1.3957422,1.43951423,1.39680535,1.42303317,1.39290661,1.42303317,8920.387062581196,0.0175825080288095,1.000,1.042,1.000,1.000,1.000,1.000
0.1640017,0.17232578,0.16943513,0.16346174,0.16653877,0.16423687,1.0,1.0,1.0,1.0,1.37022332,1.40265363,1.3684512,1.40265363,1.40708378,1.41240013,1.39202057,1.41240013,1.3982232,1.43951423,1.3957422,1.43951423,1.39680535,1.42303317,1.39290661,1.42303317,1.42657717,1.43756452,1.41683031,1.43756452,8900.784263047795,-0.0021999460171602,1.000,1.000,1.000,1.000,1.000,1.000
0.16382428,0.17261894,0.16972147,0.16332416,0.16652559,0.16398561,1.0,1.0,1.0,1.0,1.40708378,1.41240013,1.39202057,1.41240013,1.3982232,1.43951423,1.3957422,1.43951423,1.39680535,1.42303317,1.39290661,1.42303317,1.42657717,1.43756452,1.41683031,1.43756452,1.52138739,1.53804561,1.44217244,1.53804561,8898.058911994476,-0.0003062391243987,1.000,0.984,1.000,1.000,1.000,1.000
0.16378173,0.17192861,0.16922708,0.16361219,0.16766244,0.16378798,1.0,1.0,1.0,1.0,1.3982232,1.43951423,1.3957422,1.43951423,1.39680535,1.42303317,1.39290661,1.42303317,1.42657717,1.43756452,1.41683031,1.43756452,1.52138739,1.53804561,1.44217244,1.53804561,1.47318491,1.53272902,1.47159004,1.53272902,8885.877117562444,-0.0013699775254541,1.000,0.979,1.000,1.000,1.000,1.000
0.16375235,0.17095493,0.16866279,0.16399051,0.16897397,0.16366543,1.0,1.0,1.0,1.0,1.39680535,1.42303317,1.39290661,1.42303317,1.42657717,1.43756452,1.41683031,1.43756452,1.52138739,1.53804561,1.44217244,1.53804561,1.47318491,1.53272902,1.47159004,1.53272902,1.45905918,1.46582805,1.43590228,1.46582805,8877.458332377637,-0.0009478834466507,1.000,0.975,1.000,1.000,1.000,1.000
0.16346715,0.17079209,0.16914894,0.16393115,0.16912812,0.16353254,1.0,1.0,1.0,1.0,1.42657717,1.43756452,1.41683031,1.43756452,1.52138739,1.53804561,1.44217244,1.53804561,1.47318491,1.53272902,1.47159004,1.53272902,1.45905918,1.46582805,1.43590228,1.46582805,1.42913345,1.47562514,1.42699585,1.47562514,8867.870419956384,-0.0010806126488915,1.000,0.968,1.000,1.000,1.000,1.000
0.16310929,0.17080775,0.16966635,0.16383079,0.16919117,0.16339459,1.0,1.0,1.0,1.0,1.52138739,1.53804561,1.44217244,1.53804561,1.47318491,1.53272902,1.47159004,1.53272902,1.45905918,1.46582805,1.43590228,1.46582805,1.42913345,1.47562514,1.42699585,1.47562514,1.43554597,1.43661484,1.40864851,1.43661484,8855.243734526073,-0.0014248836244661,1.000,0.998,1.000,1.000,1.000,1.000
0.16210575,0.1732758,0.17227775,0.1625448,0.16642614,0.16336973,1.0,1.0,1.0,1.0,1.47318491,1.53272902,1.47159004,1.53272902,1.45905918,1.46582805,1.43590228,1.46582805,1.42913345,1.47562514,1.42699585,1.47562514,1.43554597,1.43661484,1.40864851,1.43661484,1.43358673,1.44088997,1.41434871,1.44088997,8905.582831058864,0.0056685685366005,1.000,1.010,1.000,1.000,1.000,1.000
0.1606806,0.17646547,0.1752843,0.16100286,0.1632652,0.16330154,1.0,1.0,1.0,1.0,1.45905918,1.46582805,1.43590228,1.46582805,1.42913345,1.47562514,1.42699585,1.47562514,1.43554597,1.43661484,1.40864851,1.43661484,1.43358673,1.44088997,1.41434871,1.44088997,1.38798548,1.42378956,1.38745112,1.42378956,9074.355257214202,0.0187739671239071,1.000,1.019,1.000,1.000,1.000,1.000
0.16154411,0.17332122,0.17263237,0.16246182,0.16678834,0.16325213,1.0,1.0,1.0,1.0,1.42913345,1.47562514,1.42699585,1.47562514,1.43554597,1.43661484,1.40864851,1.43661484,1.43358673,1.44088997,1.41434871,1.44088997,1.38798548,1.42378956,1.38745112,1.42378956,1.39617932,1.4072234,1.3568127,1.4072234,8810.634265736215,-0.0294929003927067,1.000,0.971,1.000,1.000,1.000,1.000
0.16139872,0.1733657,0.17287038,0.16244671,0.16676173,0.16315673,1.0,1.0,1.0,1.0,1.43554597,1.43661484,1.40864851,1.43661484,1.43358673,1.44088997,1.41434871,1.44088997,1.38798548,1.42378956,1.38745112,1.42378956,1.39617932,1.4072234,1.3568127,1.4072234,1.40508573,1.40579827,1.37854447,1.40579827,8822.514323129371,0.0013474688460553,1.000,1.001,1.000,1.000,1.000,1.000
0.16203436,0.17129724,0.1712254,0.16349673,0.16888323,0.163063,1.0,1.0,1.0,1.0,1.43358673,1.44088997,1.41434871,1.44088997,1.38798548,1.42378956,1.38745112,1.42378956,1.39617932,1.4072234,1.3568127,1.4072234,1.40508573,1.40579827,1.37854447,1.40579827,1.42093947,1.43162735,1.41559567,1.43162735,8515.341266918933,-0.035437508409,1.000,0.965,1.000,1.000,1.000,1.000
0.16282743,0.16840594,0.16891268,0.16500388,0.17218018,0.16266988,1.0,1.0,1.0,1.0,1.38798548,1.42378956,1.38745112,1.42378956,1.39617932,1.4072234,1.3568127,1.4072234,1.40508573,1.40579827,1.37854447,1.40579827,1.42093947,1.43162735,1.41559567,1.43162735,1.43412109,1.44712448,1.41274547,1.44712448,8473.831008452484,-0.0048866819875425,1.000,0.995,1.000,1.000,1.000,1.000
0.16189787,0.16985154,0.1712422,0.16374347,0.1709723,0.16229261,1.0,1.0,1.0,1.0,1.39617932,1.4072234,1.3568127,1.4072234,1.40508573,1.40579827,1.37854447,1.40579827,1.42093947,1.43162735,1.41559567,1.43162735,1.43412109,1.44712448,1.41274547,1.44712448,1.44409609,1.45959341,1.43518962,1.45959341,8671.160243342201,0.0230198949536544,1.000,1.023,1.000,1.000,1.000,1.000
0.15042119,0.19005692,0.19255163,0.15067607,0.15309201,0.16320223,1.0,1.0,1.0,1.0,1.40508573,1.40579827,1.37854447,1.40579827,1.42093947,1.43162735,1.41559567,1.43162735,1.43412109,1.44712448,1.41274547,1.44712448,1.44409609,1.45959341,1.43518962,1.45959341,1.47170629,1.47348756,1.4560308,1.47348756,8579.788014330528,-0.0105933983603178,1.000,0.990,1.000,1.000,1.000,1.000
0.14528841,0.19584498,0.20107138,0.1453782,0.1483516,0.16406539,1.0,1.0,1.0,1.0,1.42093947,1.43162735,1.41559567,1.43162735,1.43412109,1.44712448,1.41274547,1.44712448,1.44409609,1.45959341,1.43518962,1.45959341,1.47170629,1.47348756,1.4560308,1.47348756,1.43928696,1.46422499,1.43590245,1.46422499,8607.764058664601,0.0032553872618633,1.000,1.003,1.000,1.000,1.000,1.000
0.14030595,0.20021415,0.20927526,0.14047906,0.14447844,0.16524717,1.0,1.0,1.0,1.0,1.43412109,1.44712448,1.41274547,1.44712448,1.44409609,1.45959341,1.43518962,1.45959341,1.47170629,1.47348756,1.4560308,1.47348756,1.43928696,1.46422499,1.43590245,1.46422499,1.50590708,1.50751018,1.45264639,1.50751018,9058.920486776931,0.0510853678838723,1.000,1.052,1.000,1.000,1.000,1.000
0.13494542,0.20454885,0.21807015,0.1352224,0.1405364,0.16667679,1.0,1.0,1.0,1.0,1.44409609,1.45959341,1.43518962,1.45959341,1.47170629,1.47348756,1.4560308,1.47348756,1.43928696,1.46422499,1.43590245,1.46422499,1.50590708,1.50751018,1.45264639,1.50751018,1.48061285,1.50430398,1.47437821,1.50430398,8926.186740446252,-0.0147606744424475,1.000,0.985,1.000,1.000,1.000,1.000
0.13027118,0.20719332,0.22597978,0.13069968,0.13737933,0.16847679,1.0,1.0,1.0,1.0,1.47170629,1.47348756,1.4560308,1.47348756,1.43928696,1.46422499,1.43590245,1.46422499,1.50590708,1.50751018,1.45264639,1.50751018,1.48061285,1.50430398,1.47437821,1.50430398,1.54830214,1.54972721,1.51018242,1.54972721,8897.66080862327,-0.0032008752431135,1.000,0.997,1.000,1.000,1.000,1.000
0.12780741,0.20662723,0.23003633,0.12880516,0.13697547,0.16974846,1.0,1.0,1.0,1.0,1.43928696,1.46422499,1.43590245,1.46422499,1.50590708,1.50751018,1.45264639,1.50751018,1.48061285,1.50430398,1.47437821,1.50430398,1.54830214,1.54972721,1.51018242,1.54972721,1.56397766,1.58285935,1.54117696,1.58285935,8791.069916626859,-0.012051987657731,1.000,0.988,1.000,1.000,1.000,1.000
0.12732887,0.20375663,0.23041357,0.12899466,0.13890861,0.17059761,1.0,1.0,1.0,1.0,1.50590708,1.50751018,1.45264639,1.50751018,1.48061285,1.50430398,1.47437821,1.50430398,1.54830214,1.54972721,1.51018242,1.54972721,1.56397766,1.58285935,1.54117696,1.58285935,1.5814342,1.58179053,1.56112744,1.58179053,8772.006770747126,-0.0021708216282673,1.000,0.998,1.000,1.000,1.000,1.000
0.12717749,0.20005548,0.22992572,0.12983628,0.14185488,0.17115009,1.0,1.0,1.0,1.0,1.48061285,1.50430398,1.47437821,1.50430398,1.54830214,1.54972721,1.51018242,1.54972721,1.56397766,1.58285935,1.54117696,1.58285935,1.5814342,1.58179053,1.56112744,1.58179053,1.61937568,1.62578822,1.57965274,1.62578822,8850.282145617597,0.0088837369580582,1.000,1.009,1.000,1.000,1.000,1.000
0.1243054,0.19967262,0.23295029,0.1273675,0.14339647,0.1723077,1.0,1.0,1.0,1.0,1.54830214,1.54972721,1.51018242,1.54972721,1.56397766,1.58285935,1.54117696,1.58285935,1.5814342,1.58179053,1.56112744,1.58179053,1.61937568,1.62578822,1.57965274,1.62578822,1.59675313,1.61474425,1.59301243,1.61474425,8759.234772662632,-0.0103407929586228,1.000,0.990,1.000,1.000,1.000,1.000
0.12142237,0.19923384,0.23551878,0.12512206,0.14464107,0.17406191,1.0,1.0,1.0,1.0,1.56397766,1.58285935,1.54117696,1.58285935,1.5814342,1.58179053,1.56112744,1.58179053,1.61937568,1.62578822,1.57965274,1.62578822,1.59675313,1.61474425,1.59301243,1.61474425,1.57822772,1.60102828,1.57234941,1.60102828,8583.573205970302,-0.0202582620359955,1.000,0.980,1.000,1.000,1.000,1.000
0.11832091,0.20031556,0.2383728,0.12247307,0.14460087,0.17591667,1.0,1.0,1.0,1.0,1.5814342,1.58179053,1.56112744,1.58179053,1.61937568,1.62578822,1.57965274,1.62578822,1.59675313,1.61474425,1.59301243,1.61474425,1.57822772,1.60102828,1.57234941,1.60102828,1.57021196,1.59408125,1.55311154,1.59408125,8655.187382047468,0.0083085541659397,1.000,1.008,1.000,1.000,1.000,1.000
0.11531089,0.2016256,0.241225,0.11960255,0.14425893,0.17797707,1.0,1.0,1.0,1.0,1.61937568,1.62578822,1.57965274,1.62578822,1.59675313,1.61474425,1.59301243,1.61474425,1.57822772,1.60102828,1.57234941,1.60102828,1.57021196,1.59408125,1.55311154,1.59408125,1.54438322,1.5780497,1.53975195,1.5780497,8517.176693449645,-0.0160739266272533,1.000,0.984,1.000,1.000,1.000,1.000
0.11241233,0.20235921,0.24446446,0.11640815,0.14396998,0.18038583,1.0,1.0,1.0,1.0,1.59675313,1.61474425,1.59301243,1.61474425,1.57822772,1.60102828,1.57234941,1.60102828,1.57021196,1.59408125,1.55311154,1.59408125,1.54438322,1.5780497,1.53975195,1.5780497,1.5597023,1.59639708,1.55489286,1.59639708,8955.3783007452,0.0501693673432577,1.000,1.051,1.000,1.000,1.000,1.000
0.1093716,0.20302396,0.24825968,0.11265948,0.14379807,0.18288727,1.0,1.0,1.0,1.0,1.57822772,1.60102828,1.57234941,1.60102828,1.57021196,1.59408125,1.55311154,1.59408125,1.54438322,1.5780497,1.53975195,1.5780497,1.5597023,1.59639708,1.55489286,1.59639708,1.57217134,1.58499669,1.5634429,1.58499669,8772.60678313544,-0.020620278372348,1.000,0.980,1.000,1.000,1.000,1.000
0.10756481,0.20280755,0.2497495,0.11049169,0.14472151,0.18466501,1.0,1.0,1.0,1.0,1.57021196,1.59408125,1.55311154,1.59408125,1.54438322,1.5780497,1.53975195,1.5780497,1.5597023,1.59639708,1.55489286,1.59639708,1.57217134,1.58499669,1.5634429,1.58499669,1.56112747,1.58303747,1.55988057,1.58303747,8565.4444799413,-0.0238979755434514,1.000,0.976,1.000,1.000,1.000,1.000
0.1059915,0.20252195,0.25108537,0.10860976,0.14534897,0.1864425,1.0,1.0,1.0,1.0,1.54438322,1.5780497,1.53975195,1.5780497,1.5597023,1.59639708,1.55489286,1.59639708,1.57217134,1.58499669,1.5634429,1.58499669,1.56112747,1.58303747,1.55988057,1.58303747,1.57128083,1.58428435,1.56540252,1.58428435,8427.129851988138,-0.0162797796314715,1.000,0.984,1.000,1.000,1.000,1.000
0.10436483,0.20196037,0.25225577,0.10691932,0.14649469,0.18800497,1.0,1.0,1.0,1.0,1.5597023,1.59639708,1.55489286,1.59639708,1.57217134,1.58499669,1.5634429,1.58499669,1.56112747,1.58303747,1.55988057,1.58303747,1.57128083,1.58428435,1.56540252,1.58428435,1.573062,1.5755558,1.55738665,1.5755558,8107.363237928056,-0.0386835552427451,1.000,0.962,1.000,1.000,1.000,1.000
0.10377508,0.20096913,0.2509965,0.10658251,0.14864852,0.18902825,1.0,1.0,1.0,1.0,1.57217134,1.58499669,1.5634429,1.58499669,1.56112747,1.58303747,1.55988057,1.58303747,1.57128083,1.58428435,1.56540252,1.58428435,1.573062,1.5755558,1.55738665,1.5755558,1.54491773,1.56362125,1.52781717,1.56362125,8466.684017619009,0.0433662442096519,1.000,1.044,1.000,1.000,1.000,1.000
0.10342107,0.20036997,0.24949822,0.10655479,0.15030804,0.18984793,1.0,1.0,1.0,1.0,1.56112747,1.58303747,1.55988057,1.58303747,1.57128083,1.58428435,1.56540252,1.58428435,1.573062,1.5755558,1.55738665,1.5755558,1.54491773,1.56362125,1.52781717,1.56362125,1.54456115,1.55364579,1.53155777,1.55364579,8374.980716816695,-0.01089015944053,1.000,0.989,1.000,1.000,1.000,1.000
0.10339639,0.1998123,0.24797827,0.10679647,0.15155935,0.19045724,1.0,1.0,1.0,1.0,1.57128083,1.58428435,1.56540252,1.58428435,1.573062,1.5755558,1.55738665,1.5755558,1.54491773,1.56362125,1.52781717,1.56362125,1.54456115,1.55364579,1.53155777,1.55364579,1.49361626,1.52140456,1.49343809,1.52140456,8725.407969392134,0.0409904504260927,1.000,1.042,1.000,1.000,1.000,1.000
0.10389663,0.19976911,0.24763143,0.10684743,0.15070735,0.19114806,1.0,1.0,1.0,1.0,1.573062,1.5755558,1.55738665,1.5755558,1.54491773,1.56362125,1.52781717,1.56362125,1.54456115,1.55364579,1.53155777,1.55364579,1.49361626,1.52140456,1.49343809,1.52140456,1.51214152,1.51997927,1.49664421,1.51997927,8577.386848307067,-0.017109921688198,1.000,0.983,1.000,1.000,1.000,1.000
