Action_Cash,Action_AAPL,Action_V,Action_SNE,Action_ADBE,Action_BABA,State_Cash_close_L1,State_Cash_high_L1,State_Cash_low_L1,State_Cash_open_L1,State_AAPL_close_L1,State_AAPL_high_L1,State_AAPL_low_L1,State_AAPL_open_L1,State_V_close_L1,State_V_high_L1,State_V_low_L1,State_V_open_L1,State_SNE_close_L1,State_SNE_high_L1,State_SNE_low_L1,State_SNE_open_L1,State_ADBE_close_L1,State_ADBE_high_L1,State_ADBE_low_L1,State_ADBE_open_L1,State_BABA_close_L1,State_BABA_high_L1,State_BABA_low_L1,State_BABA_open_L1,Wealth,Return,Price_Cash,Price_AAPL,Price_V,Price_SNE,Price_ADBE,Price_BABA
0.16665669,0.16662838,0.16677918,0.16664724,0.16660482,0.16668373,1.0,1.0,1.0,1.0,1.02292343,1.04686775,1.01076566,1.04686775,1.01902552,1.02542923,1.00696056,1.02542923,0.99136891,1.02143852,0.98988399,1.02143852,0.98366589,0.99842227,0.97633411,0.99842227,1.00900232,1.01039443,0.98839907,1.01039443,10022.5169495819,0.0022491636921449,1.000,1.026,1.000,1.000,1.000,1.000
0.1666571,0.16662917,0.16677833,0.1666477,0.16660433,0.1666834,1.0,1.0,1.0,1.0,1.01902552,1.02542923,1.00696056,1.02542923,0.99136891,1.02143852,0.98988399,1.02143852,0.98366589,0.99842227,0.97633411,0.99842227,1.00900232,1.01039443,0.98839907,1.01039443,1.01670534,1.03071926,1.00482599,1.03071926,10031.04579697826,0.0008506067493731,1.000,1.005,1.000,1.000,1.000,1.000
0.16665727,0.16662894,0.16677806,0.16664915,0.16660373,0.1666829,1.0,1.0,1.0,1.0,0.99136891,1.02143852,0.98988399,1.02143852,0.98366589,0.99842227,0.97633411,0.99842227,1.00900232,1.01039443,0.98839907,1.01039443,1.01670534,1.03071926,1.00482599,1.03071926,1.04315545,1.0438051,1.01828306,1.0438051,10032.80461459437,0.0001753220428318,1.000,1.001,1.000,1.000,1.000,1.000
0.16665687,0.16662836,0.16677839,0.16665027,0.16660377,0.16668235,1.0,1.0,1.0,1.0,0.98366589,0.99842227,0.97633411,0.99842227,1.00900232,1.01039443,0.98839907,1.01039443,1.01670534,1.03071926,1.00482599,1.03071926,1.04315545,1.0438051,1.01828306,1.0438051,1.04853828,1.05568445,1.03508121,1.05568445,9974.26849262,-0.0058515594647259,1.000,0.965,1.000,1.000,1.000,1.000
0.16665657,0.16662827,0.16677885,0.16665019,0.16660404,0.16668208,1.0,1.0,1.0,1.0,1.00900232,1.01039443,0.98839907,1.01039443,1.01670534,1.03071926,1.00482599,1.03071926,1.04315545,1.0438051,1.01828306,1.0438051,1.04853828,1.05568445,1.03508121,1.05568445,1.04965197,1.06134571,1.04686775,1.06134571,10068.10494699216,0.0093638750223309,1.000,1.057,1.000,1.000,1.000,1.000
0.16665657,0.16662754,0.16677919,0.16665016,0.16660464,0.1666818,1.0,1.0,1.0,1.0,1.01670534,1.03071926,1.00482599,1.03071926,1.04315545,1.0438051,1.01828306,1.0438051,1.04853828,1.05568445,1.03508121,1.05568445,1.04965197,1.06134571,1.04686775,1.06134571,1.01290023,1.04389791,1.01187935,1.04389791,10120.139397302495,0.0051549371654579,1.000,1.031,1.000,1.000,1.000,1.000
0.16665605,0.16662781,0.16678146,0.16664863,0.16660437,0.16668175,1.0,1.0,1.0,1.0,1.04315545,1.0438051,1.01828306,1.0438051,1.04853828,1.05568445,1.03508121,1.05568445,1.04965197,1.06134571,1.04686775,1.06134571,1.01290023,1.04389791,1.01187935,1.04389791,1.07016241,1.0962413,1.07016241,1.0962413,10095.354672047732,-0.0024520536167016,1.000,0.985,1.000,1.000,1.000,1.000
0.16665661,0.16662797,0.16678023,0.16664861,0.16660535,0.16668122,1.0,1.0,1.0,1.0,1.04853828,1.05568445,1.03508121,1.05568445,1.04965197,1.06134571,1.04686775,1.06134571,1.01290023,1.04389791,1.01187935,1.04389791,1.07016241,1.0962413,1.07016241,1.0962413,1.10348028,1.10617169,1.0724826,1.10617169,10116.410332152742,0.0020835060884105,1.000,1.013,1.000,1.000,1.000,1.000
0.1666572,0.16662815,0.16677813,0.16665046,0.16660471,0.16668135,1.0,1.0,1.0,1.0,1.04965197,1.06134571,1.04686775,1.06134571,1.01290023,1.04389791,1.01187935,1.04389791,1.07016241,1.0962413,1.07016241,1.0962413,1.10348028,1.10617169,1.0724826,1.10617169,1.08733179,1.1136891,1.08445476,1.1136891,10116.651575275151,2.384642754773868e-05,1.000,1.000,1.000,1.000,1.000,1.000
0.16665676,0.16662665,0.16677925,0.16665149,0.16660497,0.16668089,1.0,1.0,1.0,1.0,1.01290023,1.04389791,1.01187935,1.04389791,1.07016241,1.0962413,1.07016241,1.0962413,1.10348028,1.10617169,1.0724826,1.10617169,1.08733179,1.1136891,1.08445476,1.1136891,1.10097448,1.10598608,1.07730858,1.10598608,10129.580683622931,0.0012771867812195,1.000,1.008,1.000,1.000,1.000,1.000
0.1666561,0.16662651,0.1667813,0.16664945,0.16660611,0.16668053,1.0,1.0,1.0,1.0,1.07016241,1.0962413,1.07016241,1.0962413,1.10348028,1.10617169,1.0724826,1.10617169,1.08733179,1.1136891,1.08445476,1.1136891,1.10097448,1.10598608,1.07730858,1.10598608,1.10116009,1.10524362,1.09150812,1.10524362,10134.919443308816,0.0005269076242652,1.000,1.003,1.000,1.000,1.000,1.000
0.16665608,0.16662714,0.1667814,0.16664873,0.16660641,0.16668026,1.0,1.0,1.0,1.0,1.10348028,1.10617169,1.0724826,1.10617169,1.08733179,1.1136891,1.08445476,1.1136891,1.10097448,1.10598608,1.07730858,1.10598608,1.10116009,1.10524362,1.09150812,1.10524362,1.10960557,1.11842227,1.09800464,1.11842227,10120.68864855177,-0.0014051216861926,1.000,0.992,1.000,1.000,1.000,1.000
0.16665623,0.16662683,0.16678108,0.16664916,0.16660625,0.16668043,1.0,1.0,1.0,1.0,1.08733179,1.1136891,1.08445476,1.1136891,1.10097448,1.10598608,1.07730858,1.10598608,1.10116009,1.10524362,1.09150812,1.10524362,1.10960557,1.11842227,1.09800464,1.11842227,1.11313225,1.11582367,1.10672854,1.11582367,10131.86160271394,0.0011033628019245,1.000,1.007,1.000,1.000,1.000,1.000
0.16665623,0.16662678,0.1667808,0.1666494,0.16660641,0.16668037,1.0,1.0,1.0,1.0,1.10097448,1.10598608,1.07730858,1.10598608,1.10116009,1.10524362,1.09150812,1.10524362,1.10960557,1.11842227,1.09800464,1.11842227,1.11313225,1.11582367,1.10672854,1.11582367,1.1037587,1.11600928,1.09930394,1.11600928,10164.272728499114,0.0031938252681136,1.000,1.019,1.000,1.000,1.000,1.000
0.16665612,0.16662663,0.16678119,0.16664936,0.1666065,0.16668023,1.0,1.0,1.0,1.0,1.10116009,1.10524362,1.09150812,1.10524362,1.10960557,1.11842227,1.09800464,1.11842227,1.11313225,1.11582367,1.10672854,1.11582367,1.1037587,1.11600928,1.09930394,1.11600928,1.11109049,1.11220418,1.09911833,1.11220418,10203.903293061434,0.0038914249888108,1.000,1.023,1.000,1.000,1.000,1.000
0.16665609,0.16662674,0.1667817,0.16664882,0.16660672,0.16667996,1.0,1.0,1.0,1.0,1.10960557,1.11842227,1.09800464,1.11842227,1.11313225,1.11582367,1.10672854,1.11582367,1.1037587,1.11600928,1.09930394,1.11600928,1.11109049,1.11220418,1.09911833,1.11220418,1.13243619,1.13364269,1.11517401,1.13364269,10225.33363557892,0.0020980079141534,1.000,1.013,1.000,1.000,1.000,1.000
0.16665646,0.16662711,0.16678105,0.16664901,0.16660666,0.16667977,1.0,1.0,1.0,1.0,1.11313225,1.11582367,1.10672854,1.11582367,1.1037587,1.11600928,1.09930394,1.11600928,1.11109049,1.11220418,1.09911833,1.11220418,1.13243619,1.13364269,1.11517401,1.13364269,1.15897912,1.15935035,1.13689095,1.15935035,10233.643977750724,0.0008123908032867,1.000,1.005,1.000,1.000,1.000,1.000
0.1666568,0.16662678,0.16678049,0.16664976,0.16660652,0.1666797,1.0,1.0,1.0,1.0,1.1037587,1.11600928,1.09930394,1.11600928,1.11109049,1.11220418,1.09911833,1.11220418,1.13243619,1.13364269,1.11517401,1.13364269,1.15897912,1.15935035,1.13689095,1.15935035,1.17364269,1.18310905,1.16538283,1.18310905,10243.691796951118,0.0009813600868137,1.000,1.006,1.000,1.000,1.000,1.000
0.16665672,0.1666263,0.16678034,0.16665035,0.16660696,0.16667934,1.0,1.0,1.0,1.0,1.11109049,1.11220418,1.09911833,1.11220418,1.13243619,1.13364269,1.11517401,1.13364269,1.15897912,1.15935035,1.13689095,1.15935035,1.17364269,1.18310905,1.16538283,1.18310905,1.17939675,1.1812529,1.16612529,1.1812529,10255.55585530625,0.0011575117176049,1.000,1.007,1.000,1.000,1.000,1.000
0.16665642,0.16662581,0.1667816,0.16664998,0.16660742,0.16667871,1.0,1.0,1.0,1.0,1.13243619,1.13364269,1.11517401,1.13364269,1.15897912,1.15935035,1.13689095,1.15935035,1.17364269,1.18310905,1.16538283,1.18310905,1.17939675,1.1812529,1.16612529,1.1812529,1.18635731,1.19610209,1.17791183,1.19610209,10251.94723222623,-0.0003519319833196,1.000,0.998,1.000,1.000,1.000,1.000
0.16665615,0.16662566,0.16678235,0.1666491,0.16660808,0.16667865,1.0,1.0,1.0,1.0,1.15897912,1.15935035,1.13689095,1.15935035,1.17364269,1.18310905,1.16538283,1.18310905,1.17939675,1.1812529,1.16612529,1.1812529,1.18635731,1.19610209,1.17791183,1.19610209,1.19461717,1.19517401,1.18283063,1.19517401,10265.904592993977,0.0013605091838604,1.000,1.008,1.000,1.000,1.000,1.000
0.16665605,0.1666256,0.16678262,0.16664872,0.16660821,0.16667879,1.0,1.0,1.0,1.0,1.17364269,1.18310905,1.16538283,1.18310905,1.17939675,1.1812529,1.16612529,1.1812529,1.18635731,1.19610209,1.17791183,1.19610209,1.19461717,1.19517401,1.18283063,1.19517401,1.19211137,1.1974942,1.19099768,1.1974942,10312.107789818314,0.0044905478338231,1.000,1.027,1.000,1.000,1.000,1.000
0.166656,0.16662554,0.16678289,0.16664873,0.16660823,0.16667861,1.0,1.0,1.0,1.0,1.17939675,1.1812529,1.16612529,1.1812529,1.18635731,1.19610209,1.17791183,1.19610209,1.19461717,1.19517401,1.18283063,1.19517401,1.19211137,1.1974942,1.19099768,1.1974942,1.20185615,1.20185615,1.18839907,1.20185615,10301.289522079363,-0.0010496347175089,1.000,0.994,1.000,1.000,1.000,1.000
0.16665587,0.16662517,0.1667841,0.16664863,0.16660741,0.16667883,1.0,1.0,1.0,1.0,1.18635731,1.19610209,1.17791183,1.19610209,1.19461717,1.19517401,1.18283063,1.19517401,1.19211137,1.1974942,1.19099768,1.1974942,1.20185615,1.20185615,1.18839907,1.20185615,1.23433875,1.23433875,1.20334107,1.23433875,10257.373121065895,-0.0042723078416956,1.000,0.974,1.000,1.000,1.000,1.000
0.16665618,0.1666253,0.16678402,0.16664854,0.16660774,0.16667826,1.0,1.0,1.0,1.0,1.19461717,1.19517401,1.18283063,1.19517401,1.19211137,1.1974942,1.19099768,1.1974942,1.20185615,1.20185615,1.18839907,1.20185615,1.23433875,1.23433875,1.20334107,1.23433875,1.22663573,1.23990719,1.21735499,1.23990719,10278.781742156538,0.0020849695562464,1.000,1.013,1.000,1.000,1.000,1.000
0.16665606,0.1666251,0.16678366,0.16664898,0.16660793,0.16667823,1.0,1.0,1.0,1.0,1.19211137,1.1974942,1.19099768,1.1974942,1.20185615,1.20185615,1.18839907,1.20185615,1.23433875,1.23433875,1.20334107,1.23433875,1.22663573,1.23990719,1.21735499,1.23990719,1.19526682,1.22134571,1.18932715,1.22134571,10253.127894915677,-0.002498925920114,1.000,0.985,1.000,1.000,1.000,1.000
0.16665553,0.16662431,0.16678506,0.1666482,0.16660836,0.16667856,1.0,1.0,1.0,1.0,1.20185615,1.20185615,1.18839907,1.20185615,1.23433875,1.23433875,1.20334107,1.23433875,1.22663573,1.23990719,1.21735499,1.23990719,1.19526682,1.22134571,1.18932715,1.22134571,1.21030162,1.21457077,1.1750348,1.21457077,10261.454256178877,0.0008117505547113,1.000,1.005,1.000,1.000,1.000,1.000
0.16665535,0.16662459,0.16678523,0.16664615,0.16660976,0.16667895,1.0,1.0,1.0,1.0,1.23433875,1.23433875,1.20334107,1.23433875,1.22663573,1.23990719,1.21735499,1.23990719,1.19526682,1.22134571,1.18932715,1.22134571,1.21030162,1.21457077,1.1750348,1.21457077,1.19220418,1.21178654,1.19016241,1.21178654,10265.014302938564,0.0003468737727711,1.000,1.002,1.000,1.000,1.000,1.000
0.1666554,0.16662532,0.16678448,0.16664666,0.16660927,0.16667883,1.0,1.0,1.0,1.0,1.22663573,1.23990719,1.21735499,1.23990719,1.19526682,1.22134571,1.18932715,1.22134571,1.21030162,1.21457077,1.1750348,1.21457077,1.19220418,1.21178654,1.19016241,1.21178654,1.19805104,1.20909513,1.19071926,1.20909513,10254.165447594649,-0.0010574356759595,1.000,0.994,1.000,1.000,1.000,1.000
0.16665575,0.16662505,0.166784,0.1666476,0.16660878,0.1666788,1.0,1.0,1.0,1.0,1.19526682,1.22134571,1.18932715,1.22134571,1.21030162,1.21457077,1.1750348,1.21457077,1.19220418,1.21178654,1.19016241,1.21178654,1.19805104,1.20909513,1.19071926,1.20909513,1.20055684,1.20204176,1.1887703,1.20204176,10225.830983673226,-0.0027670397399825,1.000,0.983,1.000,1.000,1.000,1.000
0.16665584,0.16662543,0.16678363,0.16664737,0.16660902,0.16667876,1.0,1.0,1.0,1.0,1.21030162,1.21457077,1.1750348,1.21457077,1.19220418,1.21178654,1.19016241,1.21178654,1.19805104,1.20909513,1.19071926,1.20909513,1.20055684,1.20204176,1.1887703,1.20204176,1.19294664,1.20241299,1.19090487,1.20241299,10228.334493684202,0.0002447921941619,1.000,1.002,1.000,1.000,1.000,1.000
0.16665569,0.16662513,0.1667836,0.166648,0.16660862,0.16667892,1.0,1.0,1.0,1.0,1.19220418,1.21178654,1.19016241,1.21178654,1.19805104,1.20909513,1.19071926,1.20909513,1.20055684,1.20204176,1.1887703,1.20204176,1.19294664,1.20241299,1.19090487,1.20241299,1.17317865,1.19489559,1.16714617,1.19489559,10235.599235005331,0.0007100044128981,1.000,1.004,1.000,1.000,1.000,1.000
0.16665557,0.16662505,0.16678414,0.16664767,0.16660866,0.166679,1.0,1.0,1.0,1.0,1.19805104,1.20909513,1.19071926,1.20909513,1.20055684,1.20204176,1.1887703,1.20204176,1.19294664,1.20241299,1.19090487,1.20241299,1.17317865,1.19489559,1.16714617,1.19489559,1.174942,1.20064965,1.17178654,1.20064965,10200.306140910188,-0.0034540313760628,1.000,0.979,1.000,1.000,1.000,1.000
0.16665556,0.16662516,0.16678393,0.16664754,0.1666089,0.1666789,1.0,1.0,1.0,1.0,1.20055684,1.20204176,1.1887703,1.20204176,1.19294664,1.20241299,1.19090487,1.20241299,1.17317865,1.19489559,1.16714617,1.19489559,1.174942,1.20064965,1.17178654,1.20064965,1.1799536,1.2025058,1.16064965,1.2025058,10169.246805001643,-0.0030495868085026,1.000,0.982,1.000,1.000,1.000,1.000
0.1666557,0.16662526,0.16678317,0.16664787,0.16660868,0.16667925,1.0,1.0,1.0,1.0,1.19294664,1.20241299,1.19090487,1.20241299,1.17317865,1.19489559,1.16714617,1.19489559,1.174942,1.20064965,1.17178654,1.20064965,1.1799536,1.2025058,1.16064965,1.2025058,1.15554524,1.18069606,1.14895592,1.18069606,10199.81684701728,0.0030016171081931,1.000,1.018,1.000,1.000,1.000,1.000
0.16665539,0.16662496,0.1667834,0.16664822,0.16660836,0.16667964,1.0,1.0,1.0,1.0,1.17317865,1.19489559,1.16714617,1.19489559,1.174942,1.20064965,1.17178654,1.20064965,1.1799536,1.2025058,1.16064965,1.2025058,1.15554524,1.18069606,1.14895592,1.18069606,1.13447796,1.15795824,1.13327146,1.15795824,10188.009344707018,-0.0011582896106076,1.000,0.993,1.000,1.000,1.000,1.000
0.16665533,0.16662528,0.16678403,0.16664734,0.16660857,0.16667941,1.0,1.0,1.0,1.0,1.174942,1.20064965,1.17178654,1.20064965,1.1799536,1.2025058,1.16064965,1.2025058,1.15554524,1.18069606,1.14895592,1.18069606,1.13447796,1.15795824,1.13327146,1.15795824,1.1549884,1.15916473,1.12881671,1.15916473,10206.665978156145,0.0018295597608565,1.000,1.011,1.000,1.000,1.000,1.000
0.16665569,0.16662583,0.16678342,0.16664693,0.16660878,0.1666793,1.0,1.0,1.0,1.0,1.1799536,1.2025058,1.16064965,1.2025058,1.15554524,1.18069606,1.14895592,1.18069606,1.13447796,1.15795824,1.13327146,1.15795824,1.1549884,1.15916473,1.12881671,1.15916473,1.14700696,1.1638051,1.13763341,1.1638051,10235.07446544892,0.0027794605513222,1.000,1.017,1.000,1.000,1.000,1.000
0.16665588,0.16662614,0.16678235,0.16664822,0.16660787,0.16667952,1.0,1.0,1.0,1.0,1.15554524,1.18069606,1.14895592,1.18069606,1.13447796,1.15795824,1.13327146,1.15795824,1.1549884,1.15916473,1.12881671,1.15916473,1.14700696,1.1638051,1.13763341,1.1638051,1.15962877,1.15962877,1.14032483,1.15962877,10254.212912769388,0.0018681423646624,1.000,1.011,1.000,1.000,1.000,1.000
0.16665609,0.16662598,0.16678235,0.16664895,0.1666076,0.16667901,1.0,1.0,1.0,1.0,1.13447796,1.15795824,1.13327146,1.15795824,1.1549884,1.15916473,1.12881671,1.15916473,1.14700696,1.1638051,1.13763341,1.1638051,1.15962877,1.15962877,1.14032483,1.15962877,1.17902552,1.18162413,1.16612529,1.18162413,10241.27304353576,-0.0012627044784902,1.000,0.992,1.000,1.000,1.000,1.000
0.16665639,0.16662623,0.16678205,0.16664878,0.16660772,0.16667886,1.0,1.0,1.0,1.0,1.1549884,1.15916473,1.12881671,1.15916473,1.14700696,1.1638051,1.13763341,1.1638051,1.15962877,1.15962877,1.14032483,1.15962877,1.17902552,1.18162413,1.16612529,1.18162413,1.19229698,1.1987007,1.17280742,1.1987007,10219.833032374452,-0.0020956852409272,1.000,0.987,1.000,1.000,1.000,1.000
0.1666564,0.16662583,0.16678193,0.16664933,0.16660766,0.16667892,1.0,1.0,1.0,1.0,1.14700696,1.1638051,1.13763341,1.1638051,1.15962877,1.15962877,1.14032483,1.15962877,1.17902552,1.18162413,1.16612529,1.18162413,1.19229698,1.1987007,1.17280742,1.1987007,1.18329466,1.19953596,1.18236659,1.19953596,10237.508898571376,0.0017280710910804,1.000,1.010,1.000,1.000,1.000,1.000
0.16665594,0.16662532,0.1667825,0.16664955,0.1666079,0.16667876,1.0,1.0,1.0,1.0,1.15962877,1.15962877,1.14032483,1.15962877,1.17902552,1.18162413,1.16612529,1.18162413,1.19229698,1.1987007,1.17280742,1.1987007,1.18329466,1.19953596,1.18236659,1.19953596,1.16844548,1.19164733,1.16157773,1.19164733,10230.499727438422,-0.0006848904097132,1.000,0.996,1.000,1.000,1.000,1.000
0.16665566,0.16662516,0.1667835,0.1666484,0.1666084,0.16667894,1.0,1.0,1.0,1.0,1.17902552,1.18162413,1.16612529,1.18162413,1.19229698,1.1987007,1.17280742,1.1987007,1.18329466,1.19953596,1.18236659,1.19953596,1.16844548,1.19164733,1.16157773,1.19164733,1.18060325,1.18654292,1.17419954,1.18654292,10185.949473958468,-0.0043641598741037,1.000,0.974,1.000,1.000,1.000,1.000
0.16665569,0.16662548,0.16678323,0.1666476,0.166609,0.16667895,1.0,1.0,1.0,1.0,1.19229698,1.1987007,1.17280742,1.1987007,1.18329466,1.19953596,1.18236659,1.19953596,1.16844548,1.19164733,1.16157773,1.19164733,1.18060325,1.18654292,1.17419954,1.18654292,1.17577726,1.18830626,1.17457077,1.18830626,10197.687574031548,0.0011517180513908,1.000,1.007,1.000,1.000,1.000,1.000
0.16665587,0.16662556,0.16678281,0.16664828,0.16660833,0.16667916,1.0,1.0,1.0,1.0,1.18329466,1.19953596,1.18236659,1.19953596,1.16844548,1.19164733,1.16157773,1.19164733,1.18060325,1.18654292,1.17419954,1.18654292,1.17577726,1.18830626,1.17457077,1.18830626,1.145058,1.17698376,1.145058,1.17698376,10184.12415125602,-0.0013309341642943,1.000,0.992,1.000,1.000,1.000,1.000
0.16665547,0.16662504,0.1667833,0.16664842,0.1666082,0.16667959,1.0,1.0,1.0,1.0,1.16844548,1.19164733,1.16157773,1.19164733,1.18060325,1.18654292,1.17419954,1.18654292,1.17577726,1.18830626,1.17457077,1.18830626,1.145058,1.17698376,1.145058,1.17698376,1.15303944,1.15897912,1.13781903,1.15897912,10227.053895409554,0.0042064997284884,1.000,1.025,1.000,1.000,1.000,1.000
0.16665551,0.16662541,0.16678326,0.16664754,0.16660883,0.16667946,1.0,1.0,1.0,1.0,1.18060325,1.18654292,1.17419954,1.18654292,1.17577726,1.18830626,1.17457077,1.18830626,1.145058,1.17698376,1.145058,1.17698376,1.15303944,1.15897912,1.13781903,1.15897912,1.14385151,1.15730858,1.14069606,1.15730858,10200.804714118369,-0.0025699410045892,1.000,0.985,1.000,1.000,1.000,1.000
0.1666558,0.16662624,0.16678292,0.16664766,0.16660833,0.16667905,1.0,1.0,1.0,1.0,1.17577726,1.18830626,1.17457077,1.18830626,1.145058,1.17698376,1.145058,1.17698376,1.15303944,1.15897912,1.13781903,1.15897912,1.14385151,1.15730858,1.14069606,1.15730858,1.17280742,1.17308585,1.15081206,1.17308585,10198.29241597587,-0.0002463146421804,1.000,0.999,1.000,1.000,1.000,1.000
0.16665615,0.1666259,0.16678208,0.16664861,0.16660792,0.16667925,1.0,1.0,1.0,1.0,1.145058,1.17698376,1.145058,1.17698376,1.15303944,1.15897912,1.13781903,1.15897912,1.14385151,1.15730858,1.14069606,1.15730858,1.17280742,1.17308585,1.15081206,1.17308585,1.15480278,1.17392111,1.15415313,1.17392111,10212.92120053296,0.0014334068847349,1.000,1.009,1.000,1.000,1.000,1.000
0.16665608,0.16662595,0.16678166,0.16664925,0.16660765,0.16667946,1.0,1.0,1.0,1.0,1.15303944,1.15897912,1.13781903,1.15897912,1.14385151,1.15730858,1.14069606,1.15730858,1.17280742,1.17308585,1.15081206,1.17308585,1.15480278,1.17392111,1.15415313,1.17392111,1.15313225,1.1612065,1.1424594,1.1612065,10240.45783717351,0.0026926263114807,1.000,1.016,1.000,1.000,1.000,1.000
0.16665585,0.1666255,0.16678257,0.16664901,0.16660792,0.16667914,1.0,1.0,1.0,1.0,1.14385151,1.15730858,1.14069606,1.15730858,1.17280742,1.17308585,1.15081206,1.17308585,1.15480278,1.17392111,1.15415313,1.17392111,1.15313225,1.1612065,1.1424594,1.1612065,1.16306265,1.16529002,1.15257541,1.16529002,10222.447198180744,-0.0017603212850269,1.000,0.989,1.000,1.000,1.000,1.000
0.16665597,0.16662608,0.16678262,0.16664818,0.16660826,0.16667885,1.0,1.0,1.0,1.0,1.17280742,1.17308585,1.15081206,1.17308585,1.15480278,1.17392111,1.15415313,1.17392111,1.15313225,1.1612065,1.1424594,1.1612065,1.16306265,1.16529002,1.15257541,1.16529002,1.18190255,1.18338747,1.15387471,1.18338747,10216.868226771128,-0.0005459059104647,1.000,0.997,1.000,1.000,1.000,1.000
0.16665624,0.16662595,0.16678213,0.16664867,0.16660796,0.16667908,1.0,1.0,1.0,1.0,1.15480278,1.17392111,1.15415313,1.17392111,1.15313225,1.1612065,1.1424594,1.1612065,1.16306265,1.16529002,1.15257541,1.16529002,1.18190255,1.18338747,1.15387471,1.18338747,1.16946636,1.18904872,1.16918794,1.18904872,10229.869941927987,0.0012717644058416,1.000,1.008,1.000,1.000,1.000,1.000
0.16665594,0.16662565,0.16678202,0.16664933,0.16660787,0.16667916,1.0,1.0,1.0,1.0,1.15313225,1.1612065,1.1424594,1.1612065,1.16306265,1.16529002,1.15257541,1.16529002,1.18190255,1.18338747,1.15387471,1.18338747,1.16946636,1.18904872,1.16918794,1.18904872,1.16566125,1.17308585,1.15981439,1.17308585,10237.116469026085,0.0007081186507284,1.000,1.004,1.000,1.000,1.000,1.000
0.16665587,0.16662541,0.16678275,0.16664895,0.16660807,0.16667895,1.0,1.0,1.0,1.0,1.16306265,1.16529002,1.15257541,1.16529002,1.18190255,1.18338747,1.15387471,1.18338747,1.16946636,1.18904872,1.16918794,1.18904872,1.16566125,1.17308585,1.15981439,1.17308585,1.17457077,1.17475638,1.15693735,1.17475638,10233.747176636463,-0.0003291793134245,1.000,0.998,1.000,1.000,1.000,1.000
0.1666559,0.16662574,0.16678278,0.16664796,0.16660868,0.16667894,1.0,1.0,1.0,1.0,1.18190255,1.18338747,1.15387471,1.18338747,1.16946636,1.18904872,1.16918794,1.18904872,1.16566125,1.17308585,1.15981439,1.17308585,1.17457077,1.17475638,1.15693735,1.17475638,1.17958237,1.18060325,1.1625058,1.18060325,10226.347577229391,-0.0007233201819158,1.000,0.996,1.000,1.000,1.000,1.000
0.16665597,0.16662581,0.16678268,0.1666483,0.16660829,0.166679,1.0,1.0,1.0,1.0,1.16946636,1.18904872,1.16918794,1.18904872,1.16566125,1.17308585,1.15981439,1.17308585,1.17457077,1.17475638,1.15693735,1.17475638,1.17958237,1.18060325,1.1625058,1.18060325,1.17726218,1.19322506,1.1750348,1.19322506,10232.809564597625,0.0006316963634736,1.000,1.004,1.000,1.000,1.000,1.000
0.16665593,0.16662562,0.16678245,0.16664888,0.16660812,0.16667897,1.0,1.0,1.0,1.0,1.16566125,1.17308585,1.15981439,1.17308585,1.17457077,1.17475638,1.15693735,1.17475638,1.17958237,1.18060325,1.1625058,1.18060325,1.17726218,1.19322506,1.1750348,1.19322506,1.17215777,1.18134571,1.16853828,1.18134571,10224.5929768457,-0.0008032875314551,1.000,0.995,1.000,1.000,1.000,1.000
0.16665585,0.1666255,0.16678272,0.16664873,0.16660826,0.16667895,1.0,1.0,1.0,1.0,1.17457077,1.17475638,1.15693735,1.17475638,1.17958237,1.18060325,1.1625058,1.18060325,1.17726218,1.19322506,1.1750348,1.19322506,1.17215777,1.18134571,1.16853828,1.18134571,1.17661253,1.17986079,1.16946636,1.17986079,10205.40275587298,-0.0018786324645118,1.000,0.989,1.000,1.000,1.000,1.000
0.16665584,0.1666256,0.16678275,0.16664825,0.16660859,0.16667892,1.0,1.0,1.0,1.0,1.17958237,1.18060325,1.1625058,1.18060325,1.17726218,1.19322506,1.1750348,1.19322506,1.17215777,1.18134571,1.16853828,1.18134571,1.17661253,1.17986079,1.16946636,1.17986079,1.17095128,1.17958237,1.17039443,1.17958237,10244.21204744717,0.0037956057891563,1.000,1.023,1.000,1.000,1.000,1.000
0.1666558,0.1666256,0.16678259,0.16664839,0.1666084,0.16667923,1.0,1.0,1.0,1.0,1.17726218,1.19322506,1.1750348,1.19322506,1.17215777,1.18134571,1.16853828,1.18134571,1.17661253,1.17986079,1.16946636,1.17986079,1.17095128,1.17958237,1.17039443,1.17958237,1.15777262,1.17067285,1.15508121,1.17067285,10234.901772273017,-0.0009092459661621,1.000,0.995,1.000,1.000,1.000,1.000
0.1666558,0.16662554,0.16678306,0.1666485,0.16660812,0.16667897,1.0,1.0,1.0,1.0,1.17215777,1.18134571,1.16853828,1.18134571,1.17661253,1.17986079,1.16946636,1.17986079,1.17095128,1.17958237,1.17039443,1.17958237,1.15777262,1.17067285,1.15508121,1.17067285,1.18422274,1.18904872,1.16167053,1.18904872,10257.862271603575,0.0022408406098031,1.000,1.013,1.000,1.000,1.000,1.000
0.16665597,0.16662572,0.16678262,0.1666481,0.16660863,0.16667894,1.0,1.0,1.0,1.0,1.17661253,1.17986079,1.16946636,1.17986079,1.17095128,1.17958237,1.17039443,1.17958237,1.15777262,1.17067285,1.15508121,1.17067285,1.18422274,1.18904872,1.16167053,1.18904872,1.17781903,1.18979118,1.17559165,1.18979118,10271.768664331736,0.0013547632588741,1.000,1.008,1.000,1.000,1.000,1.000
0.16665491,0.1666264,0.16678225,0.1666477,0.16660875,0.16667998,1.0,1.0,1.0,1.0,1.17095128,1.17958237,1.17039443,1.17958237,1.15777262,1.17067285,1.15508121,1.17067285,1.18422274,1.18904872,1.16167053,1.18904872,1.17781903,1.18979118,1.17559165,1.18979118,1.1936891,1.19600928,1.17234339,1.19600928,10279.791988045365,0.000780799498097,1.000,1.005,1.000,1.000,1.000,1.000
0.16665405,0.16662379,0.16678391,0.16664708,0.16661063,0.16668047,1.0,1.0,1.0,1.0,1.15777262,1.17067285,1.15508121,1.17067285,1.18422274,1.18904872,1.16167053,1.18904872,1.17781903,1.18979118,1.17559165,1.18979118,1.1936891,1.19600928,1.17234339,1.19600928,1.20343387,1.21039443,1.18923434,1.21039443,10310.935057244724,0.0030249629241828,1.000,1.018,1.000,1.000,1.000,1.000
0.16665278,0.1666242,0.166786,0.16664256,0.16661407,0.16668038,1.0,1.0,1.0,1.0,1.18422274,1.18904872,1.16167053,1.18904872,1.17781903,1.18979118,1.17559165,1.18979118,1.1936891,1.19600928,1.17234339,1.19600928,1.20343387,1.21039443,1.18923434,1.21039443,1.20909513,1.21234339,1.19935035,1.21234339,10283.801952946043,-0.002634956686653,1.000,0.984,1.000,1.000,1.000,1.000
0.16665164,0.16662525,0.16678989,0.16663803,0.16661337,0.1666819,1.0,1.0,1.0,1.0,1.17781903,1.18979118,1.17559165,1.18979118,1.1936891,1.19600928,1.17234339,1.19600928,1.20343387,1.21039443,1.18923434,1.21039443,1.20909513,1.21234339,1.19935035,1.21234339,1.23109049,1.23554524,1.21716937,1.23554524,10258.548253933508,-0.0024586974207105,1.000,0.985,1.000,1.000,1.000,1.000
0.16665106,0.16662806,0.166792,0.16663183,0.16661423,0.16668275,1.0,1.0,1.0,1.0,1.1936891,1.19600928,1.17234339,1.19600928,1.20343387,1.21039443,1.18923434,1.21039443,1.20909513,1.21234339,1.19935035,1.21234339,1.23109049,1.23554524,1.21716937,1.23554524,1.21169374,1.24863109,1.2025058,1.24863109,10212.12123668878,-0.0045359627215707,1.000,0.973,1.000,1.000,1.000,1.000
0.1666516,0.16662997,0.16679464,0.16662559,0.1666126,0.16668564,1.0,1.0,1.0,1.0,1.20343387,1.21039443,1.18923434,1.21039443,1.20909513,1.21234339,1.19935035,1.21234339,1.23109049,1.23554524,1.21716937,1.23554524,1.21169374,1.24863109,1.2025058,1.24863109,1.19387471,1.2212529,1.19071926,1.2212529,10263.694107427931,0.0050374531056776,1.000,1.030,1.000,1.000,1.000,1.000
0.16665307,0.16663145,0.16679725,0.16662198,0.16660619,0.16669004,1.0,1.0,1.0,1.0,1.20909513,1.21234339,1.19935035,1.21234339,1.23109049,1.23554524,1.21716937,1.23554524,1.21169374,1.24863109,1.2025058,1.24863109,1.19387471,1.2212529,1.19071926,1.2212529,1.16148492,1.18682135,1.1561949,1.18682135,10260.27149083618,-0.000333523909606,1.000,0.998,1.000,1.000,1.000,1.000
0.16665772,0.1666322,0.16679649,0.16662009,0.16659947,0.16669402,1.0,1.0,1.0,1.0,1.23109049,1.23554524,1.21716937,1.23554524,1.21169374,1.24863109,1.2025058,1.24863109,1.19387471,1.2212529,1.19071926,1.2212529,1.16148492,1.18682135,1.1561949,1.18682135,1.19675174,1.20770302,1.16287703,1.20770302,10221.74081748654,-0.0037623958253467,1.000,0.977,1.000,1.000,1.000,1.000
0.1666605,0.16662966,0.166797,0.16662249,0.16659126,0.1666991,1.0,1.0,1.0,1.0,1.21169374,1.24863109,1.2025058,1.24863109,1.19387471,1.2212529,1.19071926,1.2212529,1.16148492,1.18682135,1.1561949,1.18682135,1.19675174,1.20770302,1.16287703,1.20770302,1.19443155,1.21178654,1.19034803,1.21178654,10210.965456257209,-0.001054717087778,1.000,0.994,1.000,1.000,1.000,1.000
0.1666628,0.16662693,0.16679628,0.16663197,0.16657779,0.16670427,1.0,1.0,1.0,1.0,1.19387471,1.2212529,1.19071926,1.2212529,1.16148492,1.18682135,1.1561949,1.18682135,1.19675174,1.20770302,1.16287703,1.20770302,1.19443155,1.21178654,1.19034803,1.21178654,1.1675174,1.19211137,1.16733179,1.19211137,10214.347014065288,0.0003311144291073,1.000,1.002,1.000,1.000,1.000,1.000
0.16666283,0.166621,0.16679263,0.16664548,0.16656342,0.16671461,1.0,1.0,1.0,1.0,1.16148492,1.18682135,1.1561949,1.18682135,1.19675174,1.20770302,1.16287703,1.20770302,1.19443155,1.21178654,1.19034803,1.21178654,1.1675174,1.19211137,1.16733179,1.19211137,1.16018561,1.17633411,1.14487239,1.17633411,10246.406284471996,0.0031337357109882,1.000,1.019,1.000,1.000,1.000,1.000
0.16666141,0.1666155,0.16679288,0.16665588,0.16654803,0.16672632,1.0,1.0,1.0,1.0,1.19675174,1.20770302,1.16287703,1.20770302,1.19443155,1.21178654,1.19034803,1.21178654,1.1675174,1.19211137,1.16733179,1.19211137,1.16018561,1.17633411,1.14487239,1.17633411,1.1625058,1.17011601,1.15099768,1.17011601,10228.950289733397,-0.0017050739902335,1.000,0.990,1.000,1.000,1.000,1.000
0.1666599,0.1666145,0.16678679,0.16667126,0.166534,0.16673346,1.0,1.0,1.0,1.0,1.19443155,1.21178654,1.19034803,1.21178654,1.1675174,1.19211137,1.16733179,1.19211137,1.16018561,1.17633411,1.14487239,1.17633411,1.1625058,1.17011601,1.15099768,1.17011601,1.18440835,1.18440835,1.17039443,1.18440835,10222.708103833438,-0.0006104332444508,1.000,0.996,1.000,1.000,1.000,1.000
0.1666651,0.16661151,0.16678897,0.16668595,0.1665171,0.1667314,1.0,1.0,1.0,1.0,1.1675174,1.19211137,1.16733179,1.19211137,1.16018561,1.17633411,1.14487239,1.17633411,1.1625058,1.17011601,1.15099768,1.17011601,1.18440835,1.18440835,1.17039443,1.18440835,1.17234339,1.18385151,1.16584687,1.18385151,10224.726270377269,0.0001974004673103,1.000,1.001,1.000,1.000,1.000,1.000
0.16667034,0.1666068,0.16678931,0.16670479,0.16650063,0.16672815,1.0,1.0,1.0,1.0,1.16018561,1.17633411,1.14487239,1.17633411,1.1625058,1.17011601,1.15099768,1.17011601,1.18440835,1.18440835,1.17039443,1.18440835,1.17234339,1.18385151,1.16584687,1.18385151,1.16807425,1.1775406,1.15842227,1.1775406,10264.468734368877,0.0038793631301052,1.000,1.023,1.000,1.000,1.000,1.000
0.16667806,0.16660638,0.16678755,0.16672048,0.16648324,0.1667243,1.0,1.0,1.0,1.0,1.1625058,1.17011601,1.15099768,1.17011601,1.18440835,1.18440835,1.17039443,1.18440835,1.17234339,1.18385151,1.16584687,1.18385151,1.16807425,1.1775406,1.15842227,1.1775406,1.16946636,1.18041763,1.16816705,1.18041763,10262.000007039464,-0.0002405408716342,1.000,0.999,1.000,1.000,1.000,1.000
0.16668542,0.16660745,0.1667886,0.1667319,0.1664629,0.16672382,1.0,1.0,1.0,1.0,1.18440835,1.18440835,1.17039443,1.18440835,1.17234339,1.18385151,1.16584687,1.18385151,1.16807425,1.1775406,1.15842227,1.1775406,1.16946636,1.18041763,1.16816705,1.18041763,1.19675174,1.19675174,1.18013921,1.19675174,10280.850491735851,0.001835236058244,1.000,1.011,1.000,1.000,1.000,1.000
0.1666895,0.16661148,0.16678694,0.16674237,0.16644856,0.16672118,1.0,1.0,1.0,1.0,1.17234339,1.18385151,1.16584687,1.18385151,1.16807425,1.1775406,1.15842227,1.1775406,1.16946636,1.18041763,1.16816705,1.18041763,1.19675174,1.19675174,1.18013921,1.19675174,1.19508121,1.20176334,1.18988399,1.20176334,10279.2338135134,-0.0001572637739983,1.000,0.999,1.000,1.000,1.000,1.000
0.16669032,0.16661778,0.16678149,0.16675614,0.16643716,0.16671713,1.0,1.0,1.0,1.0,1.16807425,1.1775406,1.15842227,1.1775406,1.16946636,1.18041763,1.16816705,1.18041763,1.19675174,1.19675174,1.18013921,1.19675174,1.19508121,1.20176334,1.18988399,1.20176334,1.20825986,1.21317865,1.1912761,1.21317865,10279.100011356591,-1.3016828887863646e-05,1.000,1.000,1.000,1.000,1.000,1.000
0.16669703,0.16662464,0.16677497,0.16676527,0.16641746,0.16672054,1.0,1.0,1.0,1.0,1.16946636,1.18041763,1.16816705,1.18041763,1.19675174,1.19675174,1.18013921,1.19675174,1.19508121,1.20176334,1.18988399,1.20176334,1.20825986,1.21317865,1.1912761,1.21317865,1.20714617,1.21466357,1.20315545,1.21466357,10296.613682003826,0.001702363780703,1.000,1.010,1.000,1.000,1.000,1.000
0.16670571,0.16663773,0.16676535,0.16677853,0.16638765,0.16672498,1.0,1.0,1.0,1.0,1.19675174,1.19675174,1.18013921,1.19675174,1.19508121,1.20176334,1.18988399,1.20176334,1.20825986,1.21317865,1.1912761,1.21317865,1.20714617,1.21466357,1.20315545,1.21466357,1.20705336,1.21559165,1.20037123,1.21559165,10311.59568035058,0.0014539837714902,1.000,1.009,1.000,1.000,1.000,1.000
0.16672024,0.16664957,0.16675435,0.16679394,0.16635105,0.1667308,1.0,1.0,1.0,1.0,1.19508121,1.20176334,1.18988399,1.20176334,1.20825986,1.21317865,1.1912761,1.21317865,1.20714617,1.21466357,1.20315545,1.21466357,1.20705336,1.21559165,1.20037123,1.21559165,1.21939675,1.22162413,1.20491879,1.22162413,10273.706617751535,-0.0036811803719813,1.000,0.978,1.000,1.000,1.000,1.000
0.16673915,0.16666827,0.1667353,0.16680512,0.16630742,0.16674481,1.0,1.0,1.0,1.0,1.20825986,1.21317865,1.1912761,1.21317865,1.20714617,1.21466357,1.20315545,1.21466357,1.20705336,1.21559165,1.20037123,1.21559165,1.21939675,1.22162413,1.20491879,1.22162413,1.23006961,1.23406032,1.21948956,1.23406032,10305.597648283498,0.0030993327712247,1.000,1.019,1.000,1.000,1.000,1.000
0.16675928,0.16669415,0.1667162,0.16680758,0.16626734,0.16675548,1.0,1.0,1.0,1.0,1.20714617,1.21466357,1.20315545,1.21466357,1.20705336,1.21559165,1.20037123,1.21559165,1.21939675,1.22162413,1.20491879,1.22162413,1.23006961,1.23406032,1.21948956,1.23406032,1.20296984,1.23350348,1.19832947,1.23350348,10302.150223624332,-0.0003345755890214,1.000,0.998,1.000,1.000,1.000,1.000
0.16677049,0.1667133,0.16669774,0.16682069,0.16623016,0.16676757,1.0,1.0,1.0,1.0,1.20705336,1.21559165,1.20037123,1.21559165,1.21939675,1.22162413,1.20491879,1.22162413,1.23006961,1.23406032,1.21948956,1.23406032,1.20296984,1.23350348,1.19832947,1.23350348,1.22542923,1.227471,1.20696056,1.227471,10282.593615249718,-0.0019001076148081,1.000,0.989,1.000,1.000,1.000,1.000
0.16677998,0.16673058,0.16667005,0.16684353,0.16618894,0.16678686,1.0,1.0,1.0,1.0,1.21939675,1.22162413,1.20491879,1.22162413,1.23006961,1.23406032,1.21948956,1.23406032,1.20296984,1.23350348,1.19832947,1.23350348,1.22542923,1.227471,1.20696056,1.227471,1.22301624,1.22459397,1.21670534,1.22459397,10285.843099327256,0.0003159680193167,1.000,1.002,1.000,1.000,1.000,1.000
0.16678566,0.16674823,0.16664158,0.16686559,0.16615258,0.16680638,1.0,1.0,1.0,1.0,1.23006961,1.23406032,1.21948956,1.23406032,1.20296984,1.23350348,1.19832947,1.23350348,1.22542923,1.227471,1.20696056,1.227471,1.22301624,1.22459397,1.21670534,1.22459397,1.20909513,1.2199536,1.20556845,1.2199536,10278.3478516087,-0.0007289611410771,1.000,0.996,1.000,1.000,1.000,1.000
0.16679133,0.16675319,0.16660286,0.1668955,0.16612437,0.16683276,1.0,1.0,1.0,1.0,1.20296984,1.23350348,1.19832947,1.23350348,1.22542923,1.227471,1.20696056,1.227471,1.22301624,1.22459397,1.21670534,1.22459397,1.20909513,1.2199536,1.20556845,1.2199536,1.21141531,1.21939675,1.20696056,1.21939675,10280.443410273132,0.0002038601049056,1.000,1.001,1.000,1.000,1.000,1.000
0.16680346,0.1667703,0.16655877,0.16691889,0.16608924,0.16685939,1.0,1.0,1.0,1.0,1.22542923,1.227471,1.20696056,1.227471,1.22301624,1.22459397,1.21670534,1.22459397,1.20909513,1.2199536,1.20556845,1.2199536,1.21141531,1.21939675,1.20696056,1.21939675,1.20612529,1.21262181,1.20018561,1.21262181,10270.426423958928,-0.0009748479931302,1.000,0.994,1.000,1.000,1.000,1.000
0.166804,0.1667721,0.1665155,0.1669475,0.16605824,0.16690278,1.0,1.0,1.0,1.0,1.22301624,1.22459397,1.21670534,1.22459397,1.20909513,1.2199536,1.20556845,1.2199536,1.21141531,1.21939675,1.20696056,1.21939675,1.20612529,1.21262181,1.20018561,1.21262181,1.20761021,1.21522042,1.20556845,1.21522042,10261.00689061133,-0.0009175719847869,1.000,0.995,1.000,1.000,1.000,1.000
0.16681787,0.1667674,0.16646129,0.1670018,0.16601753,0.16693412,1.0,1.0,1.0,1.0,1.20909513,1.2199536,1.20556845,1.2199536,1.21141531,1.21939675,1.20696056,1.21939675,1.20612529,1.21262181,1.20018561,1.21262181,1.20761021,1.21522042,1.20556845,1.21522042,1.20055684,1.21187935,1.19638051,1.21187935,10249.682100542648,-0.0011042818916896,1.000,0.993,1.000,1.000,1.000,1.000
0.16681978,0.16675283,0.16642591,0.16703641,0.16600008,0.16696502,1.0,1.0,1.0,1.0,1.21141531,1.21939675,1.20696056,1.21939675,1.20612529,1.21262181,1.20018561,1.21262181,1.20761021,1.21522042,1.20556845,1.21522042,1.20055684,1.21187935,1.19638051,1.21187935,1.19396752,1.20361949,1.1912761,1.20361949,10244.577968324907,-0.0004981035964333,1.000,0.997,1.000,1.000,1.000,1.000
0.16683418,0.16675937,0.16636471,0.16708627,0.16593857,0.1670168,1.0,1.0,1.0,1.0,1.20612529,1.21262181,1.20018561,1.21262181,1.20761021,1.21522042,1.20556845,1.21522042,1.20055684,1.21187935,1.19638051,1.21187935,1.19396752,1.20361949,1.1912761,1.20361949,1.18607889,1.19916473,1.17707657,1.19916473,10264.14202300403,0.0019078772952984,1.000,1.011,1.000,1.000,1.000,1.000
0.16684371,0.16678394,0.1662948,0.16711326,0.16588494,0.16707942,1.0,1.0,1.0,1.0,1.20761021,1.21522042,1.20556845,1.21522042,1.20055684,1.21187935,1.19638051,1.21187935,1.19396752,1.20361949,1.1912761,1.20361949,1.18607889,1.19916473,1.17707657,1.19916473,1.1825522,1.18867749,1.16584687,1.18867749,10260.251253390756,-0.0003791361437567,1.000,0.998,1.000,1.000,1.000,1.000
0.16685474,0.16682276,0.16622752,0.16711873,0.16583183,0.16714439,1.0,1.0,1.0,1.0,1.20055684,1.21187935,1.19638051,1.21187935,1.19396752,1.20361949,1.1912761,1.20361949,1.18607889,1.19916473,1.17707657,1.19916473,1.1825522,1.18867749,1.16584687,1.18867749,1.19610209,1.20037123,1.18654292,1.20037123,10241.342131352472,-0.001844649539703,1.000,0.989,1.000,1.000,1.000,1.000
0.1668589,0.1668771,0.16614144,0.16711041,0.1657667,0.16724537,1.0,1.0,1.0,1.0,1.19396752,1.20361949,1.1912761,1.20361949,1.18607889,1.19916473,1.17707657,1.19916473,1.1825522,1.18867749,1.16584687,1.18867749,1.19610209,1.20037123,1.18654292,1.20037123,1.19341067,1.20816705,1.19229698,1.20816705,10237.943151445395,-0.0003319432188526,1.000,0.998,1.000,1.000,1.000,1.000
0.16685015,0.16693719,0.1660676,0.16708164,0.16572714,0.16733624,1.0,1.0,1.0,1.0,1.18607889,1.19916473,1.17707657,1.19916473,1.1825522,1.18867749,1.16584687,1.18867749,1.19610209,1.20037123,1.18654292,1.20037123,1.19341067,1.20816705,1.19229698,1.20816705,1.18023202,1.19099768,1.17967517,1.19099768,10247.091650258206,0.0008931885651726,1.000,1.005,1.000,1.000,1.000,1.000
0.1668338,0.16700567,0.16595834,0.16707596,0.16566585,0.16746035,1.0,1.0,1.0,1.0,1.1825522,1.18867749,1.16584687,1.18867749,1.19610209,1.20037123,1.18654292,1.20037123,1.19341067,1.20816705,1.19229698,1.20816705,1.18023202,1.19099768,1.17967517,1.19099768,1.17791183,1.18088167,1.16668213,1.18088167,10243.049544440595,-0.000394541534061,1.000,0.998,1.000,1.000,1.000,1.000
0.1668488,0.16706328,0.16582656,0.16710046,0.16558354,0.1675774,1.0,1.0,1.0,1.0,1.19610209,1.20037123,1.18654292,1.20037123,1.19341067,1.20816705,1.19229698,1.20816705,1.18023202,1.19099768,1.17967517,1.19099768,1.17791183,1.18088167,1.16668213,1.18088167,1.18422274,1.18654292,1.17280742,1.18654292,10250.836168906131,0.0007598973615001,1.000,1.005,1.000,1.000,1.000,1.000
0.1668754,0.16713072,0.16574712,0.16711654,0.16555251,0.16757767,1.0,1.0,1.0,1.0,1.19341067,1.20816705,1.19229698,1.20816705,1.18023202,1.19099768,1.17967517,1.19099768,1.17791183,1.18088167,1.16668213,1.18088167,1.18422274,1.18654292,1.17280742,1.18654292,1.18143852,1.18682135,1.1762413,1.18682135,10233.672957322848,-0.0016757263250777,1.000,0.990,1.000,1.000,1.000,1.000
0.16689749,0.16720468,0.16567588,0.16713719,0.16550969,0.16757505,1.0,1.0,1.0,1.0,1.18023202,1.19099768,1.17967517,1.19099768,1.17791183,1.18088167,1.16668213,1.18088167,1.18422274,1.18654292,1.17280742,1.18654292,1.18143852,1.18682135,1.1762413,1.18682135,1.18682135,1.19081206,1.18069606,1.19081206,10247.288494492395,0.0013295800792709,1.000,1.008,1.000,1.000,1.000,1.000
0.16691808,0.16730203,0.1656065,0.16713381,0.16548757,0.16755205,1.0,1.0,1.0,1.0,1.17791183,1.18088167,1.16668213,1.18088167,1.18422274,1.18654292,1.17280742,1.18654292,1.18143852,1.18682135,1.1762413,1.18682135,1.18682135,1.19081206,1.18069606,1.19081206,1.174942,1.1862645,1.17308585,1.1862645,10239.469990001358,-0.0007632739827079,1.000,0.995,1.000,1.000,1.000,1.000
0.16695464,0.16740958,0.16553351,0.16711664,0.16545807,0.1675275,1.0,1.0,1.0,1.0,1.18422274,1.18654292,1.17280742,1.18654292,1.18143852,1.18682135,1.1762413,1.18682135,1.18682135,1.19081206,1.18069606,1.19081206,1.174942,1.1862645,1.17308585,1.1862645,1.18431555,1.18849188,1.17939675,1.18849188,10254.02712162617,0.0014206588552332,1.000,1.009,1.000,1.000,1.000,1.000
0.16700764,0.16751245,0.16542476,0.16709757,0.16540597,0.16755167,1.0,1.0,1.0,1.0,1.18143852,1.18682135,1.1762413,1.18682135,1.18682135,1.19081206,1.18069606,1.19081206,1.174942,1.1862645,1.17308585,1.1862645,1.18431555,1.18849188,1.17939675,1.18849188,1.17893271,1.18431555,1.1775406,1.18431555,10245.82098493379,-0.0008006046764878,1.000,0.995,1.000,1.000,1.000,1.000
0.16705185,0.16767141,0.16528231,0.16707337,0.16532901,0.16759208,1.0,1.0,1.0,1.0,1.18682135,1.19081206,1.18069606,1.19081206,1.174942,1.1862645,1.17308585,1.1862645,1.18431555,1.18849188,1.17939675,1.18849188,1.17893271,1.18431555,1.1775406,1.18431555,1.18895592,1.20464037,1.17976798,1.20464037,10235.697379928764,-0.0009885600910171,1.000,0.994,1.000,1.000,1.000,1.000
0.16709223,0.1678662,0.16513698,0.16701585,0.16526988,0.16761884,1.0,1.0,1.0,1.0,1.174942,1.1862645,1.17308585,1.1862645,1.18431555,1.18849188,1.17939675,1.18849188,1.17893271,1.18431555,1.1775406,1.18431555,1.18895592,1.20464037,1.17976798,1.20464037,1.18329466,1.19907193,1.18329466,1.19907193,10205.580277027851,-0.0029466968942568,1.000,0.982,1.000,1.000,1.000,1.000
0.16715324,0.16800833,0.16505854,0.16692439,0.16526446,0.16759102,1.0,1.0,1.0,1.0,1.18431555,1.18849188,1.17939675,1.18849188,1.17893271,1.18431555,1.1775406,1.18431555,1.18895592,1.20464037,1.17976798,1.20464037,1.18329466,1.19907193,1.18329466,1.19907193,1.17633411,1.18784223,1.17410673,1.18784223,10217.7709618256,0.001193798814208,1.000,1.007,1.000,1.000,1.000,1.000
0.16714537,0.16803847,0.16504622,0.16686445,0.16527547,0.16763009,1.0,1.0,1.0,1.0,1.17893271,1.18431555,1.1775406,1.18431555,1.18895592,1.20464037,1.17976798,1.20464037,1.18329466,1.19907193,1.18329466,1.19907193,1.17633411,1.18784223,1.17410673,1.18784223,1.15573086,1.1737355,1.15526682,1.1737355,10233.901026090056,0.0015773837580098,1.000,1.009,1.000,1.000,1.000,1.000
0.16714633,0.1680857,0.1650357,0.1668118,0.165291,0.16762951,1.0,1.0,1.0,1.0,1.18895592,1.20464037,1.17976798,1.20464037,1.18329466,1.19907193,1.18329466,1.19907193,1.17633411,1.18784223,1.17410673,1.18784223,1.15573086,1.1737355,1.15526682,1.1737355,1.16399072,1.17048724,1.1587935,1.17048724,10231.69459508344,-0.0002156234351549,1.000,0.999,1.000,1.000,1.000,1.000
0.1671397,0.1681313,0.16506013,0.16675395,0.16532269,0.16759227,1.0,1.0,1.0,1.0,1.18329466,1.19907193,1.18329466,1.19907193,1.17633411,1.18784223,1.17410673,1.18784223,1.15573086,1.1737355,1.15526682,1.1737355,1.16399072,1.17048724,1.1587935,1.17048724,1.174942,1.17809745,1.16928074,1.17809745,10225.704833431206,-0.0005855838953847,1.000,0.997,1.000,1.000,1.000,1.000
0.16710775,0.16827165,0.16497146,0.16672407,0.1652857,0.1676394,1.0,1.0,1.0,1.0,1.17633411,1.18784223,1.17410673,1.18784223,1.15573086,1.1737355,1.15526682,1.1737355,1.16399072,1.17048724,1.1587935,1.17048724,1.174942,1.17809745,1.16928074,1.17809745,1.17345708,1.17577726,1.16723898,1.17577726,10221.458912343913,-0.0004153066118228,1.000,0.998,1.000,1.000,1.000,1.000
0.16705853,0.16852885,0.16480587,0.16670853,0.16522312,0.16767514,1.0,1.0,1.0,1.0,1.15573086,1.1737355,1.15526682,1.1737355,1.16399072,1.17048724,1.1587935,1.17048724,1.174942,1.17809745,1.16928074,1.17809745,1.17345708,1.17577726,1.16723898,1.17577726,1.16937355,1.17150812,1.1587007,1.17150812,10178.682924867411,-0.004193701250713,1.000,0.975,1.000,1.000,1.000,1.000
0.16686356,0.1683004,0.16509408,0.16666059,0.1653992,0.16768222,1.0,1.0,1.0,1.0,1.16399072,1.17048724,1.1587935,1.17048724,1.174942,1.17809745,1.16928074,1.17809745,1.17345708,1.17577726,1.16723898,1.17577726,1.16937355,1.17150812,1.1587007,1.17150812,1.16649652,1.17076566,1.14867749,1.17076566,10143.659542274432,-0.0034467893968219,1.000,0.980,1.000,1.000,1.000,1.000
0.1666454,0.16793631,0.16547431,0.16663185,0.16558532,0.1677268,1.0,1.0,1.0,1.0,1.174942,1.17809745,1.16928074,1.17809745,1.17345708,1.17577726,1.16723898,1.17577726,1.16937355,1.17150812,1.1587007,1.17150812,1.16649652,1.17076566,1.14867749,1.17076566,1.1375406,1.15675174,1.13726218,1.15675174,10189.13492242896,0.004473114215452,1.000,1.027,1.000,1.000,1.000,1.000
0.16647673,0.1675095,0.16590424,0.1666046,0.16573729,0.16776769,1.0,1.0,1.0,1.0,1.17345708,1.17577726,1.16723898,1.17577726,1.16937355,1.17150812,1.1587007,1.17150812,1.16649652,1.17076566,1.14867749,1.17076566,1.1375406,1.15675174,1.13726218,1.15675174,1.11433875,1.15136891,1.10645012,1.15136891,10221.987494029723,0.0032190880344636,1.000,1.019,1.000,1.000,1.000,1.000
0.1663624,0.16708054,0.16632566,0.16657935,0.1658305,0.16782159,1.0,1.0,1.0,1.0,1.16937355,1.17150812,1.1587007,1.17150812,1.16649652,1.17076566,1.14867749,1.17076566,1.1375406,1.15675174,1.13726218,1.15675174,1.11433875,1.15136891,1.10645012,1.15136891,1.14412993,1.14941995,1.12491879,1.14941995,10221.237664589427,-7.335725501377446e-05,1.000,1.000,1.000,1.000,1.000,1.000
0.16633382,0.16682433,0.16657051,0.16653773,0.16583025,0.16790336,1.0,1.0,1.0,1.0,1.16649652,1.17076566,1.14867749,1.17076566,1.1375406,1.15675174,1.13726218,1.15675174,1.11433875,1.15136891,1.10645012,1.15136891,1.14412993,1.14941995,1.12491879,1.14941995,1.1662181,1.16705336,1.1537819,1.16705336,10237.648300768358,0.0016042554542119,1.000,1.010,1.000,1.000,1.000,1.000
0.16630201,0.16735688,0.16611525,0.16647854,0.16563842,0.16810891,1.0,1.0,1.0,1.0,1.1375406,1.15675174,1.13726218,1.15675174,1.11433875,1.15136891,1.10645012,1.15136891,1.14412993,1.14941995,1.12491879,1.14941995,1.1662181,1.16705336,1.1537819,1.16705336,1.16575406,1.17280742,1.16046404,1.17280742,10260.43673899768,0.0022234708826323,1.000,1.013,1.000,1.000,1.000,1.000
0.16622405,0.16786255,0.16563354,0.1663963,0.16554344,0.16834004,1.0,1.0,1.0,1.0,1.11433875,1.15136891,1.10645012,1.15136891,1.14412993,1.14941995,1.12491879,1.14941995,1.1662181,1.16705336,1.1537819,1.16705336,1.16575406,1.17280742,1.16046404,1.17280742,1.17698376,1.1800464,1.16547564,1.1800464,10275.258334946977,0.0014434961631003,1.000,1.009,1.000,1.000,1.000,1.000
0.16612855,0.16829263,0.16525266,0.16625248,0.1654722,0.16860154,1.0,1.0,1.0,1.0,1.14412993,1.14941995,1.12491879,1.14941995,1.1662181,1.16705336,1.1537819,1.16705336,1.16575406,1.17280742,1.16046404,1.17280742,1.17698376,1.1800464,1.16547564,1.1800464,1.19266821,1.19322506,1.18190255,1.19322506,10307.90436419906,0.0031721127704001,1.000,1.019,1.000,1.000,1.000,1.000
0.16606843,0.16855428,0.16503294,0.16609651,0.16546287,0.16878498,1.0,1.0,1.0,1.0,1.1662181,1.16705336,1.1537819,1.16705336,1.16575406,1.17280742,1.16046404,1.17280742,1.17698376,1.1800464,1.16547564,1.1800464,1.19266821,1.19322506,1.18190255,1.19322506,1.20296984,1.20296984,1.19081206,1.20296984,10290.470501629225,-0.0016927419610796,1.000,0.990,1.000,1.000,1.000,1.000
0.16599458,0.16875003,0.16485167,0.16593914,0.16544878,0.16901575,1.0,1.0,1.0,1.0,1.16575406,1.17280742,1.16046404,1.17280742,1.17698376,1.1800464,1.16547564,1.1800464,1.19266821,1.19322506,1.18190255,1.19322506,1.20296984,1.20296984,1.19081206,1.20296984,1.22570766,1.23406032,1.21299304,1.23406032,10216.991717976744,-0.0071660839659445,1.000,0.958,1.000,1.000,1.000,1.000
0.1659245,0.16890971,0.16469482,0.16578497,0.16544864,0.16923732,1.0,1.0,1.0,1.0,1.17698376,1.1800464,1.16547564,1.1800464,1.19266821,1.19322506,1.18190255,1.19322506,1.20296984,1.20296984,1.19081206,1.20296984,1.22570766,1.23406032,1.21299304,1.23406032,1.21345708,1.23359629,1.20946636,1.23359629,10216.014036855013,-9.569626066867453e-05,1.000,1.000,1.000,1.000,1.000,1.000
0.16585879,0.16892384,0.16461603,0.16564527,0.16549188,0.16946414,1.0,1.0,1.0,1.0,1.19266821,1.19322506,1.18190255,1.19322506,1.20296984,1.20296984,1.19081206,1.20296984,1.22570766,1.23406032,1.21299304,1.23406032,1.21345708,1.23359629,1.20946636,1.23359629,1.16213457,1.16473318,1.13215777,1.16473318,10206.901923873367,-0.0008923420733662,1.000,0.995,1.000,1.000,1.000,1.000
0.16573752,0.16911477,0.16442886,0.16548336,0.16549836,0.1697371,1.0,1.0,1.0,1.0,1.20296984,1.20296984,1.19081206,1.20296984,1.22570766,1.23406032,1.21299304,1.23406032,1.21345708,1.23359629,1.20946636,1.23359629,1.16213457,1.16473318,1.13215777,1.16473318,1.16157773,1.17948956,1.16064965,1.17948956,10182.892790583492,-0.0023550158030058,1.000,0.986,1.000,1.000,1.000,1.000
0.16565543,0.16931339,0.16428936,0.16529675,0.16555668,0.16988838,1.0,1.0,1.0,1.0,1.22570766,1.23406032,1.21299304,1.23406032,1.21345708,1.23359629,1.20946636,1.23359629,1.16213457,1.16473318,1.13215777,1.16473318,1.16157773,1.17948956,1.16064965,1.17948956,1.15545244,1.16696056,1.14988399,1.16696056,10191.41215652018,0.0008362853560232,1.000,1.005,1.000,1.000,1.000,1.000
0.16559187,0.16944964,0.16424984,0.16512118,0.16557296,0.17001447,1.0,1.0,1.0,1.0,1.21345708,1.23359629,1.20946636,1.23359629,1.16213457,1.16473318,1.13215777,1.16473318,1.16157773,1.17948956,1.16064965,1.17948956,1.15545244,1.16696056,1.14988399,1.16696056,1.13939675,1.14719258,1.13336427,1.14719258,10185.932593751517,-0.0005378093140093,1.000,0.997,1.000,1.000,1.000,1.000
0.16552496,0.16950953,0.16424261,0.1649916,0.16561264,0.17011864,1.0,1.0,1.0,1.0,1.16213457,1.16473318,1.13215777,1.16473318,1.16157773,1.17948956,1.16064965,1.17948956,1.15545244,1.16696056,1.14988399,1.16696056,1.13939675,1.14719258,1.13336427,1.14719258,1.145058,1.1499768,1.13735499,1.1499768,10177.219155567274,-0.0008558045260695,1.000,0.995,1.000,1.000,1.000,1.000
0.16542478,0.1695653,0.16424602,0.16488521,0.1656667,0.17021199,1.0,1.0,1.0,1.0,1.16157773,1.17948956,1.16064965,1.17948956,1.15545244,1.16696056,1.14988399,1.16696056,1.13939675,1.14719258,1.13336427,1.14719258,1.145058,1.1499768,1.13735499,1.1499768,1.14143852,1.14617169,1.13475638,1.14617169,10162.115062835255,-0.0014852104150781,1.000,0.991,1.000,1.000,1.000,1.000
0.16536887,0.169467,0.16429864,0.1648259,0.16561931,0.1704203,1.0,1.0,1.0,1.0,1.15545244,1.16696056,1.14988399,1.16696056,1.13939675,1.14719258,1.13336427,1.14719258,1.145058,1.1499768,1.13735499,1.1499768,1.14143852,1.14617169,1.13475638,1.14617169,1.13568445,1.1375406,1.12955916,1.1375406,10121.481792888371,-0.0040065205979361,1.000,0.976,1.000,1.000,1.000,1.000
0.16532235,0.16950057,0.16429238,0.16474667,0.1655335,0.17060457,1.0,1.0,1.0,1.0,1.13939675,1.14719258,1.13336427,1.14719258,1.145058,1.1499768,1.13735499,1.1499768,1.14143852,1.14617169,1.13475638,1.14617169,1.13568445,1.1375406,1.12955916,1.1375406,1.12575406,1.13819026,1.12213457,1.13819026,10066.356919927932,-0.005461209667064,1.000,0.968,1.000,1.000,1.000,1.000
0.1653109,0.16950302,0.1643254,0.1646529,0.16541995,0.17078787,1.0,1.0,1.0,1.0,1.145058,1.1499768,1.13735499,1.1499768,1.14143852,1.14617169,1.13475638,1.14617169,1.13568445,1.1375406,1.12955916,1.1375406,1.12575406,1.13819026,1.12213457,1.13819026,1.09921114,1.1375406,1.09067285,1.1375406,10077.555492454276,0.0011118568677973,1.000,1.007,1.000,1.000,1.000,1.000
0.16527838,0.16961987,0.16429567,0.16451676,0.16529396,0.17099532,1.0,1.0,1.0,1.0,1.14143852,1.14617169,1.13475638,1.14617169,1.13568445,1.1375406,1.12955916,1.1375406,1.12575406,1.13819026,1.12213457,1.13819026,1.09921114,1.1375406,1.09067285,1.1375406,1.06394432,1.09234339,1.05104408,1.09234339,10073.532419666552,-0.0003992908828266,1.000,0.998,1.000,1.000,1.000,1.000
0.16520248,0.1697784,0.16422945,0.16435982,0.16521418,0.17121567,1.0,1.0,1.0,1.0,1.13568445,1.1375406,1.12955916,1.1375406,1.12575406,1.13819026,1.12213457,1.13819026,1.09921114,1.1375406,1.09067285,1.1375406,1.06394432,1.09234339,1.05104408,1.09234339,1.07099768,1.08993039,1.04037123,1.08993039,10079.308362979176,0.0005732138245987,1.000,1.003,1.000,1.000,1.000,1.000
0.16511159,0.16997337,0.1641214,0.16414464,0.16518945,0.17145951,1.0,1.0,1.0,1.0,1.12575406,1.13819026,1.12213457,1.13819026,1.09921114,1.1375406,1.09067285,1.1375406,1.06394432,1.09234339,1.05104408,1.09234339,1.07099768,1.08993039,1.04037123,1.08993039,1.06849188,1.0812065,1.05902552,1.0812065,10141.57567532218,0.0061587326292428,1.000,1.036,1.000,1.000,1.000,1.000
0.16502905,0.17024113,0.16399536,0.16392477,0.16515766,0.17165211,1.0,1.0,1.0,1.0,1.09921114,1.1375406,1.09067285,1.1375406,1.06394432,1.09234339,1.05104408,1.09234339,1.07099768,1.08993039,1.04037123,1.08993039,1.06849188,1.0812065,1.05902552,1.0812065,1.07211137,1.07888631,1.06264501,1.07888631,10051.600886600318,-0.0089114641160853,1.000,0.948,1.000,1.000,1.000,1.000
0.16490692,0.17058544,0.16380289,0.16366743,0.16519326,0.17184404,1.0,1.0,1.0,1.0,1.06394432,1.09234339,1.05104408,1.09234339,1.07099768,1.08993039,1.04037123,1.08993039,1.06849188,1.0812065,1.05902552,1.0812065,1.07211137,1.07888631,1.06264501,1.07888631,1.11109049,1.11359629,1.08148492,1.11359629,10077.856888952834,0.0026087157970657,1.000,1.015,1.000,1.000,1.000,1.000
0.16482972,0.17119493,0.16353275,0.16327487,0.16522957,0.17193824,1.0,1.0,1.0,1.0,1.07099768,1.08993039,1.04037123,1.08993039,1.06849188,1.0812065,1.05902552,1.0812065,1.07211137,1.07888631,1.06264501,1.07888631,1.11109049,1.11359629,1.08148492,1.11359629,1.05327146,1.09679814,1.05178654,1.09679814,10076.454094548197,-0.0001392053946227,1.000,0.999,1.000,1.000,1.000,1.000
0.16464326,0.17179176,0.16326988,0.16289625,0.16536172,0.17203708,1.0,1.0,1.0,1.0,1.06849188,1.0812065,1.05902552,1.0812065,1.07211137,1.07888631,1.06264501,1.07888631,1.11109049,1.11359629,1.08148492,1.11359629,1.05327146,1.09679814,1.05178654,1.09679814,1.06951276,1.07118329,1.0174478,1.07118329,10088.594842062868,0.0012041378148689,1.000,1.007,1.000,1.000,1.000,1.000
0.16450962,0.17226449,0.16309868,0.16264787,0.16546033,0.17201902,1.0,1.0,1.0,1.0,1.07211137,1.07888631,1.06264501,1.07888631,1.11109049,1.11359629,1.08148492,1.11359629,1.05327146,1.09679814,1.05178654,1.09679814,1.06951276,1.07118329,1.0174478,1.07118329,1.06867749,1.08027842,1.06301624,1.08027842,10106.549133741082,0.0017780805554085,1.000,1.010,1.000,1.000,1.000,1.000
0.16437156,0.1727671,0.16290522,0.16238558,0.16555016,0.17202039,1.0,1.0,1.0,1.0,1.11109049,1.11359629,1.08148492,1.11359629,1.05327146,1.09679814,1.05178654,1.09679814,1.06951276,1.07118329,1.0174478,1.07118329,1.06867749,1.08027842,1.06301624,1.08027842,1.0761949,1.07944316,1.05809745,1.07944316,10096.673013382417,-0.0009776778251926,1.000,0.994,1.000,1.000,1.000,1.000
0.16405976,0.17368136,0.16248894,0.16184133,0.16564871,0.1722799,1.0,1.0,1.0,1.0,1.05327146,1.09679814,1.05178654,1.09679814,1.06951276,1.07118329,1.0174478,1.07118329,1.06867749,1.08027842,1.06301624,1.08027842,1.0761949,1.07944316,1.05809745,1.07944316,1.08733179,1.09187935,1.07192575,1.09187935,10074.190979204694,-0.0022291601882507,1.000,0.987,1.000,1.000,1.000,1.000
0.16427359,0.17319639,0.16259727,0.16239958,0.1651639,0.17236927,1.0,1.0,1.0,1.0,1.06951276,1.07118329,1.0174478,1.07118329,1.06867749,1.08027842,1.06301624,1.08027842,1.0761949,1.07944316,1.05809745,1.07944316,1.08733179,1.09187935,1.07192575,1.09187935,1.0812065,1.08993039,1.07665893,1.08993039,10038.32626680656,-0.0035664109046024,1.000,0.979,1.000,1.000,1.000,1.000
0.1644933,0.17291674,0.16270374,0.16273458,0.16475335,0.17239833,1.0,1.0,1.0,1.0,1.06867749,1.08027842,1.06301624,1.08027842,1.0761949,1.07944316,1.05809745,1.07944316,1.08733179,1.09187935,1.07192575,1.09187935,1.0812065,1.08993039,1.07665893,1.08993039,1.06737819,1.08139211,1.06431555,1.08139211,9932.081030761874,-0.0106403677061443,1.000,0.939,1.000,1.000,1.000,1.000
0.16449124,0.17314854,0.16257724,0.16275313,0.16451167,0.1725182,1.0,1.0,1.0,1.0,1.0761949,1.07944316,1.05809745,1.07944316,1.08733179,1.09187935,1.07192575,1.09187935,1.0812065,1.08993039,1.07665893,1.08993039,1.06737819,1.08139211,1.06431555,1.08139211,1.04547564,1.0612529,1.03600928,1.0612529,9888.9323791843,-0.0043538358857049,1.000,0.975,1.000,1.000,1.000,1.000
0.16476806,0.1729543,0.16230924,0.16285643,0.16381525,0.17329665,1.0,1.0,1.0,1.0,1.08733179,1.09187935,1.07192575,1.09187935,1.0812065,1.08993039,1.07665893,1.08993039,1.06737819,1.08139211,1.06431555,1.08139211,1.04547564,1.0612529,1.03600928,1.0612529,0.98153132,1.03851508,0.98041763,1.03851508,9899.117891057564,0.0010294609760644,1.000,1.006,1.000,1.000,1.000,1.000
0.16474964,0.17371623,0.16161728,0.16204652,0.1637435,0.17412685,1.0,1.0,1.0,1.0,1.0812065,1.08993039,1.07665893,1.08993039,1.06737819,1.08139211,1.06431555,1.08139211,1.04547564,1.0612529,1.03600928,1.0612529,0.98153132,1.03851508,0.98041763,1.03851508,0.95703016,1.00974478,0.85382831,1.00974478,9997.66915990843,0.0099063305592335,1.000,1.057,1.000,1.000,1.000,1.000
0.16452284,0.17459635,0.16111852,0.16119212,0.1641236,0.17444655,1.0,1.0,1.0,1.0,1.06737819,1.08139211,1.06431555,1.08139211,1.04547564,1.0612529,1.03600928,1.0612529,0.98153132,1.03851508,0.98041763,1.03851508,0.95703016,1.00974478,0.85382831,1.00974478,0.96278422,1.03118329,0.96055684,1.03118329,10048.859135701492,0.0051071274090723,1.000,1.029,1.000,1.000,1.000,1.000
0.16443156,0.17606828,0.1600062,0.16009194,0.16485332,0.1745487,1.0,1.0,1.0,1.0,1.04547564,1.0612529,1.03600928,1.0612529,0.98153132,1.03851508,0.98041763,1.03851508,0.95703016,1.00974478,0.85382831,1.00974478,0.96278422,1.03118329,0.96055684,1.03118329,1.01800464,1.01986079,0.974942,1.01986079,10054.519345873514,0.0005631103574733,1.000,1.003,1.000,1.000,1.000,1.000
0.164407,0.1770954,0.15862274,0.1591514,0.165958,0.17476545,1.0,1.0,1.0,1.0,0.98153132,1.03851508,0.98041763,1.03851508,0.95703016,1.00974478,0.85382831,1.00974478,0.96278422,1.03118329,0.96055684,1.03118329,1.01800464,1.01986079,0.974942,1.01986079,1.04798144,1.05095128,1.02106729,1.05095128,10046.0699180528,-0.0008407144892562,1.000,0.995,1.000,1.000,1.000,1.000
0.16492417,0.17943743,0.15665403,0.15759513,0.16702475,0.17436445,1.0,1.0,1.0,1.0,0.95703016,1.00974478,0.85382831,1.00974478,0.96278422,1.03118329,0.96055684,1.03118329,1.01800464,1.01986079,0.974942,1.01986079,1.04798144,1.05095128,1.02106729,1.05095128,1.05141531,1.05160093,1.03517401,1.05160093,9965.311043289365,-0.0080713383398003,1.000,0.955,1.000,1.000,1.000,1.000
0.16551195,0.18115602,0.15537511,0.15726987,0.16744983,0.1732372,1.0,1.0,1.0,1.0,0.96278422,1.03118329,0.96055684,1.03118329,1.01800464,1.01986079,0.974942,1.01986079,1.04798144,1.05095128,1.02106729,1.05095128,1.05141531,1.05160093,1.03517401,1.05160093,1.04649652,1.06292343,1.03944316,1.06292343,10042.542134214467,0.0077201160786088,1.000,1.043,1.000,1.000,1.000,1.000
0.16618718,0.18107472,0.15551797,0.15771286,0.16586117,0.17364615,1.0,1.0,1.0,1.0,1.01800464,1.01986079,0.974942,1.01986079,1.04798144,1.05095128,1.02106729,1.05095128,1.05141531,1.05160093,1.03517401,1.05160093,1.04649652,1.06292343,1.03944316,1.06292343,0.99972158,1.03832947,0.99638051,1.03832947,10010.49577261288,-0.0031961629984612,1.000,0.982,1.000,1.000,1.000,1.000
0.16542527,0.1801645,0.15619361,0.1567726,0.16622888,0.17521518,1.0,1.0,1.0,1.0,1.04798144,1.05095128,1.02106729,1.05095128,1.05141531,1.05160093,1.03517401,1.05160093,1.04649652,1.06292343,1.03944316,1.06292343,0.99972158,1.03832947,0.99638051,1.03832947,1.04259861,1.04259861,1.01280742,1.04259861,9992.415049002888,-0.0018078097428402,1.000,0.990,1.000,1.000,1.000,1.000
0.16416907,0.18004808,0.15550874,0.15581432,0.1670573,0.17740248,1.0,1.0,1.0,1.0,1.05141531,1.05160093,1.03517401,1.05160093,1.04649652,1.06292343,1.03944316,1.06292343,0.99972158,1.03832947,0.99638051,1.03832947,1.04259861,1.04259861,1.01280742,1.04259861,1.02431555,1.04668213,1.0212529,1.04668213,10042.343111367618,0.0049841545701322,1.000,1.028,1.000,1.000,1.000,1.000
0.162499,0.18143637,0.1549995,0.15486269,0.16843268,0.17776968,1.0,1.0,1.0,1.0,1.04649652,1.06292343,1.03944316,1.06292343,0.99972158,1.03832947,0.99638051,1.03832947,1.04259861,1.04259861,1.01280742,1.04259861,1.02431555,1.04668213,1.0212529,1.04668213,1.01410673,1.025058,1.00705336,1.025058,10007.145441103505,-0.0035110827222208,1.000,0.981,1.000,1.000,1.000,1.000
0.15934487,0.1837999,0.154723,0.15240683,0.17136379,0.17836162,1.0,1.0,1.0,1.0,0.99972158,1.03832947,0.99638051,1.03832947,1.04259861,1.04259861,1.01280742,1.04259861,1.02431555,1.04668213,1.0212529,1.04668213,1.01410673,1.025058,1.00705336,1.025058,1.04232019,1.04464037,1.02385151,1.04464037,10047.358130355296,0.0040103454072659,1.000,1.022,1.000,1.000,1.000,1.000
0.15597321,0.18830352,0.15407726,0.14954169,0.17494316,0.17716122,1.0,1.0,1.0,1.0,1.04259861,1.04259861,1.01280742,1.04259861,1.02431555,1.04668213,1.0212529,1.04668213,1.01410673,1.025058,1.00705336,1.025058,1.04232019,1.04464037,1.02385151,1.04464037,1.02227378,1.05819026,1.0187471,1.05819026,10074.614846323107,0.0027091511026567,1.000,1.015,1.000,1.000,1.000,1.000
0.15326948,0.18970157,0.15391116,0.1477366,0.18063463,0.17474654,1.0,1.0,1.0,1.0,1.02431555,1.04668213,1.0212529,1.04668213,1.01410673,1.025058,1.00705336,1.025058,1.04232019,1.04464037,1.02385151,1.04464037,1.02227378,1.05819026,1.0187471,1.05819026,1.04473318,1.05132251,1.0199536,1.05132251,10092.72911809518,0.0017963968557608,1.000,1.010,1.000,1.000,1.000,1.000
0.15230261,0.19179153,0.1531671,0.1465217,0.18559727,0.17061977,1.0,1.0,1.0,1.0,1.01410673,1.025058,1.00705336,1.025058,1.04232019,1.04464037,1.02385151,1.04464037,1.02227378,1.05819026,1.0187471,1.05819026,1.04473318,1.05132251,1.0199536,1.05132251,1.0599536,1.0599536,1.03721578,1.0599536,10108.686668700297,0.0015798451051729,1.000,1.008,1.000,1.000,1.000,1.000
0.15272634,0.19362478,0.1514327,0.14680998,0.18856484,0.16684136,1.0,1.0,1.0,1.0,1.04232019,1.04464037,1.02385151,1.04464037,1.02227378,1.05819026,1.0187471,1.05819026,1.04473318,1.05132251,1.0199536,1.05132251,1.0599536,1.0599536,1.03721578,1.0599536,1.07016241,1.08482599,1.06598608,1.08482599,10110.599688468115,0.0001892272298573,1.000,1.001,1.000,1.000,1.000,1.000
0.1520255,0.19853011,0.1474833,0.1449519,0.19039272,0.16661645,1.0,1.0,1.0,1.0,1.02227378,1.05819026,1.0187471,1.05819026,1.04473318,1.05132251,1.0199536,1.05132251,1.0599536,1.0599536,1.03721578,1.0599536,1.07016241,1.08482599,1.06598608,1.08482599,1.07916473,1.08148492,1.06190255,1.08148492,10067.343246320894,-0.0042875042863544,1.000,0.979,1.000,1.000,1.000,1.000
0.1515219,0.20792599,0.14174718,0.14240189,0.19179483,0.16460824,1.0,1.0,1.0,1.0,1.04473318,1.05132251,1.0199536,1.05132251,1.0599536,1.0599536,1.03721578,1.0599536,1.07016241,1.08482599,1.06598608,1.08482599,1.07916473,1.08148492,1.06190255,1.08148492,1.08037123,1.08157773,1.07136891,1.08157773,10058.169989864327,-0.0009116047858436,1.000,0.996,1.000,1.000,1.000,1.000
0.15116887,0.21921209,0.13485348,0.13902523,0.1924868,0.16325355,1.0,1.0,1.0,1.0,1.0599536,1.0599536,1.03721578,1.0599536,1.07016241,1.08482599,1.06598608,1.08482599,1.07916473,1.08148492,1.06190255,1.08148492,1.08037123,1.08157773,1.07136891,1.08157773,1.05726218,1.08111369,1.05540603,1.08111369,10091.78158694363,0.0033361497793818,1.000,1.016,1.000,1.000,1.000,1.000
0.15086573,0.23738396,0.12692817,0.13503228,0.18983094,0.15995884,1.0,1.0,1.0,1.0,1.07016241,1.08482599,1.06598608,1.08482599,1.07916473,1.08148492,1.06190255,1.08148492,1.08037123,1.08157773,1.07136891,1.08157773,1.05726218,1.08111369,1.05540603,1.08111369,1.05290023,1.06078886,1.03823666,1.06078886,10053.271290468096,-0.0038233052671291,1.000,0.984,1.000,1.000,1.000,1.000
0.14791209,0.27100778,0.11440112,0.12638226,0.1853265,0.1549703,1.0,1.0,1.0,1.0,1.07916473,1.08148492,1.06190255,1.08148492,1.08037123,1.08157773,1.07136891,1.08157773,1.05726218,1.08111369,1.05540603,1.08111369,1.05290023,1.06078886,1.03823666,1.06078886,1.06923434,1.07071926,1.05484919,1.07071926,10073.725336257105,0.0020324992555765,1.000,1.008,1.000,1.000,1.000,1.000
0.14868934,0.28743684,0.10921558,0.12447681,0.17706835,0.1531131,1.0,1.0,1.0,1.0,1.08037123,1.08157773,1.07136891,1.08157773,1.05726218,1.08111369,1.05540603,1.08111369,1.05290023,1.06078886,1.03823666,1.06078886,1.06923434,1.07071926,1.05484919,1.07071926,1.05243619,1.05967517,1.04426914,1.05967517,10090.120105683864,0.0016261553964793,1.000,1.006,1.000,1.000,1.000,1.000
0.14199021,0.3468333,0.09255487,0.11115559,0.16436058,0.14310537,1.0,1.0,1.0,1.0,1.05726218,1.08111369,1.05540603,1.08111369,1.05290023,1.06078886,1.03823666,1.06078886,1.06923434,1.07071926,1.05484919,1.07071926,1.05243619,1.05967517,1.04426914,1.05967517,1.06097448,1.06468677,1.05150812,1.06468677,10078.479536749312,-0.0011543260745399,1.000,0.997,1.000,1.000,1.000,1.000
0.13310243,0.41625574,0.07626522,0.09666155,0.14735673,0.13035835,1.0,1.0,1.0,1.0,1.05290023,1.06078886,1.03823666,1.06078886,1.06923434,1.07071926,1.05484919,1.07071926,1.05243619,1.05967517,1.04426914,1.05967517,1.06097448,1.06468677,1.05150812,1.06468677,1.06728538,1.07192575,1.04287703,1.07192575,9992.183351267237,-0.0085992891960921,1.000,0.980,1.000,1.000,1.000,1.000
0.12214481,0.50649464,0.05812904,0.07962212,0.12071225,0.11289708,1.0,1.0,1.0,1.0,1.06923434,1.07071926,1.05484919,1.07071926,1.05243619,1.05967517,1.04426914,1.05967517,1.06097448,1.06468677,1.05150812,1.06468677,1.06728538,1.07192575,1.04287703,1.07192575,1.06459397,1.08296984,1.05819026,1.08296984,9835.80630945742,-0.0157736903045424,1.000,0.970,1.000,1.000,1.000,1.000
0.12994218,0.49617907,0.06197795,0.08613262,0.11250586,0.11326235,1.0,1.0,1.0,1.0,1.05243619,1.05967517,1.04426914,1.05967517,1.06097448,1.06468677,1.05150812,1.06468677,1.06728538,1.07192575,1.04287703,1.07192575,1.06459397,1.08296984,1.05819026,1.08296984,1.04352668,1.06329466,1.04352668,1.06329466,9890.366061138166,0.0055317260523726,1.000,1.011,1.000,1.000,1.000,1.000
0.13803399,0.47213235,0.07091001,0.09583598,0.10731762,0.11577006,1.0,1.0,1.0,1.0,1.06097448,1.06468677,1.05150812,1.06468677,1.06728538,1.07192575,1.04287703,1.07192575,1.06459397,1.08296984,1.05819026,1.08296984,1.04352668,1.06329466,1.04352668,1.06329466,1.01215777,1.05345708,1.00102088,1.05345708,9858.688381548764,-0.0032080226269724,1.000,0.993,1.000,1.000,1.000,1.000
0.15210328,0.37914538,0.10586319,0.12234197,0.11223838,0.12830791,1.0,1.0,1.0,1.0,1.06728538,1.07192575,1.04287703,1.07192575,1.06459397,1.08296984,1.05819026,1.08296984,1.04352668,1.06329466,1.04352668,1.06329466,1.01215777,1.05345708,1.00102088,1.05345708,1.02366589,1.03517401,1.00909513,1.03517401,9881.735984563637,0.0023350676824117,1.000,1.007,1.000,1.000,1.000,1.000
0.1629129,0.29098073,0.14318542,0.14518842,0.11908211,0.13865049,1.0,1.0,1.0,1.0,1.06459397,1.08296984,1.05819026,1.08296984,1.04352668,1.06329466,1.04352668,1.06329466,1.01215777,1.05345708,1.00102088,1.05345708,1.02366589,1.03517401,1.00909513,1.03517401,1.01698376,1.01735499,0.99591647,1.01735499,9888.062528524722,0.0006400211082435,1.000,1.004,1.000,1.000,1.000,1.000
0.16590762,0.26616842,0.15867592,0.15189573,0.11753783,0.13981445,1.0,1.0,1.0,1.0,1.04352668,1.06329466,1.04352668,1.06329466,1.01215777,1.05345708,1.00102088,1.05345708,1.02366589,1.03517401,1.00909513,1.03517401,1.01698376,1.01735499,0.99591647,1.01735499,1.02440835,1.03025522,0.99814385,1.03025522,9899.425447047632,0.0011484954316536,1.000,1.005,1.000,1.000,1.000,1.000
0.16580074,0.24786347,0.1728633,0.15692475,0.11595243,0.14059538,1.0,1.0,1.0,1.0,1.01215777,1.05345708,1.00102088,1.05345708,1.02366589,1.03517401,1.00909513,1.03517401,1.01698376,1.01735499,0.99591647,1.01735499,1.02440835,1.03025522,0.99814385,1.03025522,1.02812065,1.03359629,1.01225058,1.03359629,9886.754648253023,-0.0012807727884467,1.000,0.995,1.000,1.000,1.000,1.000
0.16735564,0.23322545,0.1853648,0.16086829,0.11407664,0.13910924,1.0,1.0,1.0,1.0,1.02366589,1.03517401,1.00909513,1.03517401,1.01698376,1.01735499,0.99591647,1.01735499,1.02440835,1.03025522,0.99814385,1.03025522,1.02812065,1.03359629,1.01225058,1.03359629,1.03303944,1.03703016,1.0187471,1.03703016,9859.256976343377,-0.0027851386100007,1.000,0.988,1.000,1.000,1.000,1.000
0.16836798,0.22698598,0.19368783,0.16076203,0.11177738,0.13841873,1.0,1.0,1.0,1.0,1.01698376,1.01735499,0.99591647,1.01735499,1.02440835,1.03025522,0.99814385,1.03025522,1.02812065,1.03359629,1.01225058,1.03359629,1.03303944,1.03703016,1.0187471,1.03703016,1.02812065,1.03730858,1.01540603,1.03730858,9912.337628829791,0.0053693979746738,1.000,1.024,1.000,1.000,1.000,1.000
0.17223012,0.23163457,0.19296661,0.15926485,0.10657851,0.13732533,1.0,1.0,1.0,1.0,1.02440835,1.03025522,0.99814385,1.03025522,1.02812065,1.03359629,1.01225058,1.03359629,1.03303944,1.03703016,1.0187471,1.03703016,1.02812065,1.03730858,1.01540603,1.03730858,1.0162413,1.02264501,1.00426914,1.02264501,9901.39811607556,-0.0011042353654709,1.000,0.995,1.000,1.000,1.000,1.000
0.17427148,0.22892223,0.195878,0.16070034,0.10294937,0.1372786,1.0,1.0,1.0,1.0,1.02812065,1.03359629,1.01225058,1.03359629,1.03303944,1.03703016,1.0187471,1.03703016,1.02812065,1.03730858,1.01540603,1.03730858,1.0162413,1.02264501,1.00426914,1.02264501,1.04055684,1.04204176,1.01614849,1.04204176,9904.989232796594,0.0003626220872217,1.000,1.002,1.000,1.000,1.000,1.000
0.17887966,0.2501923,0.18281725,0.15610944,0.09375506,0.13824633,1.0,1.0,1.0,1.0,1.03303944,1.03703016,1.0187471,1.03703016,1.02812065,1.03730858,1.01540603,1.03730858,1.0162413,1.02264501,1.00426914,1.02264501,1.04055684,1.04204176,1.01614849,1.04204176,1.03573086,1.04640371,1.03424594,1.04640371,9868.750885681056,-0.0036653043348002,1.000,0.986,1.000,1.000,1.000,1.000
0.18830632,0.32337222,0.13995539,0.13913718,0.07527103,0.13395791,1.0,1.0,1.0,1.0,1.02812065,1.03730858,1.01540603,1.03730858,1.0162413,1.02264501,1.00426914,1.02264501,1.04055684,1.04204176,1.01614849,1.04204176,1.03573086,1.04640371,1.03424594,1.04640371,1.0374942,1.04361949,1.02719258,1.04361949,9912.658526472169,0.0044392906475652,1.000,1.015,1.000,1.000,1.000,1.000
0.14774378,0.6576231,0.02705125,0.05795529,0.02615017,0.08347647,1.0,1.0,1.0,1.0,1.0162413,1.02264501,1.00426914,1.02264501,1.04055684,1.04204176,1.01614849,1.04204176,1.03573086,1.04640371,1.03424594,1.04640371,1.0374942,1.04361949,1.02719258,1.04361949,1.02283063,1.0349884,1.01679814,1.0349884,9849.331879459762,-0.0064089560283962,1.000,0.993,1.000,1.000,1.000,1.000
0.07622562,0.8427239,0.00755384,0.01809335,0.0084491,0.04695415,1.0,1.0,1.0,1.0,1.04055684,1.04204176,1.01614849,1.04204176,1.03573086,1.04640371,1.03424594,1.04640371,1.0374942,1.04361949,1.02719258,1.04361949,1.02283063,1.0349884,1.01679814,1.0349884,1.03814385,1.04037123,1.02542923,1.04037123,9893.610905517398,0.0044855623380994,1.000,1.006,1.000,1.000,1.000,1.000
0.027951794,0.95622694,0.00077447691,0.0028261659,0.0011489126,0.011071774,1.0,1.0,1.0,1.0,1.03573086,1.04640371,1.03424594,1.04640371,1.0374942,1.04361949,1.02719258,1.04361949,1.02283063,1.0349884,1.01679814,1.0349884,1.03814385,1.04037123,1.02542923,1.04037123,1.03053364,1.03944316,1.02580046,1.03944316,10061.82700299277,0.0168595730927405,1.000,1.018,1.000,1.000,1.000,1.000
0.11683509,0.7711758,0.01723872,0.02698804,0.01197343,0.05578893,1.0,1.0,1.0,1.0,1.0374942,1.04361949,1.02719258,1.04361949,1.02283063,1.0349884,1.01679814,1.0349884,1.03814385,1.04037123,1.02542923,1.04037123,1.03053364,1.03944316,1.02580046,1.03944316,1.03693735,1.03712297,1.02190255,1.03712297,10054.478139357305,-0.0007306375510197,1.000,1.000,1.000,1.000,1.000,1.000
0.20702308,0.56708354,0.04735948,0.05170088,0.02485291,0.10198016,1.0,1.0,1.0,1.0,1.02283063,1.0349884,1.01679814,1.0349884,1.03814385,1.04037123,1.02542923,1.04037123,1.03053364,1.03944316,1.02580046,1.03944316,1.03693735,1.03712297,1.02190255,1.03712297,1.05587007,1.05958237,1.02849188,1.05958237,10133.695165575858,0.007847904968956,1.000,1.015,1.000,1.000,1.000,1.000
0.13617913,0.13645937,0.37506658,0.13743892,0.09034128,0.12451474,1.0,1.0,1.0,1.0,1.03814385,1.04037123,1.02542923,1.04037123,1.03053364,1.03944316,1.02580046,1.03944316,1.03693735,1.03712297,1.02190255,1.03712297,1.05587007,1.05958237,1.02849188,1.05958237,1.05577726,1.07266821,1.05522042,1.07266821,10153.018868348105,0.0019050604828512,1.000,1.031,1.000,1.000,1.000,1.000
0.12516308,0.10639574,0.4137803,0.13827805,0.09291418,0.12346864,1.0,1.0,1.0,1.0,1.03053364,1.03944316,1.02580046,1.03944316,1.03693735,1.03712297,1.02190255,1.03712297,1.05587007,1.05958237,1.02849188,1.05958237,1.05577726,1.07266821,1.05522042,1.07266821,1.07192575,1.07192575,1.05893271,1.07192575,10116.652611057112,-0.0035882472340477,1.000,0.968,1.000,1.000,1.000,1.000
0.11797622,0.08829816,0.4431514,0.13679273,0.09134919,0.12243229,1.0,1.0,1.0,1.0,1.03693735,1.03712297,1.02190255,1.03712297,1.05587007,1.05958237,1.02849188,1.05958237,1.05577726,1.07266821,1.05522042,1.07266821,1.07192575,1.07192575,1.05893271,1.07192575,1.10515081,1.10654292,1.07962877,1.10654292,10109.689080774284,-0.0006885605577174,1.000,0.994,1.000,1.000,1.000,1.000
0.11248283,0.07548165,0.46431315,0.13572961,0.09009572,0.12189704,1.0,1.0,1.0,1.0,1.05587007,1.05958237,1.02849188,1.05958237,1.05577726,1.07266821,1.05522042,1.07266821,1.07192575,1.07192575,1.05893271,1.07192575,1.10515081,1.10654292,1.07962877,1.10654292,1.06988399,1.09633411,1.06654292,1.09633411,10140.20245140404,0.0030136846585625,1.000,1.041,1.000,1.000,1.000,1.000
0.10683245,0.06481437,0.48686612,0.13326825,0.08748106,0.12073775,1.0,1.0,1.0,1.0,1.05577726,1.07266821,1.05522042,1.07266821,1.07192575,1.07192575,1.05893271,1.07192575,1.10515081,1.10654292,1.07962877,1.10654292,1.06988399,1.09633411,1.06654292,1.09633411,1.06310905,1.08157773,1.05791183,1.08157773,10146.143177141656,0.0005856871430877,1.000,1.011,1.000,1.000,1.000,1.000
0.10629085,0.06177342,0.48226488,0.13444851,0.09068302,0.12453934,1.0,1.0,1.0,1.0,1.07192575,1.07192575,1.05893271,1.07192575,1.10515081,1.10654292,1.07962877,1.10654292,1.06988399,1.09633411,1.06654292,1.09633411,1.06310905,1.08157773,1.05791183,1.08157773,1.10691415,1.10719258,1.07712297,1.10719258,10140.390584776293,-0.000567134098616,1.000,0.991,1.000,1.000,1.000,1.000
0.10789315,0.06222746,0.4661473,0.13748918,0.09543745,0.13080548,1.0,1.0,1.0,1.0,1.10515081,1.10654292,1.07962877,1.10654292,1.06988399,1.09633411,1.06654292,1.09633411,1.06310905,1.08157773,1.05791183,1.08157773,1.10691415,1.10719258,1.07712297,1.10719258,1.11860789,1.12009281,1.09763341,1.12009281,10148.48553203394,0.0007979690585702,1.000,1.014,1.000,1.000,1.000,1.000
0.11508214,0.07012877,0.4219768,0.14443944,0.10543269,0.1429401,1.0,1.0,1.0,1.0,1.06988399,1.09633411,1.06654292,1.09633411,1.06310905,1.08157773,1.05791183,1.08157773,1.10691415,1.10719258,1.07712297,1.10719258,1.11860789,1.12009281,1.09763341,1.12009281,1.10904872,1.1250116,1.10858469,1.1250116,10154.591654057016,0.000601497216526,1.000,1.011,1.000,1.000,1.000,1.000
0.11637506,0.07103878,0.4110006,0.14481083,0.10763527,0.14913945,1.0,1.0,1.0,1.0,1.06310905,1.08157773,1.05791183,1.08157773,1.10691415,1.10719258,1.07712297,1.10719258,1.11860789,1.12009281,1.09763341,1.12009281,1.10904872,1.1250116,1.10858469,1.1250116,1.12464037,1.1263109,1.11006961,1.1263109,10150.712624872018,-0.0003820705347628,1.000,0.995,1.000,1.000,1.000,1.000
