Action_Cash,Action_TSM,Action_MRVL,Action_NVDA,Action_RTX,Action_GM,State_Cash_close_L1,State_Cash_high_L1,State_Cash_low_L1,State_Cash_open_L1,State_TSM_close_L1,State_TSM_high_L1,State_TSM_low_L1,State_TSM_open_L1,State_MRVL_close_L1,State_MRVL_high_L1,State_MRVL_low_L1,State_MRVL_open_L1,State_NVDA_close_L1,State_NVDA_high_L1,State_NVDA_low_L1,State_NVDA_open_L1,State_RTX_close_L1,State_RTX_high_L1,State_RTX_low_L1,State_RTX_open_L1,State_GM_close_L1,State_GM_high_L1,State_GM_low_L1,State_GM_open_L1
0.16630617,0.16687971,0.16726851,0.16689925,0.1668302,0.16581611,1.0,1.0,1.0,1.0,1.02561449,1.0402512,1.02404627,1.0402512,1.04652412,1.04826656,1.03589508,1.04826656,1.05105443,1.05663031,1.04408455,1.05663031,1.01742491,1.04025121,1.01515969,1.04025121,1.02369772,1.04007686,1.01585662,1.04007686
0.16630627,0.16687992,0.16726886,0.1668989,0.16683087,0.16581523,1.0,1.0,1.0,1.0,1.04652412,1.04826656,1.03589508,1.04826656,1.05105443,1.05663031,1.04408455,1.05663031,1.01742491,1.04025121,1.01515969,1.04025121,1.02369772,1.04007686,1.01585662,1.04007686,1.02073558,1.02369774,1.01080347,1.02369774
0.16630675,0.16687962,0.16726819,0.16689883,0.16683072,0.16581593,1.0,1.0,1.0,1.0,1.05105443,1.05663031,1.04408455,1.05663031,1.01742491,1.04025121,1.01515969,1.04025121,1.02369772,1.04007686,1.01585662,1.04007686,1.02073558,1.02369774,1.01080347,1.02369774,1.01481115,1.02805385,1.00139417,1.02805385
0.16630691,0.1668796,0.16726737,0.16689888,0.16683033,0.1658169,1.0,1.0,1.0,1.0,1.01742491,1.04025121,1.01515969,1.04025121,1.02369772,1.04007686,1.01585662,1.04007686,1.02073558,1.02369774,1.01080347,1.02369774,1.01481115,1.02805385,1.00139417,1.02805385,1.01672785,1.02700839,1.01620513,1.02700839
0.16630675,0.16687964,0.16726747,0.16689894,0.16683029,0.16581696,1.0,1.0,1.0,1.0,1.02369772,1.04007686,1.01585662,1.04007686,1.02073558,1.02369774,1.01080347,1.02369774,1.01481115,1.02805385,1.00139417,1.02805385,1.01672785,1.02700839,1.01620513,1.02700839,1.00156824,1.01184878,0.98658304,1.01184878
0.16630693,0.16687937,0.16726775,0.16689864,0.16683051,0.16581678,1.0,1.0,1.0,1.0,1.02073558,1.02369774,1.01080347,1.02369774,1.01481115,1.02805385,1.00139417,1.02805385,1.01672785,1.02700839,1.01620513,1.02700839,1.00156824,1.01184878,0.98658304,1.01184878,1.00592465,1.01306875,1.00121999,1.01306875
0.16630712,0.16687906,0.16726723,0.16689874,0.16683026,0.1658176,1.0,1.0,1.0,1.0,1.01481115,1.02805385,1.00139417,1.02805385,1.01672785,1.02700839,1.01620513,1.02700839,1.00156824,1.01184878,0.98658304,1.01184878,1.00592465,1.01306875,1.00121999,1.01306875,0.96288569,0.97560574,0.95940081,0.97560574
0.1663065,0.16687903,0.16726762,0.16689922,0.16682997,0.16581759,1.0,1.0,1.0,1.0,1.01672785,1.02700839,1.01620513,1.02700839,1.00156824,1.01184878,0.98658304,1.01184878,1.00592465,1.01306875,1.00121999,1.01306875,0.96288569,0.97560574,0.95940081,0.97560574,0.99477278,0.99529549,0.96671909,0.99529549
0.16630605,0.1668794,0.16726913,0.16689886,0.1668307,0.16581586,1.0,1.0,1.0,1.0,1.00156824,1.01184878,0.98658304,1.01184878,1.00592465,1.01306875,1.00121999,1.01306875,0.96288569,0.97560574,0.95940081,0.97560574,0.99477278,0.99529549,0.96671909,0.99529549,0.99651514,1.0022653,0.99059076,1.0022653
0.16630588,0.16687882,0.16726966,0.1668994,0.16683066,0.16581552,1.0,1.0,1.0,1.0,1.00592465,1.01306875,1.00121999,1.01306875,0.96288569,0.97560574,0.95940081,0.97560574,0.99477278,0.99529549,0.96671909,0.99529549,0.99651514,1.0022653,0.99059076,1.0022653,0.97229513,0.97647707,0.95940093,0.97647707
0.16630594,0.16687879,0.16726954,0.16689925,0.16683075,0.16581576,1.0,1.0,1.0,1.0,0.96288569,0.97560574,0.95940081,0.97560574,0.99477278,0.99529549,0.96671909,0.99529549,0.99651514,1.0022653,0.99059076,1.0022653,0.97229513,0.97647707,0.95940093,0.97647707,0.93988517,0.96671914,0.93396079,0.96671914
0.1663056,0.16687925,0.16727018,0.16689906,0.16683106,0.1658148,1.0,1.0,1.0,1.0,0.99477278,0.99529549,0.96671909,0.99529549,0.99651514,1.0022653,0.99059076,1.0022653,0.97229513,0.97647707,0.95940093,0.97647707,0.93988517,0.96671914,0.93396079,0.96671914,0.95434765,0.9573098,0.9433701,0.9573098
0.16630512,0.16687943,0.16727109,0.16689941,0.16683121,0.16581374,1.0,1.0,1.0,1.0,0.99651514,1.0022653,0.99059076,1.0022653,0.97229513,0.97647707,0.95940093,0.97647707,0.93988517,0.96671914,0.93396079,0.96671914,0.95434765,0.9573098,0.9433701,0.9573098,1.0022653,1.00435624,0.99146204,1.00435624
0.1663052,0.16687946,0.16727118,0.16689928,0.16683131,0.16581358,1.0,1.0,1.0,1.0,0.97229513,0.97647707,0.95940093,0.97647707,0.93988517,0.96671914,0.93396079,0.96671914,0.95434765,0.9573098,0.9433701,0.9573098,1.0022653,1.00435624,0.99146204,1.00435624,1.0092351,1.01324283,0.99616662,1.01324283
0.16630627,0.16687925,0.16726997,0.16689844,0.16683134,0.16581467,1.0,1.0,1.0,1.0,0.93988517,0.96671914,0.93396079,0.96671914,0.95434765,0.9573098,0.9433701,0.9573098,1.0022653,1.00435624,0.99146204,1.00435624,1.0092351,1.01324283,0.99616662,1.01324283,1.01097768,1.01550806,0.99808342,1.01550806
0.16630705,0.16687886,0.16726775,0.16689862,0.1668304,0.1658173,1.0,1.0,1.0,1.0,0.95434765,0.9573098,0.9433701,0.9573098,1.0022653,1.00435624,0.99146204,1.00435624,1.0092351,1.01324283,0.99616662,1.01324283,1.01097768,1.01550806,0.99808342,1.01550806,0.97926486,0.995644,0.97682542,0.995644
0.16630645,0.16687939,0.16726774,0.1668989,0.1668301,0.16581744,1.0,1.0,1.0,1.0,1.0022653,1.00435624,0.99146204,1.00435624,1.0092351,1.01324283,0.99616662,1.01324283,1.01097768,1.01550806,0.99808342,1.01550806,0.97926486,0.995644,0.97682542,0.995644,0.99355292,0.99407564,0.98170416,0.99407564
0.16630559,0.16687989,0.16726974,0.16689895,0.16683078,0.1658151,1.0,1.0,1.0,1.0,1.0092351,1.01324283,0.99616662,1.01324283,1.01097768,1.01550806,0.99808342,1.01550806,0.97926486,0.995644,0.97682542,0.995644,0.99355292,0.99407564,0.98170416,0.99407564,1.02212941,1.02631135,1.00731849,1.02631135
0.16630533,0.16687983,0.16727091,0.16689913,0.16683125,0.16581357,1.0,1.0,1.0,1.0,1.01097768,1.01550806,0.99808342,1.01550806,0.97926486,0.995644,0.97682542,0.995644,0.99355292,0.99407564,0.98170416,0.99407564,1.02212941,1.02631135,1.00731849,1.02631135,1.03903138,1.04112231,1.0263114,1.04112231
0.16630594,0.16687956,0.16726992,0.166899,0.16683108,0.16581446,1.0,1.0,1.0,1.0,0.97926486,0.995644,0.97682542,0.995644,0.99355292,0.99407564,0.98170416,0.99407564,1.02212941,1.02631135,1.00731849,1.02631135,1.03903138,1.04112231,1.0263114,1.04112231,1.03380401,1.0402511,1.02352346,1.0402511
0.16630676,0.16687945,0.16726829,0.16689861,0.1668307,0.16581613,1.0,1.0,1.0,1.0,0.99355292,0.99407564,0.98170416,0.99407564,1.02212941,1.02631135,1.00731849,1.02631135,1.03903138,1.04112231,1.0263114,1.04112231,1.03380401,1.0402511,1.02352346,1.0402511,1.0139399,1.03101604,1.00836402,1.03101604
0.16630712,0.16687945,0.16726719,0.16689861,0.16683027,0.16581741,1.0,1.0,1.0,1.0,1.02212941,1.02631135,1.00731849,1.02631135,1.03903138,1.04112231,1.0263114,1.04112231,1.03380401,1.0402511,1.02352346,1.0402511,1.0139399,1.03101604,1.00836402,1.03101604,0.9789164,0.98553778,0.96933286,0.98553778
0.1663065,0.16687962,0.16726771,0.16689903,0.16683018,0.16581699,1.0,1.0,1.0,1.0,1.03903138,1.04112231,1.0263114,1.04112231,1.03380401,1.0402511,1.02352346,1.0402511,1.0139399,1.03101604,1.00836402,1.03101604,0.9789164,0.98553778,0.96933286,0.98553778,1.00435641,1.00958379,0.99320465,1.00958379
0.1663059,0.16687998,0.1672692,0.16689894,0.16683078,0.16581523,1.0,1.0,1.0,1.0,1.03380401,1.0402511,1.02352346,1.0402511,1.0139399,1.03101604,1.00836402,1.03101604,0.9789164,0.98553778,0.96933286,0.98553778,1.00435641,1.00958379,0.99320465,1.00958379,0.98414362,0.99390145,0.97246915,0.99390145
0.16630638,0.16687942,0.16726913,0.1668989,0.16683081,0.16581541,1.0,1.0,1.0,1.0,1.0139399,1.03101604,1.00836402,1.03101604,0.9789164,0.98553778,0.96933286,0.98553778,1.00435641,1.00958379,0.99320465,1.00958379,0.98414362,0.99390145,0.97246915,0.99390145,0.96863571,0.98710585,0.96741599,0.98710585
0.16630746,0.16687876,0.1672672,0.16689861,0.16683039,0.16581763,1.0,1.0,1.0,1.0,0.9789164,0.98553778,0.96933286,0.98553778,1.00435641,1.00958379,0.99320465,1.00958379,0.98414362,0.99390145,0.97246915,0.99390145,0.96863571,0.98710585,0.96741599,0.98710585,0.94302151,0.95295355,0.92664237,0.95295355
0.16630785,0.16687843,0.16726592,0.1668985,0.16682984,0.16581945,1.0,1.0,1.0,1.0,1.00435641,1.00958379,0.99320465,1.00958379,0.98414362,0.99390145,0.97246915,0.99390145,0.96863571,0.98710585,0.96741599,0.98710585,0.94302151,0.95295355,0.92664237,0.95295355,0.93849127,0.96654496,0.93796855,0.96654496
0.16630675,0.16687874,0.16726704,0.16689894,0.1668298,0.16581868,1.0,1.0,1.0,1.0,0.98414362,0.99390145,0.97246915,0.99390145,0.96863571,0.98710585,0.96741599,0.98710585,0.94302151,0.95295355,0.92664237,0.95295355,0.93849127,0.96654496,0.93796855,0.96654496,0.9588781,0.96549948,0.94755212,0.96549948
0.16630636,0.166878,0.1672688,0.16689901,0.1668303,0.16581745,1.0,1.0,1.0,1.0,0.96863571,0.98710585,0.96741599,0.98710585,0.94302151,0.95295355,0.92664237,0.95295355,0.93849127,0.96654496,0.93796855,0.96654496,0.9588781,0.96549948,0.94755212,0.96549948,0.92855925,0.95138549,0.92821075,0.95138549
0.16630605,0.16687773,0.16726933,0.1668991,0.16683033,0.16581745,1.0,1.0,1.0,1.0,0.94302151,0.95295355,0.92664237,0.95295355,0.93849127,0.96654496,0.93796855,0.96654496,0.9588781,0.96549948,0.94755212,0.96549948,0.92855925,0.95138549,0.92821075,0.95138549,0.93814259,0.94180175,0.88865661,0.94180175
0.16630498,0.1668781,0.16727097,0.16689941,0.1668305,0.16581604,1.0,1.0,1.0,1.0,0.93849127,0.96654496,0.93796855,0.96654496,0.9588781,0.96549948,0.94755212,0.96549948,0.92855925,0.95138549,0.92821075,0.95138549,0.93814259,0.94180175,0.88865661,0.94180175,0.97543139,0.97595411,0.93796845,0.97595411
0.16630498,0.16687807,0.16727352,0.16689867,0.16683194,0.16581273,1.0,1.0,1.0,1.0,0.9588781,0.96549948,0.94755212,0.96549948,0.92855925,0.95138549,0.92821075,0.95138549,0.93814259,0.94180175,0.88865661,0.94180175,0.97543139,0.97595411,0.93796845,0.97595411,0.95626449,0.98222717,0.94162779,0.98222717
0.166304,0.16687804,0.16727336,0.16690014,0.16683124,0.16581324,1.0,1.0,1.0,1.0,0.92855925,0.95138549,0.92821075,0.95138549,0.93814259,0.94180175,0.88865661,0.94180175,0.97543139,0.97595411,0.93796845,0.97595411,0.95626449,0.98222717,0.94162779,0.98222717,0.99459873,0.99477295,0.96793898,0.99477295
0.16630541,0.1668773,0.16727252,0.166899,0.1668314,0.16581434,1.0,1.0,1.0,1.0,0.93814259,0.94180175,0.88865661,0.94180175,0.97543139,0.97595411,0.93796845,0.97595411,0.95626449,0.98222717,0.94162779,0.98222717,0.99459873,0.99477295,0.96793898,0.99477295,0.97107527,0.98257553,0.96271145,0.98257553
0.1663064,0.16687699,0.1672706,0.16689858,0.16683099,0.16581647,1.0,1.0,1.0,1.0,0.97543139,0.97595411,0.93796845,0.97595411,0.95626449,0.98222717,0.94162779,0.98222717,0.99459873,0.99477295,0.96793898,0.99477295,0.97107527,0.98257553,0.96271145,0.98257553,0.95957509,0.95974937,0.94040801,0.95974937
0.16630764,0.16687551,0.16726811,0.16689883,0.16682999,0.16581991,1.0,1.0,1.0,1.0,0.95626449,0.98222717,0.94162779,0.98222717,0.99459873,0.99477295,0.96793898,0.99477295,0.97107527,0.98257553,0.96271145,0.98257553,0.95957509,0.95974937,0.94040801,0.95974937,0.9031191,0.94336997,0.88970212,0.94336997
0.16630568,0.1668759,0.16727017,0.16690004,0.16682965,0.16581857,1.0,1.0,1.0,1.0,0.99459873,0.99477295,0.96793898,0.99477295,0.97107527,0.98257553,0.96271145,0.98257553,0.95957509,0.95974937,0.94040801,0.95974937,0.9031191,0.94336997,0.88970212,0.94336997,0.94981726,0.95173398,0.91461954,0.95173398
0.16630433,0.16687632,0.16727634,0.16689922,0.16683187,0.16581191,1.0,1.0,1.0,1.0,0.97107527,0.98257553,0.96271145,0.98257553,0.95957509,0.95974937,0.94040801,0.95974937,0.9031191,0.94336997,0.88970212,0.94336997,0.94981726,0.95173398,0.91461954,0.95173398,0.91026331,0.93326383,0.90764959,0.93326383
0.16630533,0.16687348,0.16727622,0.16689989,0.166832,0.16581301,1.0,1.0,1.0,1.0,0.95957509,0.95974937,0.94040801,0.95974937,0.9031191,0.94336997,0.88970212,0.94336997,0.94981726,0.95173398,0.91461954,0.95173398,0.91026331,0.93326383,0.90764959,0.93326383,0.84840576,0.88848249,0.84526932,0.88848249
0.16630433,0.16687427,0.16727646,0.16689974,0.16683121,0.16581397,1.0,1.0,1.0,1.0,0.9031191,0.94336997,0.88970212,0.94336997,0.94981726,0.95173398,0.91461954,0.95173398,0.91026331,0.93326383,0.90764959,0.93326383,0.84840576,0.88848249,0.84526932,0.88848249,0.91008905,0.91409671,0.85886062,0.91409671
0.1663054,0.16687292,0.16727833,0.16689864,0.1668328,0.16581193,1.0,1.0,1.0,1.0,0.94981726,0.95173398,0.91461954,0.95173398,0.91026331,0.93326383,0.90764959,0.93326383,0.84840576,0.88848249,0.84526932,0.88848249,0.91008905,0.91409671,0.85886062,0.91409671,0.78236635,0.84248131,0.78236635,0.84248131
0.16630499,0.16687113,0.16727771,0.16690001,0.16683193,0.16581416,1.0,1.0,1.0,1.0,0.91026331,0.93326383,0.90764959,0.93326383,0.84840576,0.88848249,0.84526932,0.88848249,0.91008905,0.91409671,0.85886062,0.91409671,0.78236635,0.84248131,0.78236635,0.84248131,0.84579229,0.84614079,0.78463175,0.84614079
0.16630574,0.16687053,0.16727878,0.16689819,0.16683258,0.16581413,1.0,1.0,1.0,1.0,0.84840576,0.88848249,0.84526932,0.88848249,0.91008905,0.91409671,0.85886062,0.91409671,0.78236635,0.84248131,0.78236635,0.84248131,0.84579229,0.84614079,0.78463175,0.84614079,0.7731314,0.80310181,0.75379003,0.80310181
0.16630384,0.16686946,0.16728188,0.16689937,0.16683294,0.16581252,1.0,1.0,1.0,1.0,0.91008905,0.91409671,0.85886062,0.91409671,0.78236635,0.84248131,0.78236635,0.84248131,0.84579229,0.84614079,0.78463175,0.84614079,0.7731314,0.80310181,0.75379003,0.80310181,0.77202313,0.79471419,0.75109111,0.79471419
0.16630217,0.16687,0.16728745,0.1668983,0.16683498,0.16580713,1.0,1.0,1.0,1.0,0.78236635,0.84248131,0.78236635,0.84248131,0.84579229,0.84614079,0.78463175,0.84614079,0.7731314,0.80310181,0.75379003,0.80310181,0.77202313,0.79471419,0.75109111,0.79471419,0.78328073,0.84924307,0.78240125,0.84924307
0.16630156,0.16686915,0.16729039,0.1668989,0.16683565,0.16580431,1.0,1.0,1.0,1.0,0.84579229,0.84614079,0.78463175,0.84614079,0.7731314,0.80310181,0.75379003,0.80310181,0.77202313,0.79471419,0.75109111,0.79471419,0.78328073,0.84924307,0.78240125,0.84924307,0.7961213,0.80227782,0.76551481,0.80227782
0.1663003,0.16687034,0.16729209,0.16689898,0.16683562,0.16580269,1.0,1.0,1.0,1.0,0.7731314,0.80310181,0.75379003,0.80310181,0.77202313,0.79471419,0.75109111,0.79471419,0.78328073,0.84924307,0.78240125,0.84924307,0.7961213,0.80227782,0.76551481,0.80227782,0.85962112,0.8605006,0.83552289,0.8605006
0.16630065,0.16687086,0.16729409,0.1668981,0.16683725,0.16579905,1.0,1.0,1.0,1.0,0.77202313,0.79471419,0.75109111,0.79471419,0.78328073,0.84924307,0.78240125,0.84924307,0.7961213,0.80227782,0.76551481,0.80227782,0.85962112,0.8605006,0.83552289,0.8605006,0.8619078,0.88037724,0.84519733,0.88037724
0.16630118,0.16687055,0.16729105,0.1668996,0.16683592,0.16580167,1.0,1.0,1.0,1.0,0.78328073,0.84924307,0.78240125,0.84924307,0.7961213,0.80227782,0.76551481,0.80227782,0.85962112,0.8605006,0.83552289,0.8605006,0.8619078,0.88037724,0.84519733,0.88037724,0.87721099,0.88758907,0.86050052,0.88758907
0.16630302,0.16687077,0.16728687,0.16689867,0.16683492,0.16580579,1.0,1.0,1.0,1.0,0.7961213,0.80227782,0.76551481,0.80227782,0.85962112,0.8605006,0.83552289,0.8605006,0.8619078,0.88037724,0.84519733,0.88037724,0.87721099,0.88758907,0.86050052,0.88758907,0.82514494,0.8459011,0.81810893,0.8459011
0.16630344,0.1668713,0.16728432,0.16689874,0.16683413,0.16580808,1.0,1.0,1.0,1.0,0.85962112,0.8605006,0.83552289,0.8605006,0.8619078,0.88037724,0.84519733,0.88037724,0.87721099,0.88758907,0.86050052,0.88758907,0.82514494,0.8459011,0.81810893,0.8459011,0.84115179,0.84713238,0.82268234,0.84713238
0.1663029,0.16687167,0.16728446,0.16689919,0.16683394,0.16580777,1.0,1.0,1.0,1.0,0.8619078,0.88037724,0.84519733,0.88037724,0.87721099,0.88758907,0.86050052,0.88758907,0.82514494,0.8459011,0.81810893,0.8459011,0.84115179,0.84713238,0.82268234,0.84713238,0.84062401,0.86243552,0.8383373,0.86243552
0.16630378,0.16687016,0.16728377,0.16689935,0.16683392,0.165809,1.0,1.0,1.0,1.0,0.87721099,0.88758907,0.86050052,0.88758907,0.82514494,0.8459011,0.81810893,0.8459011,0.84115179,0.84713238,0.82268234,0.84713238,0.84062401,0.86243552,0.8383373,0.86243552,0.81810873,0.83657824,0.81441486,0.83657824
0.16630451,0.16686955,0.16728272,0.16689873,0.16683374,0.16581075,1.0,1.0,1.0,1.0,0.82514494,0.8459011,0.81810893,0.8459011,0.84115179,0.84713238,0.82268234,0.84713238,0.84062401,0.86243552,0.8383373,0.86243552,0.81810873,0.83657824,0.81441486,0.83657824,0.84660453,0.84818763,0.81986779,0.84818763
0.16630365,0.16686983,0.16728435,0.16689865,0.16683415,0.1658094,1.0,1.0,1.0,1.0,0.84115179,0.84713238,0.82268234,0.84713238,0.84062401,0.86243552,0.8383373,0.86243552,0.81810873,0.83657824,0.81441486,0.83657824,0.84660453,0.84818763,0.81986779,0.84818763,0.82778345,0.84695651,0.82285822,0.84695651
0.16630183,0.1668697,0.16728812,0.16689938,0.16683489,0.16580611,1.0,1.0,1.0,1.0,0.84062401,0.86243552,0.8383373,0.86243552,0.81810873,0.83657824,0.81441486,0.83657824,0.84660453,0.84818763,0.81986779,0.84818763,0.82778345,0.84695651,0.82285822,0.84695651,0.87897026,0.88125691,0.85328887,0.88125691
0.16630067,0.16687068,0.16729221,0.16689892,0.16683643,0.16580111,1.0,1.0,1.0,1.0,0.81810873,0.83657824,0.81441486,0.83657824,0.84660453,0.84818763,0.81986779,0.84818763,0.82778345,0.84695651,0.82285822,0.84695651,0.87897026,0.88125691,0.85328887,0.88125691,0.87457263,0.90271653,0.87351721,0.90271653
0.16630015,0.16687126,0.1672931,0.16689947,0.1668365,0.16579954,1.0,1.0,1.0,1.0,0.84660453,0.84818763,0.81986779,0.84818763,0.82778345,0.84695651,0.82285822,0.84695651,0.87897026,0.88125691,0.85328887,0.88125691,0.87457263,0.90271653,0.87351721,0.90271653,0.8842472,0.89005185,0.87140654,0.89005185
0.166301,0.1668716,0.16729122,0.16689943,0.16683613,0.16580068,1.0,1.0,1.0,1.0,0.82778345,0.84695651,0.82285822,0.84695651,0.87897026,0.88125691,0.85328887,0.88125691,0.87457263,0.90271653,0.87351721,0.90271653,0.8842472,0.89005185,0.87140654,0.89005185,0.85012271,0.89110728,0.83939283,0.89110728
0.16630293,0.1668719,0.16728655,0.16689888,0.1668351,0.1658046,1.0,1.0,1.0,1.0,0.87897026,0.88125691,0.85328887,0.88125691,0.87457263,0.90271653,0.87351721,0.90271653,0.8842472,0.89005185,0.87140654,0.89005185,0.85012271,0.89110728,0.83939283,0.89110728,0.85751024,0.86349082,0.84361416,0.86349082
0.16630356,0.16687214,0.16728242,0.16689941,0.1668334,0.165809,1.0,1.0,1.0,1.0,0.87457263,0.90271653,0.87351721,0.90271653,0.8842472,0.89005185,0.87140654,0.89005185,0.85012271,0.89110728,0.83939283,0.89110728,0.85751024,0.86349082,0.84361416,0.86349082,0.89057933,0.90183689,0.87861815,0.90183689
0.16630436,0.16687211,0.167281,0.16689895,0.16683319,0.16581042,1.0,1.0,1.0,1.0,0.8842472,0.89005185,0.87140654,0.89005185,0.85012271,0.89110728,0.83939283,0.89110728,0.85751024,0.86349082,0.84361416,0.86349082,0.89057933,0.90183689,0.87861815,0.90183689,0.8735173,0.87897021,0.86261154,0.87897021
0.16630407,0.16687141,0.16728102,0.16689965,0.16683291,0.16581099,1.0,1.0,1.0,1.0,0.85012271,0.89110728,0.83939283,0.89110728,0.85751024,0.86349082,0.84361416,0.86349082,0.89057933,0.90183689,0.87861815,0.90183689,0.8735173,0.87897021,0.86261154,0.87897021,0.92171371,0.93473024,0.90904892,0.93473024
0.16630238,0.16687222,0.16728394,0.16689976,0.16683356,0.16580817,1.0,1.0,1.0,1.0,0.85751024,0.86349082,0.84361416,0.86349082,0.89057933,0.90183689,0.87861815,0.90183689,0.8735173,0.87897021,0.86261154,0.87897021,0.92171371,0.93473024,0.90904892,0.93473024,0.94440457,0.95319955,0.93226753,0.95319955
0.16629235,0.16691385,0.16730517,0.16687216,0.166813,0.16580342,1.0,1.0,1.0,1.0,0.89057933,0.90183689,0.87861815,0.90183689,0.8735173,0.87897021,0.86261154,0.87897021,0.92171371,0.93473024,0.90904892,0.93473024,0.94440457,0.95319955,0.93226753,0.95319955,0.92505579,0.94669143,0.92452811,0.94669143
0.16625574,0.16696583,0.16730833,0.16686925,0.16680376,0.16579708,1.0,1.0,1.0,1.0,0.8735173,0.87897021,0.86261154,0.87897021,0.92171371,0.93473024,0.90904892,0.93473024,0.94440457,0.95319955,0.93226753,0.95319955,0.92505579,0.94669143,0.92452811,0.94669143,0.90359591,0.91133553,0.88864448,0.91133553
0.16620727,0.16693904,0.16735858,0.16694012,0.1668048,0.16575015,1.0,1.0,1.0,1.0,0.92171371,0.93473024,0.90904892,0.93473024,0.94440457,0.95319955,0.93226753,0.95319955,0.92505579,0.94669143,0.92452811,0.94669143,0.90359591,0.91133553,0.88864448,0.91133553,0.93138813,0.93420252,0.92188954,0.93420252
0.16618975,0.1669324,0.16741975,0.16703011,0.16682701,0.165601,1.0,1.0,1.0,1.0,0.94440457,0.95319955,0.93226753,0.95319955,0.92505579,0.94669143,0.92452811,0.94669143,0.90359591,0.91133553,0.88864448,0.91133553,0.93138813,0.93420252,0.92188954,0.93420252,0.92593524,0.93455435,0.91925104,0.93455435
0.16620448,0.16696669,0.16745913,0.16703485,0.16681243,0.16552238,1.0,1.0,1.0,1.0,0.92505579,0.94669143,0.92452811,0.94669143,0.90359591,0.91133553,0.88864448,0.91133553,0.93138813,0.93420252,0.92188954,0.93420252,0.92593524,0.93455435,0.91925104,0.93455435,0.92751835,0.93033274,0.91467769,0.93033274
0.16622865,0.16698527,0.1674632,0.16712666,0.16682352,0.16537268,1.0,1.0,1.0,1.0,0.90359591,0.91133553,0.88864448,0.91133553,0.93138813,0.93420252,0.92188954,0.93420252,0.92593524,0.93455435,0.91925104,0.93455435,0.92751835,0.93033274,0.91467769,0.93033274,0.94123851,0.94546013,0.93173998,0.94546013
0.16625842,0.16696244,0.1674332,0.16726537,0.16686544,0.16521515,1.0,1.0,1.0,1.0,0.93138813,0.93420252,0.92188954,0.93420252,0.92593524,0.93455435,0.91925104,0.93455435,0.92751835,0.93033274,0.91467769,0.93033274,0.94123851,0.94546013,0.93173998,0.94546013,0.92804612,0.9451084,0.92663896,0.9451084
0.16619293,0.16703895,0.167284,0.1673753,0.16693017,0.1651787,1.0,1.0,1.0,1.0,0.92593524,0.93455435,0.91925104,0.93455435,0.92751835,0.93033274,0.91467769,0.93033274,0.94123851,0.94546013,0.93173998,0.94546013,0.92804612,0.9451084,0.92663896,0.9451084,0.95830083,0.9619947,0.93983139,0.9619947
0.16609132,0.16703387,0.1671354,0.16758655,0.1670528,0.16510004,1.0,1.0,1.0,1.0,0.92751835,0.93033274,0.91467769,0.93033274,0.94123851,0.94546013,0.93173998,0.94546013,0.92804612,0.9451084,0.92663896,0.9451084,0.95830083,0.9619947,0.93983139,0.9619947,0.93455434,0.95706946,0.93156401,0.95706946
0.16596584,0.16704914,0.1669459,0.16788316,0.16721429,0.16494164,1.0,1.0,1.0,1.0,0.94123851,0.94546013,0.93173998,0.94546013,0.92804612,0.9451084,0.92663896,0.9451084,0.95830083,0.9619947,0.93983139,0.9619947,0.93455434,0.95706946,0.93156401,0.95706946,0.89884682,0.92452821,0.89867095,0.92452821
0.16584973,0.16711488,0.16661453,0.16827092,0.16739972,0.1647502,1.0,1.0,1.0,1.0,0.92804612,0.9451084,0.92663896,0.9451084,0.95830083,0.9619947,0.93983139,0.9619947,0.93455434,0.95706946,0.93156401,0.95706946,0.89884682,0.92452821,0.89867095,0.92452821,0.91731607,0.91784375,0.90201277,0.91784375
0.1656854,0.16725117,0.16632752,0.16861795,0.16757861,0.16453935,1.0,1.0,1.0,1.0,0.95830083,0.9619947,0.93983139,0.9619947,0.93455434,0.95706946,0.93156401,0.95706946,0.89884682,0.92452821,0.89867095,0.92452821,0.91731607,0.91784375,0.90201277,0.91784375,0.90957658,0.92487988,0.90728993,0.92487988
0.1656377,0.16735622,0.16612136,0.16903105,0.16762823,0.16422552,1.0,1.0,1.0,1.0,0.93455434,0.95706946,0.93156401,0.95706946,0.89884682,0.92452821,0.89867095,0.92452821,0.91731607,0.91784375,0.90201277,0.91784375,0.90957658,0.92487988,0.90728993,0.92487988,0.91696439,0.92558343,0.91467768,0.92558343
0.16565515,0.16746122,0.16586655,0.16941307,0.16764055,0.1639634,1.0,1.0,1.0,1.0,0.89884682,0.92452821,0.89867095,0.92452821,0.91731607,0.91784375,0.90201277,0.91784375,0.90957658,0.92487988,0.90728993,0.92487988,0.91696439,0.92558343,0.91467768,0.92558343,0.92048228,0.93191571,0.91643653,0.93191571
0.16574335,0.16750392,0.16564484,0.16980249,0.16763102,0.16367443,1.0,1.0,1.0,1.0,0.91731607,0.91784375,0.90201277,0.91784375,0.90957658,0.92487988,0.90728993,0.92487988,0.91696439,0.92558343,0.91467768,0.92558343,0.92048228,0.93191571,0.91643653,0.93191571,0.93068448,0.93824817,0.92294493,0.93824817
0.16573858,0.16762841,0.16547412,0.1701149,0.16769812,0.16334593,1.0,1.0,1.0,1.0,0.90957658,0.92487988,0.90728993,0.92487988,0.91696439,0.92558343,0.91467768,0.92558343,0.92048228,0.93191571,0.91643653,0.93191571,0.93068448,0.93824817,0.92294493,0.93824817,0.92171371,0.92927739,0.9213619,0.92927739
0.16560425,0.1679817,0.16528358,0.1704138,0.16765045,0.16306621,1.0,1.0,1.0,1.0,0.91696439,0.92558343,0.91467768,0.92558343,0.92048228,0.93191571,0.91643653,0.93191571,0.93068448,0.93824817,0.92294493,0.93824817,0.92171371,0.92927739,0.9213619,0.92927739,0.89884682,0.92593537,0.89849508,0.92593537
0.16534574,0.16839592,0.16506334,0.17087926,0.16749564,0.16282003,1.0,1.0,1.0,1.0,0.92048228,0.93191571,0.91643653,0.93191571,0.93068448,0.93824817,0.92294493,0.93824817,0.92171371,0.92927739,0.9213619,0.92927739,0.89884682,0.92593537,0.89849508,0.92593537,0.89568061,0.9150296,0.88794105,0.9150296
0.16508128,0.16878547,0.16481435,0.17135711,0.16740303,0.16255873,1.0,1.0,1.0,1.0,0.93068448,0.93824817,0.92294493,0.93824817,0.92171371,0.92927739,0.9213619,0.92927739,0.89884682,0.92593537,0.89849508,0.92593537,0.89568061,0.9150296,0.88794105,0.9150296,0.91643662,0.91731617,0.87580387,0.91731617
0.16485484,0.16901563,0.16457352,0.1717675,0.16742255,0.16236599,1.0,1.0,1.0,1.0,0.92171371,0.92927739,0.9213619,0.92927739,0.89884682,0.92593537,0.89849508,0.92593537,0.89568061,0.9150296,0.88794105,0.9150296,0.91643662,0.91731617,0.87580387,0.91731617,0.87597978,0.89796723,0.86859203,0.89796723
0.1648358,0.16901256,0.1644803,0.17213811,0.16732292,0.16221032,1.0,1.0,1.0,1.0,0.89884682,0.92593537,0.89849508,0.92593537,0.89568061,0.9150296,0.88794105,0.9150296,0.91643662,0.91731617,0.87580387,0.91731617,0.87597978,0.89796723,0.86859203,0.89796723,0.91239103,0.91801981,0.89304211,0.91801981
0.16474643,0.16889249,0.16451791,0.17256303,0.16726921,0.16201088,1.0,1.0,1.0,1.0,0.89568061,0.9150296,0.88794105,0.9150296,0.91643662,0.91731617,0.87580387,0.91731617,0.87597978,0.89796723,0.86859203,0.89796723,0.91239103,0.91801981,0.89304211,0.91801981,0.89374561,0.90517904,0.89356967,0.90517904
0.16452463,0.16878639,0.16449378,0.17306909,0.16717868,0.16194744,1.0,1.0,1.0,1.0,0.91643662,0.91731617,0.87580387,0.91731617,0.87597978,0.89796723,0.86859203,0.89796723,0.91239103,0.91801981,0.89304211,0.91801981,0.89374561,0.90517904,0.89356967,0.90517904,0.91186326,0.91626075,0.88829271,0.91626075
0.1643714,0.16825992,0.1648569,0.17357047,0.1669027,0.16203862,1.0,1.0,1.0,1.0,0.87597978,0.89796723,0.86859203,0.89796723,0.91239103,0.91801981,0.89304211,0.91801981,0.89374561,0.90517904,0.89356967,0.90517904,0.91186326,0.91626075,0.88829271,0.91626075,0.8926902,0.91837152,0.89163478,0.91837152
0.16453755,0.1676551,0.16718395,0.17233413,0.1662008,0.16208841,1.0,1.0,1.0,1.0,0.91239103,0.91801981,0.89304211,0.91801981,0.89374561,0.90517904,0.89356967,0.90517904,0.91186326,0.91626075,0.88829271,0.91626075,0.8926902,0.91837152,0.89163478,0.91837152,0.87597978,0.89462516,0.87263772,0.89462516
0.1644313,0.16740656,0.16838692,0.17169902,0.16601165,0.16206452,1.0,1.0,1.0,1.0,0.89374561,0.90517904,0.89356967,0.90517904,0.91186326,0.91626075,0.88829271,0.91626075,0.8926902,0.91837152,0.89163478,0.91837152,0.87597978,0.89462516,0.87263772,0.89462516,0.89392156,0.90412376,0.89339388,0.90412376
0.16248934,0.17157367,0.15887626,0.17938246,0.16766,0.16001828,1.0,1.0,1.0,1.0,0.91186326,0.91626075,0.88829271,0.91626075,0.8926902,0.91837152,0.89163478,0.91837152,0.87597978,0.89462516,0.87263772,0.89462516,0.89392156,0.90412376,0.89339388,0.90412376,0.91010428,0.91010428,0.89269019,0.91010428
0.16236436,0.17157885,0.16012804,0.17911811,0.16765513,0.15915547,1.0,1.0,1.0,1.0,0.8926902,0.91837152,0.89163478,0.91837152,0.87597978,0.89462516,0.87263772,0.89462516,0.89392156,0.90412376,0.89339388,0.90412376,0.91010428,0.91010428,0.89269019,0.91010428,0.88442293,0.90799348,0.88125674,0.90799348
0.16236134,0.17108022,0.16070276,0.18022168,0.16747445,0.15815961,1.0,1.0,1.0,1.0,0.87597978,0.89462516,0.87263772,0.89462516,0.89392156,0.90412376,0.89339388,0.90412376,0.91010428,0.91010428,0.89269019,0.91010428,0.88442293,0.90799348,0.88125674,0.90799348,0.88530261,0.89233855,0.8770353,0.89233855
0.1625871,0.17002736,0.16103187,0.18078336,0.16793554,0.15763484,1.0,1.0,1.0,1.0,0.89392156,0.90412376,0.89339388,0.90412376,0.91010428,0.91010428,0.89269019,0.91010428,0.88442293,0.90799348,0.88125674,0.90799348,0.88530261,0.89233855,0.8770353,0.89233855,0.89761554,0.90201303,0.8889965,0.90201303
0.16215292,0.17263518,0.15193485,0.18686597,0.17240183,0.15400921,1.0,1.0,1.0,1.0,0.91010428,0.91010428,0.89269019,0.91010428,0.88442293,0.90799348,0.88125674,0.90799348,0.88530261,0.89233855,0.8770353,0.89233855,0.89761554,0.90201303,0.8889965,0.90201303,0.91485352,0.91538126,0.90218879,0.91538126
0.16108565,0.17252982,0.15581839,0.18394083,0.17289773,0.1537276,1.0,1.0,1.0,1.0,0.88442293,0.90799348,0.88125674,0.90799348,0.88530261,0.89233855,0.8770353,0.89233855,0.89761554,0.90201303,0.8889965,0.90201303,0.91485352,0.91538126,0.90218879,0.91538126,0.93332321,0.93666528,0.92206558,0.93666528
0.1580474,0.17586592,0.14715034,0.19224417,0.1771233,0.14956887,1.0,1.0,1.0,1.0,0.88530261,0.89233855,0.8770353,0.89233855,0.89761554,0.90201303,0.8889965,0.90201303,0.91485352,0.91538126,0.90218879,0.91538126,0.93332321,0.93666528,0.92206558,0.93666528,0.9547828,0.95636589,0.93279535,0.95636589
0.15233703,0.17842892,0.13488816,0.20441009,0.18583152,0.1441043,1.0,1.0,1.0,1.0,0.89761554,0.90201303,0.8889965,0.90201303,0.91485352,0.91538126,0.90218879,0.91538126,0.93332321,0.93666528,0.92206558,0.93666528,0.9547828,0.95636589,0.93279535,0.95636589,0.97096559,0.99101813,0.96850301,0.99101813
0.15086013,0.17350517,0.13535061,0.20731913,0.19026676,0.14269812,1.0,1.0,1.0,1.0,0.91485352,0.91538126,0.90218879,0.91538126,0.93332321,0.93666528,0.92206558,0.93666528,0.9547828,0.95636589,0.93279535,0.95636589,0.97096559,0.99101813,0.96850301,0.99101813,0.97747373,0.98116761,0.96234636,0.98116761
0.14818244,0.16941507,0.12810817,0.21077533,0.20325108,0.14026792,1.0,1.0,1.0,1.0,0.93332321,0.93666528,0.92206558,0.93666528,0.9547828,0.95636589,0.93279535,0.95636589,0.97096559,0.99101813,0.96850301,0.99101813,0.97747373,0.98116761,0.96234636,0.98116761,0.99576741,0.99611921,0.96656808,0.99611921
0.14678182,0.16255645,0.12254747,0.21277668,0.21777149,0.13756612,1.0,1.0,1.0,1.0,0.9547828,0.95636589,0.93279535,0.95636589,0.97096559,0.99101813,0.96850301,0.99101813,0.97747373,0.98116761,0.96234636,0.98116761,0.99576741,0.99611921,0.96656808,0.99611921,1.01230224,1.02092135,0.99946158,1.02092135
0.1422908,0.15211035,0.10793726,0.2178808,0.24998668,0.12979409,1.0,1.0,1.0,1.0,0.97096559,0.99101813,0.96850301,0.99101813,0.97747373,0.98116761,0.96234636,0.98116761,0.99576741,0.99611921,0.96656808,0.99611921,1.01230224,1.02092135,0.99946158,1.02092135,0.96815128,0.9922495,0.96762353,0.9922495
0.14907724,0.15239717,0.15032041,0.19204958,0.21485429,0.14130133,1.0,1.0,1.0,1.0,0.97747373,0.98116761,0.96234636,0.98116761,0.99576741,0.99611921,0.96656808,0.99611921,1.01230224,1.02092135,0.99946158,1.02092135,0.96815128,0.9922495,0.96762353,0.9922495,0.98503765,1.00034089,0.97360415,1.00034089
0.14821084,0.1500726,0.15786932,0.1867383,0.21627742,0.14083147,1.0,1.0,1.0,1.0,0.99576741,0.99611921,0.96656808,0.99611921,1.01230224,1.02092135,0.99946158,1.02092135,0.96815128,0.9922495,0.96762353,0.9922495,0.98503765,1.00034089,0.97360415,1.00034089,0.98538933,0.9871483,0.95900439,0.9871483
0.12806247,0.11336944,0.09206929,0.1933376,0.3618673,0.11129386,1.0,1.0,1.0,1.0,1.01230224,1.02092135,0.99946158,1.02092135,0.96815128,0.9922495,0.96762353,0.9922495,0.98503765,1.00034089,0.97360415,1.00034089,0.98538933,0.9871483,0.95900439,0.9871483,0.98151969,1.00262765,0.97694633,1.00262765
0.07344186,0.04679193,0.02913041,0.13444662,0.6611148,0.05507445,1.0,1.0,1.0,1.0,0.96815128,0.9922495,0.96762353,0.9922495,0.98503765,1.00034089,0.97360415,1.00034089,0.98538933,0.9871483,0.95900439,0.9871483,0.98151969,1.00262765,0.97694633,1.00262765,0.99559146,0.99946127,0.9831026,0.99946127
0.04281796,0.02172606,0.01312794,0.07889657,0.81260365,0.03082791,1.0,1.0,1.0,1.0,0.98503765,1.00034089,0.97360415,1.00034089,0.98538933,0.9871483,0.95900439,0.9871483,0.98151969,1.00262765,0.97694633,1.00262765,0.99559146,0.99946127,0.9831026,0.99946127,0.99506002,1.00197138,0.98868028,1.00197138
0.06971451,0.04144978,0.02880897,0.10965226,0.6955471,0.05482741,1.0,1.0,1.0,1.0,0.98538933,0.9871483,0.95900439,0.9871483,0.98151969,1.00262765,0.97694633,1.00262765,0.99559146,0.99946127,0.9831026,0.99946127,0.99506002,1.00197138,0.98868028,1.00197138,0.98017382,1.00126233,0.97946495,1.00126233
0.11341677,0.09366856,0.07259894,0.15964842,0.45789674,0.10277057,1.0,1.0,1.0,1.0,0.98151969,1.00262765,0.97694633,1.00262765,0.99559146,0.99946127,0.9831026,0.99946127,0.99506002,1.00197138,0.98868028,1.00197138,0.98017382,1.00126233,0.97946495,1.00126233,0.9924016,0.9924016,0.980351,0.9924016
0.12639886,0.1185335,0.10063967,0.16925368,0.3661238,0.11905053,1.0,1.0,1.0,1.0,0.99559146,0.99946127,0.9831026,0.99946127,0.99506002,1.00197138,0.98868028,1.00197138,0.98017382,1.00126233,0.97946495,1.00126233,0.9924016,0.9924016,0.980351,0.9924016,1.00586995,1.01295856,1.00179403,1.01295856
0.0336382,0.01815616,0.01505124,0.0498941,0.85505885,0.02820141,1.0,1.0,1.0,1.0,0.99506002,1.00197138,0.98868028,1.00197138,0.98017382,1.00126233,0.97946495,1.00126233,0.9924016,0.9924016,0.980351,0.9924016,1.00586995,1.01295856,1.00179403,1.01295856,1.0026801,1.01118639,0.99523705,1.01118639
0.02386201,0.01197819,0.01058638,0.02925757,0.905879,0.01843692,1.0,1.0,1.0,1.0,0.98017382,1.00126233,0.97946495,1.00126233,0.9924016,0.9924016,0.980351,0.9924016,1.00586995,1.01295856,1.00179403,1.01295856,1.0026801,1.01118639,0.99523705,1.01118639,1.01083212,1.01171818,0.99151572,1.01171818
0.02038146,0.01256706,0.01112913,0.02299543,0.9163431,0.01658381,1.0,1.0,1.0,1.0,0.9924016,0.9924016,0.980351,0.9924016,1.00586995,1.01295856,1.00179403,1.01295856,1.0026801,1.01118639,0.99523705,1.01118639,1.01083212,1.01171818,0.99151572,1.01171818,0.99824973,1.01473063,0.99612311,1.01473063
0.04059448,0.03562812,0.03015385,0.03991057,0.8181988,0.03551416,1.0,1.0,1.0,1.0,1.00586995,1.01295856,1.00179403,1.01295856,1.0026801,1.01118639,0.99523705,1.01118639,1.01083212,1.01171818,0.99151572,1.01171818,0.99824973,1.01473063,0.99612311,1.01473063,0.99931312,0.99966755,0.98637646,0.99966755
0.08002906,0.11609955,0.0808783,0.07457165,0.57152504,0.07689642,1.0,1.0,1.0,1.0,1.0026801,1.01118639,0.99523705,1.01118639,1.01083212,1.01171818,0.99151572,1.01171818,0.99824973,1.01473063,0.99612311,1.01473063,0.99931312,0.99966755,0.98637646,0.99966755,1.00604708,1.00994582,0.9957686,1.00994582
0.10311443,0.3922416,0.14889659,0.09274188,0.15157434,0.11143118,1.0,1.0,1.0,1.0,1.01083212,1.01171818,0.99151572,1.01171818,0.99824973,1.01473063,0.99612311,1.01473063,0.99931312,0.99966755,0.98637646,0.99966755,1.00604708,1.00994582,0.9957686,1.00994582,1.00693319,1.01845217,1.00586988,1.01845217
0.06722756,0.6463458,0.11857571,0.05283105,0.03800273,0.07701712,1.0,1.0,1.0,1.0,0.99824973,1.01473063,0.99612311,1.01473063,0.99931312,0.99966755,0.98637646,0.99966755,1.00604708,1.00994582,0.9957686,1.00994582,1.00693319,1.01845217,1.00586988,1.01845217,1.03883192,1.04680659,1.02695858,1.04680659
0.0290604,0.8432226,0.06598574,0.02044962,0.00557947,0.03570217,1.0,1.0,1.0,1.0,0.99931312,0.99966755,0.98637646,0.99966755,1.00604708,1.00994582,0.9957686,1.00994582,1.00693319,1.01845217,1.00586988,1.01845217,1.03883192,1.04680659,1.02695858,1.04680659,1.09660391,1.10103427,1.07321159,1.10103427
0.0072104433,0.95941776,0.019889766,0.0038632117,0.00041351121,0.0092052901,1.0,1.0,1.0,1.0,1.00604708,1.00994582,0.9957686,1.00994582,1.00693319,1.01845217,1.00586988,1.01845217,1.03883192,1.04680659,1.02695858,1.04680659,1.09660391,1.10103427,1.07321159,1.10103427,1.07586994,1.08986991,1.07533832,1.08986991
0.0015577828,0.98910075,0.0066871229,0.00059616339,2.2574795E-05,0.0020354893,1.0,1.0,1.0,1.0,1.00693319,1.01845217,1.00586988,1.01845217,1.03883192,1.04680659,1.02695858,1.04680659,1.09660391,1.10103427,1.07321159,1.10103427,1.07586994,1.08986991,1.07533832,1.08986991,1.10918607,1.11184432,1.08986968,1.11184432
0.00039761214,0.99614525,0.0028468559,0.00010159483,1.2699365E-06,0.00050740287,1.0,1.0,1.0,1.0,1.03883192,1.04680659,1.02695858,1.04680659,1.09660391,1.10103427,1.07321159,1.10103427,1.07586994,1.08986991,1.07533832,1.08986991,1.10918607,1.11184432,1.08986968,1.11184432,1.1479961,1.15136322,1.11450256,1.15136322
0.000113963084,0.998177886,0.00155361835,1.90779174E-05,7.40130872E-08,0.000135390015,1.0,1.0,1.0,1.0,1.09660391,1.10103427,1.07321159,1.10103427,1.07586994,1.08986991,1.07533832,1.08986991,1.10918607,1.11184432,1.08986968,1.11184432,1.1479961,1.15136322,1.11450256,1.15136322,1.13151523,1.14409745,1.11981907,1.14409745
3.0876243E-05,0.99912423,0.00080927706,3.20098E-06,4.1074415E-09,3.2373209E-05,1.0,1.0,1.0,1.0,1.07586994,1.08986991,1.07533832,1.08986991,1.10918607,1.11184432,1.08986968,1.11184432,1.1479961,1.15136322,1.11450256,1.15136322,1.13151523,1.14409745,1.11981907,1.14409745,1.15313517,1.18875534,1.1515403,1.18875534
8.108067E-06,0.99957711,0.00040703337,5.0282745E-07,2.2636738E-10,7.3027918E-06,1.0,1.0,1.0,1.0,1.10918607,1.11184432,1.08986968,1.11184432,1.1479961,1.15136322,1.11450256,1.15136322,1.13151523,1.14409745,1.11981907,1.14409745,1.15313517,1.18875534,1.1515403,1.18875534,1.18662872,1.18786922,1.15774279,1.18786922
2.4895073E-06,0.99974388,0.00025156385,9.2530911E-08,1.6066959E-11,1.8715936E-06,1.0,1.0,1.0,1.0,1.1479961,1.15136322,1.11450256,1.15136322,1.13151523,1.14409745,1.11981907,1.14409745,1.15313517,1.18875534,1.1515403,1.18875534,1.18662872,1.18786922,1.15774279,1.18786922,1.17067972,1.19105943,1.15473051,1.19105943
7.6194203E-07,0.99984872,0.00015007846,1.6511462E-08,1.3505466E-12,4.7399479E-07,1.0,1.0,1.0,1.0,1.13151523,1.14409745,1.11981907,1.14409745,1.15313517,1.18875534,1.1515403,1.18875534,1.18662872,1.18786922,1.15774279,1.18786922,1.17067972,1.19105943,1.15473051,1.19105943,1.18007188,1.18078076,1.13984423,1.18078076
2.6312884E-07,0.99989533,0.000104244,3.3580563E-09,1.2812699E-13,1.3410587E-07,1.0,1.0,1.0,1.0,1.15313517,1.18875534,1.1515403,1.18875534,1.18662872,1.18786922,1.15774279,1.18786922,1.17067972,1.19105943,1.15473051,1.19105943,1.18007188,1.18078076,1.13984423,1.18078076,1.1767049,1.20505921,1.17617328,1.20505921
9.21425E-08,0.9999243,7.5557175E-05,6.7421951E-10,1.2462317E-14,3.7891663E-08,1.0,1.0,1.0,1.0,1.18662872,1.18786922,1.15774279,1.18786922,1.17067972,1.19105943,1.15473051,1.19105943,1.18007188,1.18078076,1.13984423,1.18078076,1.1767049,1.20505921,1.17617328,1.20505921,1.18538858,1.18698358,1.16607225,1.18698358
3.1211631E-08,0.99994802,5.1994892E-05,1.2939878E-10,1.1797064E-15,1.0271559E-08,1.0,1.0,1.0,1.0,1.17067972,1.19105943,1.15473051,1.19105943,1.18007188,1.18078076,1.13984423,1.18078076,1.1767049,1.20505921,1.17617328,1.20505921,1.18538858,1.18698358,1.16607225,1.18698358,1.20169219,1.22721113,1.19992007,1.22721113
1.0514553E-08,0.99996448,3.5478857E-05,2.4537797E-11,1.152375E-16,2.7698708E-09,1.0,1.0,1.0,1.0,1.18007188,1.18078076,1.13984423,1.18078076,1.1767049,1.20505921,1.17617328,1.20505921,1.18538858,1.18698358,1.16607225,1.18698358,1.20169219,1.22721113,1.19992007,1.22721113,1.21445148,1.22100846,1.20559075,1.22100846
3.7844439E-09,0.99997461,2.5408428E-05,5.0801971E-12,1.2443211E-17,7.9604218E-10,1.0,1.0,1.0,1.0,1.1767049,1.20505921,1.17617328,1.20505921,1.18538858,1.18698358,1.16607225,1.18698358,1.20169219,1.22721113,1.19992007,1.22721113,1.21445148,1.22100846,1.20559075,1.22100846,1.19389485,1.21392005,1.18290749,1.21392005
1.4449877E-09,0.9999814,1.8537492E-05,1.1518473E-12,1.5040077E-18,2.4471949E-10,1.0,1.0,1.0,1.0,1.18538858,1.18698358,1.16607225,1.18698358,1.20169219,1.22721113,1.19992007,1.22721113,1.21445148,1.22100846,1.20559075,1.22100846,1.19389485,1.21392005,1.18290749,1.21392005,1.30961565,1.36260276,1.26442588,1.36260276
5.6524374E-10,0.99998665,1.3329619E-05,2.7165949E-13,1.9692152E-19,7.7384682E-11,1.0,1.0,1.0,1.0,1.20169219,1.22721113,1.19992007,1.22721113,1.21445148,1.22100846,1.20559075,1.22100846,1.19389485,1.21392005,1.18290749,1.21392005,1.30961565,1.36260276,1.26442588,1.36260276,1.47531153,1.47796977,1.42533702,1.47796977
2.309702E-10,0.99999022,9.7530847E-06,6.8281196E-14,2.841168E-20,2.572405E-11,1.0,1.0,1.0,1.0,1.21445148,1.22100846,1.20559075,1.22100846,1.19389485,1.21392005,1.18290749,1.21392005,1.30961565,1.36260276,1.26442588,1.36260276,1.47531153,1.47796977,1.42533702,1.47796977,1.36313468,1.41027383,1.35551445,1.41027383
9.7399151E-11,0.99999285,7.1365425E-06,1.8024084E-14,4.3869706E-21,8.8589908E-12,1.0,1.0,1.0,1.0,1.19389485,1.21392005,1.18290749,1.21392005,1.30961565,1.36260276,1.26442588,1.36260276,1.47531153,1.47796977,1.42533702,1.47796977,1.36313468,1.41027383,1.35551445,1.41027383,1.46503266,1.47743776,1.36561529,1.47743776
4.3806962E-11,0.99999464,5.3869544E-06,5.2117488E-15,7.7068762E-22,3.2805252E-12,1.0,1.0,1.0,1.0,1.30961565,1.36260276,1.26442588,1.36260276,1.47531153,1.47796977,1.42533702,1.47796977,1.36313468,1.41027383,1.35551445,1.41027383,1.46503266,1.47743776,1.36561529,1.47743776,1.41647609,1.44040003,1.39308377,1.44040003
2.0868874E-11,0.99999583,4.1774592E-06,1.6359464E-15,1.536437E-22,1.2993906E-12,1.0,1.0,1.0,1.0,1.47531153,1.47796977,1.42533702,1.47796977,1.36313468,1.41027383,1.35551445,1.41027383,1.46503266,1.47743776,1.36561529,1.47743776,1.41647609,1.44040003,1.39308377,1.44040003,1.39804586,1.41364069,1.37359029,1.41364069
1.0329235E-11,0.99999666,3.2789969E-06,5.4624371E-16,3.3206014E-23,5.3963247E-13,1.0,1.0,1.0,1.0,1.36313468,1.41027383,1.35551445,1.41027383,1.46503266,1.47743776,1.36561529,1.47743776,1.41647609,1.44040003,1.39308377,1.44040003,1.39804586,1.41364069,1.37359029,1.41364069,1.39910902,1.40265339,1.3718181,1.40265339
5.3350597E-12,0.99999738,2.5990621E-06,1.9498043E-16,7.8834862E-24,2.3608066E-13,1.0,1.0,1.0,1.0,1.46503266,1.47743776,1.36561529,1.47743776,1.41647609,1.44040003,1.39308377,1.44040003,1.39804586,1.41364069,1.37359029,1.41364069,1.39910902,1.40265339,1.3718181,1.40265339,1.42108357,1.42108357,1.39538738,1.42108357
2.92718931E-12,0.999997854,2.10389453E-06,7.63173244E-17,2.11449985E-24,1.11072365E-13,1.0,1.0,1.0,1.0,1.41647609,1.44040003,1.39308377,1.44040003,1.39804586,1.41364069,1.37359029,1.41364069,1.39910902,1.40265339,1.3718181,1.40265339,1.42108357,1.42108357,1.39538738,1.42108357,1.44660229,1.48860219,1.42781759,1.48860219
1.7157135E-12,0.99999821,1.7459446E-06,3.2898019E-17,6.5804716E-25,5.6558667E-14,1.0,1.0,1.0,1.0,1.39804586,1.41364069,1.37359029,1.41364069,1.39910902,1.40265339,1.3718181,1.40265339,1.42108357,1.42108357,1.39538738,1.42108357,1.44660229,1.48860219,1.42781759,1.48860219,1.42693185,1.45493179,1.42161549,1.45493179
1.051529E-12,0.99999857,1.4709626E-06,1.518713E-17,2.2556272E-25,3.0415019E-14,1.0,1.0,1.0,1.0,1.39910902,1.40265339,1.3718181,1.40265339,1.42108357,1.42108357,1.39538738,1.42108357,1.44660229,1.48860219,1.42781759,1.48860219,1.42693185,1.45493179,1.42161549,1.45493179,1.41824832,1.43171666,1.4072611,1.43171666
6.6904056E-13,0.99999869,1.2571712E-06,7.4278933E-18,8.4083679E-26,1.7138221E-14,1.0,1.0,1.0,1.0,1.42108357,1.42108357,1.39538738,1.42108357,1.44660229,1.48860219,1.42781759,1.48860219,1.42693185,1.45493179,1.42161549,1.45493179,1.41824832,1.43171666,1.4072611,1.43171666,1.41541292,1.43277987,1.40389395,1.43277987
4.426241E-13,0.99999893,1.0884988E-06,3.8689045E-18,3.3724454E-26,1.0124705E-14,1.0,1.0,1.0,1.0,1.44660229,1.48860219,1.42781759,1.48860219,1.42693185,1.45493179,1.42161549,1.45493179,1.41824832,1.43171666,1.4072611,1.43171666,1.41541292,1.43277987,1.40389395,1.43277987,1.38121052,1.40353946,1.38121052,1.40353946
3.0878346E-13,0.99999905,9.6495273E-07,2.176892E-18,1.5095405E-26,6.367402E-15,1.0,1.0,1.0,1.0,1.42693185,1.45493179,1.42161549,1.45493179,1.41824832,1.43171666,1.4072611,1.43171666,1.41541292,1.43277987,1.40389395,1.43277987,1.38121052,1.40353946,1.38121052,1.40353946,1.40690644,1.40974193,1.37748889,1.40974193
2.243688E-13,0.99999917,8.689525E-07,1.3018667E-18,7.3957443E-27,4.2095437E-15,1.0,1.0,1.0,1.0,1.41824832,1.43171666,1.4072611,1.43171666,1.41541292,1.43277987,1.40389395,1.43277987,1.38121052,1.40353946,1.38121052,1.40353946,1.40690644,1.40974193,1.37748889,1.40974193,1.38759009,1.40176718,1.37926099,1.40176718
1.6308846E-13,0.99999917,7.7718033E-07,7.8138789E-19,3.7100429E-27,2.796928E-15,1.0,1.0,1.0,1.0,1.41541292,1.43277987,1.40389395,1.43277987,1.38121052,1.40353946,1.38121052,1.40353946,1.40690644,1.40974193,1.37748889,1.40974193,1.38759009,1.40176718,1.37926099,1.40176718,1.38953967,1.40407126,1.38315993,1.40407126
1.1732066E-13,0.99999928,6.854055E-07,4.6743077E-19,1.8235985E-27,1.8456128E-15,1.0,1.0,1.0,1.0,1.38121052,1.40353946,1.38121052,1.40353946,1.40690644,1.40974193,1.37748889,1.40974193,1.38759009,1.40176718,1.37926099,1.40176718,1.38953967,1.40407126,1.38315993,1.40407126,1.42108357,1.43348853,1.41169122,1.43348853
8.8176699E-14,0.9999994,6.1640668E-07,2.9861241E-19,9.7042545E-28,1.2816757E-15,1.0,1.0,1.0,1.0,1.40690644,1.40974193,1.37748889,1.40974193,1.38759009,1.40176718,1.37926099,1.40176718,1.38953967,1.40407126,1.38315993,1.40407126,1.42108357,1.43348853,1.41169122,1.43348853,1.40726097,1.43224816,1.40442547,1.43224816
7.0550309E-14,0.9999994,5.7168523E-07,2.0831957E-19,5.8518086E-28,9.5658607E-16,1.0,1.0,1.0,1.0,1.38759009,1.40176718,1.37926099,1.40176718,1.38953967,1.40407126,1.38315993,1.40407126,1.42108357,1.43348853,1.41169122,1.43348853,1.40726097,1.43224816,1.40442547,1.43224816,1.39184319,1.40407104,1.38670395,1.40407104
5.8229571E-14,0.9999994,5.3763381E-07,1.5204924E-19,3.8032135E-28,7.4235164E-16,1.0,1.0,1.0,1.0,1.38953967,1.40407126,1.38315993,1.40407126,1.42108357,1.43348853,1.41169122,1.43348853,1.40726097,1.43224816,1.40442547,1.43224816,1.39184319,1.40407104,1.38670395,1.40407104,1.36118526,1.36632449,1.34647655,1.36632449
4.7173203E-14,0.99999952,4.9995941E-07,1.0859798E-19,2.4141522E-28,5.6718459E-16,1.0,1.0,1.0,1.0,1.42108357,1.43348853,1.41169122,1.43348853,1.40726097,1.43224816,1.40442547,1.43224816,1.39184319,1.40407104,1.38670395,1.40407104,1.36118526,1.36632449,1.34647655,1.36632449,1.38829902,1.39521051,1.37979279,1.39521051
3.7602442E-14,0.99999952,4.5804703E-07,7.6469461E-20,1.485003E-28,4.2730777E-16,1.0,1.0,1.0,1.0,1.40726097,1.43224816,1.40442547,1.43224816,1.39184319,1.40407104,1.38670395,1.40407104,1.36118526,1.36632449,1.34647655,1.36632449,1.38829902,1.39521051,1.37979279,1.39521051,1.3982232,1.41612191,1.39095733,1.41612191
3.1113109E-14,0.99999952,4.2710155E-07,5.6934686E-20,9.7460228E-29,3.3597268E-16,1.0,1.0,1.0,1.0,1.39184319,1.40407104,1.38670395,1.40407104,1.36118526,1.36632449,1.34647655,1.36632449,1.38829902,1.39521051,1.37979279,1.39521051,1.3982232,1.41612191,1.39095733,1.41612191,1.41842581,1.42622329,1.40832458,1.42622329
2.7074214E-14,0.99999964,4.0820328E-07,4.5435432E-20,7.0949628E-29,2.7975788E-16,1.0,1.0,1.0,1.0,1.36118526,1.36632449,1.34647655,1.36632449,1.38829902,1.39521051,1.37979279,1.39521051,1.3982232,1.41612191,1.39095733,1.41612191,1.41842581,1.42622329,1.40832458,1.42622329,1.4487295,1.45617248,1.43561565,1.45617248
2.3993331E-14,0.99999964,3.9347157E-07,3.7236553E-20,5.4034137E-29,2.3840489E-16,1.0,1.0,1.0,1.0,1.38829902,1.39521051,1.37979279,1.39521051,1.3982232,1.41612191,1.39095733,1.41612191,1.41842581,1.42622329,1.40832458,1.42622329,1.4487295,1.45617248,1.43561565,1.45617248,1.42834955,1.45865323,1.42072932,1.45865323
2.1099418E-14,0.99999964,3.7660323E-07,3.0318292E-20,4.0685478E-29,2.0201155E-16,1.0,1.0,1.0,1.0,1.3982232,1.41612191,1.39095733,1.41612191,1.41842581,1.42622329,1.40832458,1.42622329,1.4487295,1.45617248,1.43561565,1.45617248,1.42834955,1.45865323,1.42072932,1.45865323,1.42551401,1.43331135,1.41612166,1.43331135
1.8616407E-14,0.99999964,3.6001455E-07,2.4874631E-20,3.0936297E-29,1.7219742E-16,1.0,1.0,1.0,1.0,1.41842581,1.42622329,1.40832458,1.42622329,1.4487295,1.45617248,1.43561565,1.45617248,1.42834955,1.45865323,1.42072932,1.45865323,1.42551401,1.43331135,1.41612166,1.43331135,1.40442557,1.41346356,1.3945016,1.41346356
1.6726578E-14,0.99999964,3.4709146E-07,2.0968526E-20,2.437517E-29,1.4999859E-16,1.0,1.0,1.0,1.0,1.4487295,1.45617248,1.43561565,1.45617248,1.42834955,1.45865323,1.42072932,1.45865323,1.42551401,1.43331135,1.41612166,1.43331135,1.40442557,1.41346356,1.3945016,1.41346356,1.44518518,1.44607117,1.41753961,1.44607117
1.5156726E-14,0.99999964,3.354873E-07,1.7917824E-20,1.9644663E-29,1.3216136E-16,1.0,1.0,1.0,1.0,1.42834955,1.45865323,1.42072932,1.45865323,1.42551401,1.43331135,1.41612166,1.43331135,1.40442557,1.41346356,1.3945016,1.41346356,1.44518518,1.44607117,1.41753961,1.44607117,1.45617223,1.46574184,1.41559007,1.46574184
1.3882145E-14,0.99999964,3.2568309E-07,1.559557E-20,1.6055541E-29,1.1794607E-16,1.0,1.0,1.0,1.0,1.42551401,1.43331135,1.41612166,1.43331135,1.40442557,1.41346356,1.3945016,1.41346356,1.44518518,1.44607117,1.41753961,1.44607117,1.45617223,1.46574184,1.41559007,1.46574184,1.43862812,1.44979259,1.38900798,1.44979259
1.30716979E-14,0.999999642,3.2057207E-07,1.4096518E-20,1.39019115E-29,1.08638355E-16,1.0,1.0,1.0,1.0,1.40442557,1.41346356,1.3945016,1.41346356,1.44518518,1.44607117,1.41753961,1.44607117,1.45617223,1.46574184,1.41559007,1.46574184,1.43862812,1.44979259,1.38900798,1.44979259,1.3984001,1.44376698,1.37181792,1.44376698
1.23083789E-14,0.999999642,3.15475688E-07,1.27530329E-20,1.21415694E-29,1.00265772E-16,1.0,1.0,1.0,1.0,1.44518518,1.44607117,1.41753961,1.44607117,1.45617223,1.46574184,1.41559007,1.46574184,1.43862812,1.44979259,1.38900798,1.44979259,1.3984001,1.44376698,1.37181792,1.44376698,1.37022332,1.40265363,1.3684512,1.40265363
1.17705265E-14,0.999999642,3.12329433E-07,1.18514553E-20,1.07313418E-29,9.41173446E-17,1.0,1.0,1.0,1.0,1.45617223,1.46574184,1.41559007,1.46574184,1.43862812,1.44979259,1.38900798,1.44979259,1.3984001,1.44376698,1.37181792,1.44376698,1.37022332,1.40265363,1.3684512,1.40265363,1.40708378,1.41240013,1.39202057,1.41240013
1.16404536E-14,0.999999642,3.15567149E-07,1.14715855E-20,1.02851731E-29,9.17720825E-17,1.0,1.0,1.0,1.0,1.43862812,1.44979259,1.38900798,1.44979259,1.3984001,1.44376698,1.37181792,1.44376698,1.37022332,1.40265363,1.3684512,1.40265363,1.40708378,1.41240013,1.39202057,1.41240013,1.3982232,1.43951423,1.3957422,1.43951423
1.1310971E-14,0.99999964,3.1462119E-07,1.0873391E-20,9.5933474E-30,8.7984396E-17,1.0,1.0,1.0,1.0,1.3984001,1.44376698,1.37181792,1.44376698,1.37022332,1.40265363,1.3684512,1.40265363,1.40708378,1.41240013,1.39202057,1.41240013,1.3982232,1.43951423,1.3957422,1.43951423,1.39680535,1.42303317,1.39290661,1.42303317
1.0577832E-14,0.99999964,3.0698851E-07,9.7840223E-21,8.4388856E-30,8.1084102E-17,1.0,1.0,1.0,1.0,1.37022332,1.40265363,1.3684512,1.40265363,1.40708378,1.41240013,1.39202057,1.41240013,1.3982232,1.43951423,1.3957422,1.43951423,1.39680535,1.42303317,1.39290661,1.42303317,1.42657717,1.43756452,1.41683031,1.43756452
9.6903754E-15,0.99999976,2.945379E-07,8.6347655E-21,7.00185E-30,7.3060264E-17,1.0,1.0,1.0,1.0,1.40708378,1.41240013,1.39202057,1.41240013,1.3982232,1.43951423,1.3957422,1.43951423,1.39680535,1.42303317,1.39290661,1.42303317,1.42657717,1.43756452,1.41683031,1.43756452,1.52138739,1.53804561,1.44217244,1.53804561
9.3747294E-15,0.99999976,2.9144476E-07,8.1931836E-21,6.4400803E-30,6.9851154E-17,1.0,1.0,1.0,1.0,1.3982232,1.43951423,1.3957422,1.43951423,1.39680535,1.42303317,1.39290661,1.42303317,1.42657717,1.43756452,1.41683031,1.43756452,1.52138739,1.53804561,1.44217244,1.53804561,1.47318491,1.53272902,1.47159004,1.53272902
9.2872733E-15,0.99999976,2.9212958E-07,8.0135012E-21,6.2502791E-30,6.8606029E-17,1.0,1.0,1.0,1.0,1.39680535,1.42303317,1.39290661,1.42303317,1.42657717,1.43756452,1.41683031,1.43756452,1.52138739,1.53804561,1.44217244,1.53804561,1.47318491,1.53272902,1.47159004,1.53272902,1.45905918,1.46582805,1.43590228,1.46582805
9.1596957E-15,0.99999976,2.9167137E-07,7.804046E-21,6.0366164E-30,6.7135494E-17,1.0,1.0,1.0,1.0,1.42657717,1.43756452,1.41683031,1.43756452,1.52138739,1.53804561,1.44217244,1.53804561,1.47318491,1.53272902,1.47159004,1.53272902,1.45905918,1.46582805,1.43590228,1.46582805,1.42913345,1.47562514,1.42699585,1.47562514
8.8525522E-15,0.99999976,2.8804575E-07,7.3868053E-21,5.6479058E-30,6.4338366E-17,1.0,1.0,1.0,1.0,1.52138739,1.53804561,1.44217244,1.53804561,1.47318491,1.53272902,1.47159004,1.53272902,1.45905918,1.46582805,1.43590228,1.46582805,1.42913345,1.47562514,1.42699585,1.47562514,1.43554597,1.43661484,1.40864851,1.43661484
8.3215024E-15,0.99999976,2.797963E-07,6.7449042E-21,5.0299479E-30,5.9886507E-17,1.0,1.0,1.0,1.0,1.47318491,1.53272902,1.47159004,1.53272902,1.45905918,1.46582805,1.43590228,1.46582805,1.42913345,1.47562514,1.42699585,1.47562514,1.43554597,1.43661484,1.40864851,1.43661484,1.43358673,1.44088997,1.41434871,1.44088997
7.7703533E-15,0.99999976,2.7047759E-07,6.1127904E-21,4.4103547E-30,5.5364419E-17,1.0,1.0,1.0,1.0,1.45905918,1.46582805,1.43590228,1.46582805,1.42913345,1.47562514,1.42699585,1.47562514,1.43554597,1.43661484,1.40864851,1.43661484,1.43358673,1.44088997,1.41434871,1.44088997,1.38798548,1.42378956,1.38745112,1.42378956
7.3328388E-15,0.99999976,2.631503E-07,5.6186421E-21,3.9405584E-30,5.1781013E-17,1.0,1.0,1.0,1.0,1.42913345,1.47562514,1.42699585,1.47562514,1.43554597,1.43661484,1.40864851,1.43661484,1.43358673,1.44088997,1.41434871,1.44088997,1.38798548,1.42378956,1.38745112,1.42378956,1.39617932,1.4072234,1.3568127,1.4072234
7.0216965E-15,0.99999976,2.5820179E-07,5.2723899E-21,3.608949E-30,4.9208707E-17,1.0,1.0,1.0,1.0,1.43554597,1.43661484,1.40864851,1.43661484,1.43358673,1.44088997,1.41434871,1.44088997,1.38798548,1.42378956,1.38745112,1.42378956,1.39617932,1.4072234,1.3568127,1.4072234,1.40508573,1.40579827,1.37854447,1.40579827
6.7919417E-15,0.99999976,2.5463063E-07,5.0158685E-21,3.3728277E-30,4.7295401E-17,1.0,1.0,1.0,1.0,1.43358673,1.44088997,1.41434871,1.44088997,1.38798548,1.42378956,1.38745112,1.42378956,1.39617932,1.4072234,1.3568127,1.4072234,1.40508573,1.40579827,1.37854447,1.40579827,1.42093947,1.43162735,1.41559567,1.43162735
6.6366061E-15,0.99999976,2.523139E-07,4.8448655E-21,3.198425E-30,4.5957235E-17,1.0,1.0,1.0,1.0,1.38798548,1.42378956,1.38745112,1.42378956,1.39617932,1.4072234,1.3568127,1.4072234,1.40508573,1.40579827,1.37854447,1.40579827,1.42093947,1.43162735,1.41559567,1.43162735,1.43412109,1.44712448,1.41274547,1.44712448
6.5730887E-15,0.99999976,2.5186122E-07,4.7601195E-21,3.1291998E-30,4.5339066E-17,1.0,1.0,1.0,1.0,1.39617932,1.4072234,1.3568127,1.4072234,1.40508573,1.40579827,1.37854447,1.40579827,1.42093947,1.43162735,1.41559567,1.43162735,1.43412109,1.44712448,1.41274547,1.44712448,1.44409609,1.45959341,1.43518962,1.45959341
6.4870997E-15,0.99999976,2.5067339E-07,4.6620174E-21,3.0354941E-30,4.4572515E-17,1.0,1.0,1.0,1.0,1.40508573,1.40579827,1.37854447,1.40579827,1.42093947,1.43162735,1.41559567,1.43162735,1.43412109,1.44712448,1.41274547,1.44712448,1.44409609,1.45959341,1.43518962,1.45959341,1.47170629,1.47348756,1.4560308,1.47348756
6.4624006E-15,0.99999976,2.5042036E-07,4.6300627E-21,2.98563E-30,4.4258725E-17,1.0,1.0,1.0,1.0,1.42093947,1.43162735,1.41559567,1.43162735,1.43412109,1.44712448,1.41274547,1.44712448,1.44409609,1.45959341,1.43518962,1.45959341,1.47170629,1.47348756,1.4560308,1.47348756,1.43928696,1.46422499,1.43590245,1.46422499
6.5425693E-15,0.99999976,2.5230742E-07,4.7002495E-21,3.0278613E-30,4.4728534E-17,1.0,1.0,1.0,1.0,1.43412109,1.44712448,1.41274547,1.44712448,1.44409609,1.45959341,1.43518962,1.45959341,1.47170629,1.47348756,1.4560308,1.47348756,1.43928696,1.46422499,1.43590245,1.46422499,1.50590708,1.50751018,1.45264639,1.50751018
6.6726532E-15,0.99999976,2.5515837E-07,4.8153851E-21,3.1246432E-30,4.5585679E-17,1.0,1.0,1.0,1.0,1.44409609,1.45959341,1.43518962,1.45959341,1.47170629,1.47348756,1.4560308,1.47348756,1.43928696,1.46422499,1.43590245,1.46422499,1.50590708,1.50751018,1.45264639,1.50751018,1.48061285,1.50430398,1.47437821,1.50430398
6.7892219E-15,0.99999976,2.577442E-07,4.9179333E-21,3.2120456E-30,4.6350556E-17,1.0,1.0,1.0,1.0,1.47170629,1.47348756,1.4560308,1.47348756,1.43928696,1.46422499,1.43590245,1.46422499,1.50590708,1.50751018,1.45264639,1.50751018,1.48061285,1.50430398,1.47437821,1.50430398,1.54830214,1.54972721,1.51018242,1.54972721
6.8391562E-15,0.99999976,2.5873868E-07,4.9562784E-21,3.2503796E-30,4.6642508E-17,1.0,1.0,1.0,1.0,1.43928696,1.46422499,1.43590245,1.46422499,1.50590708,1.50751018,1.45264639,1.50751018,1.48061285,1.50430398,1.47437821,1.50430398,1.54830214,1.54972721,1.51018242,1.54972721,1.56397766,1.58285935,1.54117696,1.58285935
6.9134944E-15,0.99999976,2.5969041E-07,5.0304888E-21,3.2860856E-30,4.7097897E-17,1.0,1.0,1.0,1.0,1.50590708,1.50751018,1.45264639,1.50751018,1.48061285,1.50430398,1.47437821,1.50430398,1.54830214,1.54972721,1.51018242,1.54972721,1.56397766,1.58285935,1.54117696,1.58285935,1.5814342,1.58179053,1.56112744,1.58179053
7.0949597E-15,0.99999976,2.6312921E-07,5.1995669E-21,3.4411617E-30,4.8363262E-17,1.0,1.0,1.0,1.0,1.48061285,1.50430398,1.47437821,1.50430398,1.54830214,1.54972721,1.51018242,1.54972721,1.56397766,1.58285935,1.54117696,1.58285935,1.5814342,1.58179053,1.56112744,1.58179053,1.61937568,1.62578822,1.57965274,1.62578822
7.1722701E-15,0.99999976,2.638821E-07,5.2681881E-21,3.5169926E-30,4.8888945E-17,1.0,1.0,1.0,1.0,1.54830214,1.54972721,1.51018242,1.54972721,1.56397766,1.58285935,1.54117696,1.58285935,1.5814342,1.58179053,1.56112744,1.58179053,1.61937568,1.62578822,1.57965274,1.62578822,1.59675313,1.61474425,1.59301243,1.61474425
7.1320276E-15,0.99999976,2.6208812E-07,5.2229052E-21,3.4935658E-30,4.8565332E-17,1.0,1.0,1.0,1.0,1.56397766,1.58285935,1.54117696,1.58285935,1.5814342,1.58179053,1.56112744,1.58179053,1.61937568,1.62578822,1.57965274,1.62578822,1.59675313,1.61474425,1.59301243,1.61474425,1.57822772,1.60102828,1.57234941,1.60102828
6.9960559E-15,0.99999976,2.5820748E-07,5.087574E-21,3.3819232E-30,4.7545395E-17,1.0,1.0,1.0,1.0,1.5814342,1.58179053,1.56112744,1.58179053,1.61937568,1.62578822,1.57965274,1.62578822,1.59675313,1.61474425,1.59301243,1.61474425,1.57822772,1.60102828,1.57234941,1.60102828,1.57021196,1.59408125,1.55311154,1.59408125
6.8599026E-15,0.99999976,2.5389639E-07,4.9659303E-21,3.255765E-30,4.6516704E-17,1.0,1.0,1.0,1.0,1.61937568,1.62578822,1.57965274,1.62578822,1.59675313,1.61474425,1.59301243,1.61474425,1.57822772,1.60102828,1.57234941,1.60102828,1.57021196,1.59408125,1.55311154,1.59408125,1.54438322,1.5780497,1.53975195,1.5780497
6.8774578E-15,0.99999976,2.5309282E-07,4.9927507E-21,3.254573E-30,4.6596626E-17,1.0,1.0,1.0,1.0,1.59675313,1.61474425,1.59301243,1.61474425,1.57822772,1.60102828,1.57234941,1.60102828,1.57021196,1.59408125,1.55311154,1.59408125,1.54438322,1.5780497,1.53975195,1.5780497,1.5597023,1.59639708,1.55489286,1.59639708
7.0557701E-15,0.99999976,2.5600221E-07,5.1781894E-21,3.3876822E-30,4.7841589E-17,1.0,1.0,1.0,1.0,1.57822772,1.60102828,1.57234941,1.60102828,1.57021196,1.59408125,1.55311154,1.59408125,1.54438322,1.5780497,1.53975195,1.5780497,1.5597023,1.59639708,1.55489286,1.59639708,1.57217134,1.58499669,1.5634429,1.58499669
7.3578889E-15,0.99999976,2.6149542E-07,5.4902453E-21,3.6263094E-30,4.9987444E-17,1.0,1.0,1.0,1.0,1.57021196,1.59408125,1.55311154,1.59408125,1.54438322,1.5780497,1.53975195,1.5780497,1.5597023,1.59639708,1.55489286,1.59639708,1.57217134,1.58499669,1.5634429,1.58499669,1.56112747,1.58303747,1.55988057,1.58303747
7.7539785E-15,0.99999976,2.6867718E-07,5.8939947E-21,3.9761027E-30,5.2832522E-17,1.0,1.0,1.0,1.0,1.54438322,1.5780497,1.53975195,1.5780497,1.5597023,1.59639708,1.55489286,1.59639708,1.57217134,1.58499669,1.5634429,1.58499669,1.56112747,1.58303747,1.55988057,1.58303747,1.57128083,1.58428435,1.56540252,1.58428435
8.2034667E-15,0.99999976,2.7649017E-07,6.3729274E-21,4.3777027E-30,5.6085459E-17,1.0,1.0,1.0,1.0,1.5597023,1.59639708,1.55489286,1.59639708,1.57217134,1.58499669,1.5634429,1.58499669,1.56112747,1.58303747,1.55988057,1.58303747,1.57128083,1.58428435,1.56540252,1.58428435,1.573062,1.5755558,1.55738665,1.5755558
8.5968643E-15,0.99999976,2.8318357E-07,6.7810998E-21,4.7872122E-30,5.8964127E-17,1.0,1.0,1.0,1.0,1.57217134,1.58499669,1.5634429,1.58499669,1.56112747,1.58303747,1.55988057,1.58303747,1.57128083,1.58428435,1.56540252,1.58428435,1.573062,1.5755558,1.55738665,1.5755558,1.54491773,1.56362125,1.52781717,1.56362125
8.6427015E-15,0.99999976,2.8303046E-07,6.8231875E-21,4.8917725E-30,5.9336206E-17,1.0,1.0,1.0,1.0,1.56112747,1.58303747,1.55988057,1.58303747,1.57128083,1.58428435,1.56540252,1.58428435,1.573062,1.5755558,1.55738665,1.5755558,1.54491773,1.56362125,1.52781717,1.56362125,1.54456115,1.55364579,1.53155777,1.55364579
8.3490699E-15,0.99999976,2.7637839E-07,6.5131406E-21,4.6452027E-30,5.7213251E-17,1.0,1.0,1.0,1.0,1.57128083,1.58428435,1.56540252,1.58428435,1.573062,1.5755558,1.55738665,1.5755558,1.54491773,1.56362125,1.52781717,1.56362125,1.54456115,1.55364579,1.53155777,1.55364579,1.49361626,1.52140456,1.49343809,1.52140456
7.8492417E-15,0.99999976,2.65365E-07,6.0019947E-21,4.1904482E-30,5.3572065E-17,1.0,1.0,1.0,1.0,1.573062,1.5755558,1.55738665,1.5755558,1.54491773,1.56362125,1.52781717,1.56362125,1.54456115,1.55364579,1.53155777,1.55364579,1.49361626,1.52140456,1.49343809,1.52140456,1.51214152,1.51997927,1.49664421,1.51997927