Action_Cash,Action_TSM,Action_MRVL,Action_NVDA,Action_RTX,Action_GM,State_Cash_close_L1,State_Cash_high_L1,State_Cash_low_L1,State_Cash_open_L1,State_TSM_close_L1,State_TSM_high_L1,State_TSM_low_L1,State_TSM_open_L1,State_MRVL_close_L1,State_MRVL_high_L1,State_MRVL_low_L1,State_MRVL_open_L1,State_NVDA_close_L1,State_NVDA_high_L1,State_NVDA_low_L1,State_NVDA_open_L1,State_RTX_close_L1,State_RTX_high_L1,State_RTX_low_L1,State_RTX_open_L1,State_GM_close_L1,State_GM_high_L1,State_GM_low_L1,State_GM_open_L1,Wealth,Return,Price_Cash,Price_TSM,Price_MRVL,Price_NVDA,Price_RTX,Price_GM
0.1665801,0.16667166,0.16666153,0.1666995,0.16674894,0.16663837,1.0,1.0,1.0,1.0,1.02561449,1.0402512,1.02404627,1.0402512,1.04652412,1.04826656,1.03589508,1.04826656,1.05105443,1.05663031,1.04408455,1.05663031,1.01742491,1.04025121,1.01515969,1.04025121,1.02369772,1.04007686,1.01585662,1.04007686,9969.492787078536,-0.0030553842283081,1.000,0.994,1.000,1.000,1.000,1.000
0.16658096,0.1666713,0.16666155,0.16669999,0.16674824,0.16663794,1.0,1.0,1.0,1.0,1.04652412,1.04826656,1.03589508,1.04826656,1.05105443,1.05663031,1.04408455,1.05663031,1.01742491,1.04025121,1.01515969,1.04025121,1.02369772,1.04007686,1.01585662,1.04007686,1.02073558,1.02369774,1.01080347,1.02369774,9972.611858469338,0.0003128126616196,1.000,1.002,1.000,1.000,1.000,1.000
0.16657977,0.16667108,0.16666155,0.16670066,0.16674793,0.166639,1.0,1.0,1.0,1.0,1.05105443,1.05663031,1.04408455,1.05663031,1.01742491,1.04025121,1.01515969,1.04025121,1.02369772,1.04007686,1.01585662,1.04007686,1.02073558,1.02369774,1.01080347,1.02369774,1.01481115,1.02805385,1.00139417,1.02805385,9947.823222002868,-0.0024887658488689,1.000,0.985,1.000,1.000,1.000,1.000
0.16658024,0.16667157,0.16666178,0.16670005,0.16674832,0.16663803,1.0,1.0,1.0,1.0,1.01742491,1.04025121,1.01515969,1.04025121,1.02369772,1.04007686,1.01585662,1.04007686,1.02073558,1.02369774,1.01080347,1.02369774,1.01481115,1.02805385,1.00139417,1.02805385,1.01672785,1.02700839,1.01620513,1.02700839,9954.984272741976,0.0007196021013633,1.000,1.004,1.000,1.000,1.000,1.000
0.16658038,0.16667128,0.16666187,0.16670047,0.16674785,0.16663821,1.0,1.0,1.0,1.0,1.02369772,1.04007686,1.01585662,1.04007686,1.02073558,1.02369774,1.01080347,1.02369774,1.01481115,1.02805385,1.00139417,1.02805385,1.01672785,1.02700839,1.01620513,1.02700839,1.00156824,1.01184878,0.98658304,1.01184878,9883.980753811176,-0.0071580167618613,1.000,0.957,1.000,1.000,1.000,1.000
0.16658016,0.16667111,0.1666621,0.16670004,0.16674824,0.16663834,1.0,1.0,1.0,1.0,1.02073558,1.02369774,1.01080347,1.02369774,1.01481115,1.02805385,1.00139417,1.02805385,1.01672785,1.02700839,1.01620513,1.02700839,1.00156824,1.01184878,0.98658304,1.01184878,1.00592465,1.01306875,1.00121999,1.01306875,9938.38841490701,0.0054895353087116,1.000,1.033,1.000,1.000,1.000,1.000
0.16658036,0.16667153,0.16666216,0.16670053,0.16674735,0.1666381,1.0,1.0,1.0,1.0,1.01481115,1.02805385,1.00139417,1.02805385,1.01672785,1.02700839,1.01620513,1.02700839,1.00156824,1.01184878,0.98658304,1.01184878,1.00592465,1.01306875,1.00121999,1.01306875,0.96288569,0.97560574,0.95940081,0.97560574,9941.177330949047,0.0002805811853222,1.000,1.002,1.000,1.000,1.000,1.000
0.1665798,0.16667055,0.16666259,0.16670051,0.16674766,0.16663894,1.0,1.0,1.0,1.0,1.01672785,1.02700839,1.01620513,1.02700839,1.00156824,1.01184878,0.98658304,1.01184878,1.00592465,1.01306875,1.00121999,1.01306875,0.96288569,0.97560574,0.95940081,0.97560574,0.99477278,0.99529549,0.96671909,0.99529549,9900.902207295878,-0.0040595723736642,1.000,0.976,1.000,1.000,1.000,1.000
0.1665812,0.16667072,0.16666281,0.16670085,0.16674735,0.1666371,1.0,1.0,1.0,1.0,1.00156824,1.01184878,0.98658304,1.01184878,1.00592465,1.01306875,1.00121999,1.01306875,0.96288569,0.97560574,0.95940081,0.97560574,0.99477278,0.99529549,0.96671909,0.99529549,0.99651514,1.0022653,0.99059076,1.0022653,9845.81300050652,-0.0055795963155227,1.000,0.967,1.000,1.000,1.000,1.000
0.16658023,0.16667084,0.16666257,0.16670121,0.16674711,0.16663803,1.0,1.0,1.0,1.0,1.00592465,1.01306875,1.00121999,1.01306875,0.96288569,0.97560574,0.95940081,0.97560574,0.99477278,0.99529549,0.96671909,0.99529549,0.99651514,1.0022653,0.99059076,1.0022653,0.97229513,0.97647707,0.95940093,0.97647707,9870.950426713707,0.0025498545864044,1.000,1.015,1.000,1.000,1.000,1.000
0.16657947,0.16667102,0.16666324,0.16670035,0.16674763,0.16663823,1.0,1.0,1.0,1.0,0.96288569,0.97560574,0.95940081,0.97560574,0.99477278,0.99529549,0.96671909,0.99529549,0.99651514,1.0022653,0.99059076,1.0022653,0.97229513,0.97647707,0.95940093,0.97647707,0.93988517,0.96671914,0.93396079,0.96671914,9953.503515609242,0.0083284580058666,1.000,1.050,1.000,1.000,1.000,1.000
0.16658042,0.16667053,0.16666327,0.1667006,0.16674706,0.16663808,1.0,1.0,1.0,1.0,0.99477278,0.99529549,0.96671909,0.99529549,0.99651514,1.0022653,0.99059076,1.0022653,0.97229513,0.97647707,0.95940093,0.97647707,0.93988517,0.96671914,0.93396079,0.96671914,0.95434765,0.9573098,0.9433701,0.9573098,9964.868583394242,0.0011411644447511,1.000,1.007,1.000,1.000,1.000,1.000
0.16658068,0.1666692,0.16666341,0.16670236,0.16674647,0.16663793,1.0,1.0,1.0,1.0,0.99651514,1.0022653,0.99059076,1.0022653,0.97229513,0.97647707,0.95940093,0.97647707,0.93988517,0.96671914,0.93396079,0.96671914,0.95434765,0.9573098,0.9433701,0.9573098,1.0022653,1.00435624,0.99146204,1.00435624,9967.713648119276,0.0002854687577666,1.000,1.002,1.000,1.000,1.000,1.000
0.16658005,0.16667052,0.16666275,0.16670205,0.16674717,0.16663742,1.0,1.0,1.0,1.0,0.97229513,0.97647707,0.95940093,0.97647707,0.93988517,0.96671914,0.93396079,0.96671914,0.95434765,0.9573098,0.9433701,0.9573098,1.0022653,1.00435624,0.99146204,1.00435624,1.0092351,1.01324283,0.99616662,1.01324283,9915.59501664533,-0.0052424625819693,1.000,0.969,1.000,1.000,1.000,1.000
0.16657957,0.16667119,0.1666626,0.16670103,0.16674778,0.1666378,1.0,1.0,1.0,1.0,0.93988517,0.96671914,0.93396079,0.96671914,0.95434765,0.9573098,0.9433701,0.9573098,1.0022653,1.00435624,0.99146204,1.00435624,1.0092351,1.01324283,0.99616662,1.01324283,1.01097768,1.01550806,0.99808342,1.01550806,9939.60021183783,0.0024180277869351,1.000,1.015,1.000,1.000,1.000,1.000
0.16657995,0.16667156,0.16666225,0.16669996,0.16674836,0.16663788,1.0,1.0,1.0,1.0,0.95434765,0.9573098,0.9433701,0.9573098,1.0022653,1.00435624,0.99146204,1.00435624,1.0092351,1.01324283,0.99616662,1.01324283,1.01097768,1.01550806,0.99808342,1.01550806,0.97926486,0.995644,0.97682542,0.995644,9987.198925806491,0.0047773658147015,1.000,1.029,1.000,1.000,1.000,1.000
0.1665804,0.16667084,0.16666257,0.16669996,0.16674817,0.16663799,1.0,1.0,1.0,1.0,1.0022653,1.00435624,0.99146204,1.00435624,1.0092351,1.01324283,0.99616662,1.01324283,1.01097768,1.01550806,0.99808342,1.01550806,0.97926486,0.995644,0.97682542,0.995644,0.99355292,0.99407564,0.98170416,0.99407564,10014.62537908664,0.0027423968985044,1.000,1.017,1.000,1.000,1.000,1.000
0.16658165,0.16667052,0.16666247,0.16670018,0.16674805,0.16663712,1.0,1.0,1.0,1.0,1.0092351,1.01324283,0.99616662,1.01324283,1.01097768,1.01550806,0.99808342,1.01550806,0.97926486,0.995644,0.97682542,0.995644,0.99355292,0.99407564,0.98170416,0.99407564,1.02212941,1.02631135,1.00731849,1.02631135,10006.17144771264,-0.0008445150260089,1.000,0.995,1.000,1.000,1.000,1.000
0.16658123,0.16667102,0.16666211,0.16670069,0.16674787,0.16663706,1.0,1.0,1.0,1.0,1.01097768,1.01550806,0.99808342,1.01550806,0.97926486,0.995644,0.97682542,0.995644,0.99355292,0.99407564,0.98170416,0.99407564,1.02212941,1.02631135,1.00731849,1.02631135,1.03903138,1.04112231,1.0263114,1.04112231,9974.109915816249,-0.0032093201123468,1.000,0.981,1.000,1.000,1.000,1.000
0.16658019,0.16667135,0.16666217,0.16670065,0.1667482,0.16663752,1.0,1.0,1.0,1.0,0.97926486,0.995644,0.97682542,0.995644,0.99355292,0.99407564,0.98170416,0.99407564,1.02212941,1.02631135,1.00731849,1.02631135,1.03903138,1.04112231,1.0263114,1.04112231,1.03380401,1.0402511,1.02352346,1.0402511,9916.622381236257,-0.0057803497415731,1.000,0.965,1.000,1.000,1.000,1.000
0.16657989,0.16667162,0.16666195,0.16669987,0.1667487,0.16663799,1.0,1.0,1.0,1.0,0.99355292,0.99407564,0.98170416,0.99407564,1.02212941,1.02631135,1.00731849,1.02631135,1.03903138,1.04112231,1.0263114,1.04112231,1.03380401,1.0402511,1.02352346,1.0402511,1.0139399,1.03101604,1.00836402,1.03101604,9959.45724232196,0.0043101988130246,1.000,1.026,1.000,1.000,1.000,1.000
0.16657977,0.16667177,0.16666193,0.16669999,0.16674806,0.16663854,1.0,1.0,1.0,1.0,1.02212941,1.02631135,1.00731849,1.02631135,1.03903138,1.04112231,1.0263114,1.04112231,1.03380401,1.0402511,1.02352346,1.0402511,1.0139399,1.03101604,1.00836402,1.03101604,0.9789164,0.98553778,0.96933286,0.98553778,9925.9624426605,-0.0033687829443817,1.000,0.980,1.000,1.000,1.000,1.000
0.16658027,0.16667049,0.16666241,0.16670005,0.16674809,0.16663872,1.0,1.0,1.0,1.0,1.03903138,1.04112231,1.0263114,1.04112231,1.03380401,1.0402511,1.02352346,1.0402511,1.0139399,1.03101604,1.00836402,1.03101604,0.9789164,0.98553778,0.96933286,0.98553778,1.00435641,1.00958379,0.99320465,1.00958379,9899.82499846468,-0.0026367133629662,1.000,0.984,1.000,1.000,1.000,1.000
0.16658096,0.16667122,0.16666226,0.16670081,0.16674715,0.16663763,1.0,1.0,1.0,1.0,1.03380401,1.0402511,1.02352346,1.0402511,1.0139399,1.03101604,1.00836402,1.03101604,0.9789164,0.98553778,0.96933286,0.98553778,1.00435641,1.00958379,0.99320465,1.00958379,0.98414362,0.99390145,0.97246915,0.99390145,9856.139618070403,-0.0044225075762347,1.000,0.974,1.000,1.000,1.000,1.000
0.16657978,0.1666709,0.1666626,0.16670078,0.16674735,0.1666386,1.0,1.0,1.0,1.0,1.0139399,1.03101604,1.00836402,1.03101604,0.9789164,0.98553778,0.96933286,0.98553778,1.00435641,1.00958379,0.99320465,1.00958379,0.98414362,0.99390145,0.97246915,0.99390145,0.96863571,0.98710585,0.96741599,0.98710585,9848.158258214007,-0.000810113645562,1.000,0.995,1.000,1.000,1.000,1.000
0.16658044,0.16667113,0.1666631,0.16670027,0.16674742,0.16663763,1.0,1.0,1.0,1.0,0.9789164,0.98553778,0.96933286,0.98553778,1.00435641,1.00958379,0.99320465,1.00958379,0.98414362,0.99390145,0.97246915,0.99390145,0.96863571,0.98710585,0.96741599,0.98710585,0.94302151,0.95295355,0.92664237,0.95295355,9883.798824055832,0.0036124753821697,1.000,1.022,1.000,1.000,1.000,1.000
0.16658014,0.16667026,0.16666321,0.16670088,0.16674677,0.16663876,1.0,1.0,1.0,1.0,1.00435641,1.00958379,0.99320465,1.00958379,0.98414362,0.99390145,0.97246915,0.99390145,0.96863571,0.98710585,0.96741599,0.98710585,0.94302151,0.95295355,0.92664237,0.95295355,0.93849127,0.96654496,0.93796855,0.96654496,9831.63857039725,-0.0052913231711718,1.000,0.968,1.000,1.000,1.000,1.000
0.16658016,0.16666992,0.16666359,0.16670205,0.16674636,0.16663793,1.0,1.0,1.0,1.0,0.98414362,0.99390145,0.97246915,0.99390145,0.96863571,0.98710585,0.96741599,0.98710585,0.94302151,0.95295355,0.92664237,0.95295355,0.93849127,0.96654496,0.93796855,0.96654496,0.9588781,0.96549948,0.94755212,0.96549948,9848.442853303422,0.0017077456773048,1.000,1.010,1.000,1.000,1.000,1.000
0.1665796,0.16666983,0.16666386,0.16670266,0.16674592,0.16663818,1.0,1.0,1.0,1.0,0.96863571,0.98710585,0.96741599,0.98710585,0.94302151,0.95295355,0.92664237,0.95295355,0.93849127,0.96654496,0.93796855,0.96654496,0.9588781,0.96549948,0.94755212,0.96549948,0.92855925,0.95138549,0.92821075,0.95138549,9913.652050016875,0.0065994454233627,1.000,1.040,1.000,1.000,1.000,1.000
0.1665786,0.16667032,0.16666362,0.16670203,0.16674641,0.16663906,1.0,1.0,1.0,1.0,0.94302151,0.95295355,0.92664237,0.95295355,0.93849127,0.96654496,0.93796855,0.96654496,0.9588781,0.96549948,0.94755212,0.96549948,0.92855925,0.95138549,0.92821075,0.95138549,0.93814259,0.94180175,0.88865661,0.94180175,9881.050149894756,-0.0032940055648926,1.000,0.980,1.000,1.000,1.000,1.000
0.16657872,0.1666695,0.16666408,0.16670309,0.16674587,0.16663872,1.0,1.0,1.0,1.0,0.93849127,0.96654496,0.93796855,0.96654496,0.9588781,0.96549948,0.94755212,0.96549948,0.92855925,0.95138549,0.92821075,0.95138549,0.93814259,0.94180175,0.88865661,0.94180175,0.97543139,0.97595411,0.93796845,0.97595411,9947.002213295526,0.0066524240925796,1.000,1.040,1.000,1.000,1.000,1.000
0.16657883,0.1666695,0.16666417,0.16670373,0.16674586,0.16663785,1.0,1.0,1.0,1.0,0.9588781,0.96549948,0.94755212,0.96549948,0.92855925,0.95138549,0.92821075,0.95138549,0.93814259,0.94180175,0.88865661,0.94180175,0.97543139,0.97595411,0.93796845,0.97595411,0.95626449,0.98222717,0.94162779,0.98222717,9907.654633514378,-0.0039635669955734,1.000,0.976,1.000,1.000,1.000,1.000
0.16657859,0.16666982,0.1666643,0.16670217,0.16674747,0.16663766,1.0,1.0,1.0,1.0,0.92855925,0.95138549,0.92821075,0.95138549,0.93814259,0.94180175,0.88865661,0.94180175,0.97543139,0.97595411,0.93796845,0.97595411,0.95626449,0.98222717,0.94162779,0.98222717,0.99459873,0.99477295,0.96793898,0.99477295,9888.017949854508,-0.0019839376528397,1.000,0.988,1.000,1.000,1.000,1.000
0.16657902,0.16667016,0.16666393,0.16670159,0.16674769,0.16663764,1.0,1.0,1.0,1.0,0.93814259,0.94180175,0.88865661,0.94180175,0.97543139,0.97595411,0.93796845,0.97595411,0.95626449,0.98222717,0.94162779,0.98222717,0.99459873,0.99477295,0.96793898,0.99477295,0.97107527,0.98257553,0.96271145,0.98257553,9791.01723921699,-0.0098583589395413,1.000,0.941,1.000,1.000,1.000,1.000
0.16657878,0.16667055,0.1666635,0.16670111,0.1667476,0.16663846,1.0,1.0,1.0,1.0,0.97543139,0.97595411,0.93796845,0.97595411,0.95626449,0.98222717,0.94162779,0.98222717,0.99459873,0.99477295,0.96793898,0.99477295,0.97107527,0.98257553,0.96271145,0.98257553,0.95957509,0.95974937,0.94040801,0.95974937,9875.196581067068,0.0085608604413983,1.000,1.052,1.000,1.000,1.000,1.000
0.16657908,0.16667089,0.16666381,0.16670103,0.16674674,0.1666384,1.0,1.0,1.0,1.0,0.95626449,0.98222717,0.94162779,0.98222717,0.99459873,0.99477295,0.96793898,0.99477295,0.97107527,0.98257553,0.96271145,0.98257553,0.95957509,0.95974937,0.94040801,0.95974937,0.9031191,0.94336997,0.88970212,0.94336997,9806.479555880176,-0.0069828711672224,1.000,0.958,1.000,1.000,1.000,1.000
0.16657838,0.16666962,0.1666643,0.166702,0.16674615,0.16663958,1.0,1.0,1.0,1.0,0.99459873,0.99477295,0.96793898,0.99477295,0.97107527,0.98257553,0.96271145,0.98257553,0.95957509,0.95974937,0.94040801,0.95974937,0.9031191,0.94336997,0.88970212,0.94336997,0.94981726,0.95173398,0.91461954,0.95173398,9695.268571554332,-0.0114053559858802,1.000,0.932,1.000,1.000,1.000,1.000
0.166578,0.16666871,0.16666508,0.16670458,0.16674472,0.16663891,1.0,1.0,1.0,1.0,0.97107527,0.98257553,0.96271145,0.98257553,0.95957509,0.95974937,0.94040801,0.95974937,0.9031191,0.94336997,0.88970212,0.94336997,0.94981726,0.95173398,0.91461954,0.95173398,0.91026331,0.93326383,0.90764959,0.93326383,9812.521893518322,0.0120213239131752,1.000,1.073,1.000,1.000,1.000,1.000
0.16657624,0.16666906,0.16666555,0.1667038,0.16674493,0.16664037,1.0,1.0,1.0,1.0,0.95957509,0.95974937,0.94040801,0.95974937,0.9031191,0.94336997,0.88970212,0.94336997,0.94981726,0.95173398,0.91461954,0.95173398,0.91026331,0.93326383,0.90764959,0.93326383,0.84840576,0.88848249,0.84526932,0.88848249,9582.75800691701,-0.0236938715803186,1.000,0.860,1.000,1.000,1.000,1.000
0.16657458,0.16666837,0.16666657,0.16670503,0.16674395,0.16664141,1.0,1.0,1.0,1.0,0.9031191,0.94336997,0.88970212,0.94336997,0.94981726,0.95173398,0.91461954,0.95173398,0.91026331,0.93326383,0.90764959,0.93326383,0.84840576,0.88848249,0.84526932,0.88848249,0.91008905,0.91409671,0.85886062,0.91409671,9711.759275968598,0.0133720050506031,1.000,1.081,1.000,1.000,1.000,1.000
0.16657473,0.16666856,0.16666582,0.16670662,0.16674265,0.16664162,1.0,1.0,1.0,1.0,0.94981726,0.95173398,0.91461954,0.95173398,0.91026331,0.93326383,0.90764959,0.93326383,0.84840576,0.88848249,0.84526932,0.88848249,0.91008905,0.91409671,0.85886062,0.91409671,0.78236635,0.84248131,0.78236635,0.84248131,9572.434981706683,-0.0144498356123552,1.000,0.914,1.000,1.000,1.000,1.000
0.16657269,0.16666798,0.16666685,0.16670729,0.16674136,0.1666439,1.0,1.0,1.0,1.0,0.91026331,0.93326383,0.90764959,0.93326383,0.84840576,0.88848249,0.84526932,0.88848249,0.91008905,0.91409671,0.85886062,0.91409671,0.78236635,0.84248131,0.78236635,0.84248131,0.84579229,0.84614079,0.78463175,0.84614079,9569.859982298192,-0.0002690376915479,1.000,0.999,1.000,1.000,1.000,1.000
0.16657233,0.1666687,0.1666664,0.16670872,0.16674012,0.16664372,1.0,1.0,1.0,1.0,0.84840576,0.88848249,0.84526932,0.88848249,0.91008905,0.91409671,0.85886062,0.91409671,0.78236635,0.84248131,0.78236635,0.84248131,0.84579229,0.84614079,0.78463175,0.84614079,0.7731314,0.80310181,0.75379003,0.80310181,9593.114342193096,0.002427010642073,1.000,1.015,1.000,1.000,1.000,1.000
0.16657184,0.16666815,0.16666578,0.16670956,0.1667389,0.16664581,1.0,1.0,1.0,1.0,0.91008905,0.91409671,0.85886062,0.91409671,0.78236635,0.84248131,0.78236635,0.84248131,0.84579229,0.84614079,0.78463175,0.84614079,0.7731314,0.80310181,0.75379003,0.80310181,0.77202313,0.79471419,0.75109111,0.79471419,9619.277825637218,0.0027236066585599,1.000,1.016,1.000,1.000,1.000,1.000
0.16657214,0.16666894,0.16666546,0.16670994,0.16673861,0.16664489,1.0,1.0,1.0,1.0,0.78236635,0.84248131,0.78236635,0.84248131,0.84579229,0.84614079,0.78463175,0.84614079,0.7731314,0.80310181,0.75379003,0.80310181,0.77202313,0.79471419,0.75109111,0.79471419,0.78328073,0.84924307,0.78240125,0.84924307,9747.10043149657,0.013200657379082,1.000,1.080,1.000,1.000,1.000,1.000
0.16657326,0.16666904,0.16666448,0.16670978,0.1667394,0.16664408,1.0,1.0,1.0,1.0,0.84579229,0.84614079,0.78463175,0.84614079,0.7731314,0.80310181,0.75379003,0.80310181,0.77202313,0.79471419,0.75109111,0.79471419,0.78328073,0.84924307,0.78240125,0.84924307,0.7961213,0.80227782,0.76551481,0.80227782,9751.156872419246,0.0004160824137224,1.000,1.003,1.000,1.000,1.000,1.000
0.16657323,0.16666871,0.16666432,0.16671076,0.16673909,0.16664389,1.0,1.0,1.0,1.0,0.7731314,0.80310181,0.75379003,0.80310181,0.77202313,0.79471419,0.75109111,0.79471419,0.78328073,0.84924307,0.78240125,0.84924307,0.7961213,0.80227782,0.76551481,0.80227782,0.85962112,0.8605006,0.83552289,0.8605006,9780.004532270452,0.0029540159165176,1.000,1.018,1.000,1.000,1.000,1.000
0.16657297,0.16666973,0.16666412,0.16670923,0.16674127,0.16664265,1.0,1.0,1.0,1.0,0.77202313,0.79471419,0.75109111,0.79471419,0.78328073,0.84924307,0.78240125,0.84924307,0.7961213,0.80227782,0.76551481,0.80227782,0.85962112,0.8605006,0.83552289,0.8605006,0.8619078,0.88037724,0.84519733,0.88037724,9683.196129032503,-0.0099479220583738,1.000,0.941,1.000,1.000,1.000,1.000
0.16657345,0.16666949,0.16666509,0.16670816,0.16674198,0.16664188,1.0,1.0,1.0,1.0,0.78328073,0.84924307,0.78240125,0.84924307,0.7961213,0.80227782,0.76551481,0.80227782,0.85962112,0.8605006,0.83552289,0.8605006,0.8619078,0.88037724,0.84519733,0.88037724,0.87721099,0.88758907,0.86050052,0.88758907,9714.303576704702,0.0032073694869467,1.000,1.019,1.000,1.000,1.000,1.000
0.16657324,0.16666903,0.16666608,0.16670702,0.16674252,0.16664205,1.0,1.0,1.0,1.0,0.7961213,0.80227782,0.76551481,0.80227782,0.85962112,0.8605006,0.83552289,0.8605006,0.8619078,0.88037724,0.84519733,0.88037724,0.87721099,0.88758907,0.86050052,0.88758907,0.82514494,0.8459011,0.81810893,0.8459011,9713.22285818589,-0.0001112564199613,1.000,0.999,1.000,1.000,1.000,1.000
0.16657339,0.16666846,0.16666627,0.16670711,0.16674186,0.16664289,1.0,1.0,1.0,1.0,0.85962112,0.8605006,0.83552289,0.8605006,0.8619078,0.88037724,0.84519733,0.88037724,0.87721099,0.88758907,0.86050052,0.88758907,0.82514494,0.8459011,0.81810893,0.8459011,0.84115179,0.84713238,0.82268234,0.84713238,9669.861256457183,-0.0044741769480576,1.000,0.973,1.000,1.000,1.000,1.000
0.16657399,0.16666879,0.1666654,0.1667078,0.1667415,0.16664247,1.0,1.0,1.0,1.0,0.8619078,0.88037724,0.84519733,0.88037724,0.87721099,0.88758907,0.86050052,0.88758907,0.82514494,0.8459011,0.81810893,0.8459011,0.84115179,0.84713238,0.82268234,0.84713238,0.84062401,0.86243552,0.8383373,0.86243552,9725.90780638858,0.0057792713190008,1.000,1.035,1.000,1.000,1.000,1.000
0.16657437,0.1666688,0.16666497,0.16670781,0.16674174,0.16664232,1.0,1.0,1.0,1.0,0.87721099,0.88758907,0.86050052,0.88758907,0.82514494,0.8459011,0.81810893,0.8459011,0.84115179,0.84713238,0.82268234,0.84713238,0.84062401,0.86243552,0.8383373,0.86243552,0.81810873,0.83657824,0.81441486,0.83657824,9689.755130096077,-0.0037240776370581,1.000,0.978,1.000,1.000,1.000,1.000
0.16657369,0.16666889,0.1666654,0.16670793,0.16674122,0.1666429,1.0,1.0,1.0,1.0,0.82514494,0.8459011,0.81810893,0.8459011,0.84115179,0.84713238,0.82268234,0.84713238,0.84062401,0.86243552,0.8383373,0.86243552,0.81810873,0.83657824,0.81441486,0.83657824,0.84660453,0.84818763,0.81986779,0.84818763,9789.545405852225,0.0102458657127304,1.000,1.062,1.000,1.000,1.000,1.000
0.16657406,0.16666904,0.16666485,0.16670808,0.16674125,0.16664267,1.0,1.0,1.0,1.0,0.84115179,0.84713238,0.82268234,0.84713238,0.84062401,0.86243552,0.8383373,0.86243552,0.81810873,0.83657824,0.81441486,0.83657824,0.84660453,0.84818763,0.81986779,0.84818763,0.82778345,0.84695651,0.82285822,0.84695651,9781.17464990738,-0.0008554367372738,1.000,0.995,1.000,1.000,1.000,1.000
0.16657417,0.16666897,0.16666478,0.16670837,0.16674137,0.16664225,1.0,1.0,1.0,1.0,0.84062401,0.86243552,0.8383373,0.86243552,0.81810873,0.83657824,0.81441486,0.83657824,0.84660453,0.84818763,0.81986779,0.84818763,0.82778345,0.84695651,0.82285822,0.84695651,0.87897026,0.88125691,0.85328887,0.88125691,9799.191166836166,0.0018402640871908,1.000,1.011,1.000,1.000,1.000,1.000
0.16657451,0.16666922,0.16666478,0.16670778,0.16674238,0.16664131,1.0,1.0,1.0,1.0,0.81810873,0.83657824,0.81441486,0.83657824,0.84660453,0.84818763,0.81986779,0.84818763,0.82778345,0.84695651,0.82285822,0.84695651,0.87897026,0.88125691,0.85328887,0.88125691,0.87457263,0.90271653,0.87351721,0.90271653,9736.125763619146,-0.0064565752915348,1.000,0.961,1.000,1.000,1.000,1.000
0.1665745,0.16666904,0.16666517,0.16670695,0.1667431,0.16664127,1.0,1.0,1.0,1.0,0.84660453,0.84818763,0.81986779,0.84818763,0.82778345,0.84695651,0.82285822,0.84695651,0.87897026,0.88125691,0.85328887,0.88125691,0.87457263,0.90271653,0.87351721,0.90271653,0.8842472,0.89005185,0.87140654,0.89005185,9750.096840511202,0.0014339443379893,1.000,1.009,1.000,1.000,1.000,1.000
0.16657422,0.16666894,0.16666575,0.16670635,0.1667431,0.16664164,1.0,1.0,1.0,1.0,0.82778345,0.84695651,0.82285822,0.84695651,0.87897026,0.88125691,0.85328887,0.88125691,0.87457263,0.90271653,0.87351721,0.90271653,0.8842472,0.89005185,0.87140654,0.89005185,0.85012271,0.89110728,0.83939283,0.89110728,9812.736524619757,0.0064039699173141,1.000,1.039,1.000,1.000,1.000,1.000
0.1665743,0.16666879,0.16666599,0.16670613,0.16674294,0.16664182,1.0,1.0,1.0,1.0,0.87897026,0.88125691,0.85328887,0.88125691,0.87457263,0.90271653,0.87351721,0.90271653,0.8842472,0.89005185,0.87140654,0.89005185,0.85012271,0.89110728,0.83939283,0.89110728,0.85751024,0.86349082,0.84361416,0.86349082,9781.273463670615,-0.0032115006585936,1.000,0.981,1.000,1.000,1.000,1.000
0.16657464,0.16666852,0.1666653,0.16670763,0.16674207,0.16664186,1.0,1.0,1.0,1.0,0.87457263,0.90271653,0.87351721,0.90271653,0.8842472,0.89005185,0.87140654,0.89005185,0.85012271,0.89110728,0.83939283,0.89110728,0.85751024,0.86349082,0.84361416,0.86349082,0.89057933,0.90183689,0.87861815,0.90183689,9871.157572505334,0.0091474419045641,1.000,1.055,1.000,1.000,1.000,1.000
0.16657463,0.16666903,0.16666499,0.16670685,0.16674328,0.16664128,1.0,1.0,1.0,1.0,0.8842472,0.89005185,0.87140654,0.89005185,0.85012271,0.89110728,0.83939283,0.89110728,0.85751024,0.86349082,0.84361416,0.86349082,0.89057933,0.90183689,0.87861815,0.90183689,0.8735173,0.87897021,0.86261154,0.87897021,9911.473728976787,0.0040759201010026,1.000,1.025,1.000,1.000,1.000,1.000
0.16657497,0.16666895,0.16666502,0.1667067,0.16674334,0.16664106,1.0,1.0,1.0,1.0,0.85012271,0.89110728,0.83939283,0.89110728,0.85751024,0.86349082,0.84361416,0.86349082,0.89057933,0.90183689,0.87861815,0.90183689,0.8735173,0.87897021,0.86261154,0.87897021,0.92171371,0.93473024,0.90904892,0.93473024,9877.54610638026,-0.0034289374735196,1.000,0.980,1.000,1.000,1.000,1.000
0.16657619,0.1666691,0.16666462,0.16670579,0.16674462,0.16663969,1.0,1.0,1.0,1.0,0.85751024,0.86349082,0.84361416,0.86349082,0.89057933,0.90183689,0.87861815,0.90183689,0.8735173,0.87897021,0.86261154,0.87897021,0.92171371,0.93473024,0.90904892,0.93473024,0.94440457,0.95319955,0.93226753,0.95319955,9839.285330763896,-0.0038810316721805,1.000,0.977,1.000,1.000,1.000,1.000
0.16658291,0.16666168,0.16666374,0.16670136,0.16675104,0.16663927,1.0,1.0,1.0,1.0,0.89057933,0.90183689,0.87861815,0.90183689,0.8735173,0.87897021,0.86261154,0.87897021,0.92171371,0.93473024,0.90904892,0.93473024,0.94440457,0.95319955,0.93226753,0.95319955,0.92505579,0.94669143,0.92452811,0.94669143,9889.643472029851,0.0051050162059351,1.000,1.031,1.000,1.000,1.000,1.000
0.16658716,0.16665144,0.1666664,0.16670167,0.16675316,0.16664018,1.0,1.0,1.0,1.0,0.8735173,0.87897021,0.86261154,0.87897021,0.92171371,0.93473024,0.90904892,0.93473024,0.94440457,0.95319955,0.93226753,0.95319955,0.92505579,0.94669143,0.92452811,0.94669143,0.90359591,0.91133553,0.88864448,0.91133553,9879.890549680433,-0.0009866619142278,1.000,0.994,1.000,1.000,1.000,1.000
0.1665906,0.16664112,0.16667078,0.1667068,0.16675153,0.16663918,1.0,1.0,1.0,1.0,0.92171371,0.93473024,0.90904892,0.93473024,0.94440457,0.95319955,0.93226753,0.95319955,0.92505579,0.94669143,0.92452811,0.94669143,0.90359591,0.91133553,0.88864448,0.91133553,0.93138813,0.93420252,0.92188954,0.93420252,9882.68639972294,0.0002829438760257,1.000,1.002,1.000,1.000,1.000,1.000
0.16658948,0.16663425,0.16667376,0.1667122,0.16675477,0.16663556,1.0,1.0,1.0,1.0,0.94440457,0.95319955,0.93226753,0.95319955,0.92505579,0.94669143,0.92452811,0.94669143,0.90359591,0.91133553,0.88864448,0.91133553,0.93138813,0.93420252,0.92188954,0.93420252,0.92593524,0.93455435,0.91925104,0.93455435,9907.041568340985,0.0024613962307721,1.000,1.015,1.000,1.000,1.000,1.000
0.16659231,0.16661951,0.16668065,0.16671406,0.16676004,0.16663341,1.0,1.0,1.0,1.0,0.92505579,0.94669143,0.92452811,0.94669143,0.90359591,0.91133553,0.88864448,0.91133553,0.93138813,0.93420252,0.92188954,0.93420252,0.92593524,0.93455435,0.91925104,0.93455435,0.92751835,0.93033274,0.91467769,0.93033274,9883.855444917765,-0.0023431109783114,1.000,0.986,1.000,1.000,1.000,1.000
0.16659336,0.16660485,0.16668698,0.16671893,0.16676496,0.16663098,1.0,1.0,1.0,1.0,0.90359591,0.91133553,0.88864448,0.91133553,0.93138813,0.93420252,0.92188954,0.93420252,0.92593524,0.93455435,0.91925104,0.93455435,0.92751835,0.93033274,0.91467769,0.93033274,0.94123851,0.94546013,0.93173998,0.94546013,9937.491873253275,0.0054119993349478,1.000,1.033,1.000,1.000,1.000,1.000
0.1665989,0.16658355,0.16669077,0.16672857,0.16677126,0.16662696,1.0,1.0,1.0,1.0,0.93138813,0.93420252,0.92188954,0.93420252,0.92593524,0.93455435,0.91925104,0.93455435,0.92751835,0.93033274,0.91467769,0.93033274,0.94123851,0.94546013,0.93173998,0.94546013,0.92804612,0.9451084,0.92663896,0.9451084,9896.36028450846,-0.0041476206822921,1.000,0.975,1.000,1.000,1.000,1.000
0.16660157,0.16656357,0.16669858,0.16673183,0.1667852,0.16661921,1.0,1.0,1.0,1.0,0.92593524,0.93455435,0.91925104,0.93455435,0.92751835,0.93033274,0.91467769,0.93033274,0.94123851,0.94546013,0.93173998,0.94546013,0.92804612,0.9451084,0.92663896,0.9451084,0.95830083,0.9619947,0.93983139,0.9619947,9833.294135250782,-0.0063930530879537,1.000,0.962,1.000,1.000,1.000,1.000
0.1666062,0.16655067,0.16670763,0.16672838,0.16679002,0.16661714,1.0,1.0,1.0,1.0,0.92751835,0.93033274,0.91467769,0.93033274,0.94123851,0.94546013,0.93173998,0.94546013,0.92804612,0.9451084,0.92663896,0.9451084,0.95830083,0.9619947,0.93983139,0.9619947,0.93455434,0.95706946,0.93156401,0.95706946,9866.816087989268,0.003403228176165,1.000,1.021,1.000,1.000,1.000,1.000
0.16660576,0.16654128,0.16671285,0.1667236,0.1668027,0.16661389,1.0,1.0,1.0,1.0,0.94123851,0.94546013,0.93173998,0.94546013,0.92804612,0.9451084,0.92663896,0.9451084,0.95830083,0.9619947,0.93983139,0.9619947,0.93455434,0.95706946,0.93156401,0.95706946,0.89884682,0.92452821,0.89867095,0.92452821,9852.883550320206,-0.0014130580326173,1.000,0.992,1.000,1.000,1.000,1.000
0.16659512,0.16653527,0.16671066,0.1667189,0.16682157,0.16661851,1.0,1.0,1.0,1.0,0.92804612,0.9451084,0.92663896,0.9451084,0.95830083,0.9619947,0.93983139,0.9619947,0.93455434,0.95706946,0.93156401,0.95706946,0.89884682,0.92452821,0.89867095,0.92452821,0.91731607,0.91784375,0.90201277,0.91784375,9866.183643673932,0.001348957862937,1.000,1.008,1.000,1.000,1.000,1.000
0.16658317,0.16653122,0.1667081,0.16670904,0.1668409,0.16662759,1.0,1.0,1.0,1.0,0.95830083,0.9619947,0.93983139,0.9619947,0.93455434,0.95706946,0.93156401,0.95706946,0.89884682,0.92452821,0.89867095,0.92452821,0.91731607,0.91784375,0.90201277,0.91784375,0.90957658,0.92487988,0.90728993,0.92487988,9872.459957096891,0.0006359417355544,1.000,1.004,1.000,1.000,1.000,1.000
0.16657686,0.16652073,0.16670823,0.16669245,0.16686778,0.16663393,1.0,1.0,1.0,1.0,0.93455434,0.95706946,0.93156401,0.95706946,0.89884682,0.92452821,0.89867095,0.92452821,0.91731607,0.91784375,0.90201277,0.91784375,0.90957658,0.92487988,0.90728993,0.92487988,0.91696439,0.92558343,0.91467768,0.92558343,9890.66850532063,0.0018426792509671,1.000,1.011,1.000,1.000,1.000,1.000
0.16657959,0.16648583,0.16671716,0.16667064,0.16691217,0.16663459,1.0,1.0,1.0,1.0,0.89884682,0.92452821,0.89867095,0.92452821,0.91731607,0.91784375,0.90201277,0.91784375,0.90957658,0.92487988,0.90728993,0.92487988,0.91696439,0.92558343,0.91467768,0.92558343,0.92048228,0.93191571,0.91643653,0.93191571,9874.75934377,-0.0016097971779556,1.000,0.990,1.000,1.000,1.000,1.000
0.16658843,0.16643998,0.16673076,0.16664541,0.16696414,0.16663127,1.0,1.0,1.0,1.0,0.91731607,0.91784375,0.90201277,0.91784375,0.90957658,0.92487988,0.90728993,0.92487988,0.91696439,0.92558343,0.91467768,0.92558343,0.92048228,0.93191571,0.91643653,0.93191571,0.93068448,0.93824817,0.92294493,0.93824817,9833.951783494578,-0.0041410743023823,1.000,0.975,1.000,1.000,1.000,1.000
0.16658647,0.16639295,0.16675973,0.16661228,0.16702099,0.1666276,1.0,1.0,1.0,1.0,0.90957658,0.92487988,0.90728993,0.92487988,0.91696439,0.92558343,0.91467768,0.92558343,0.92048228,0.93191571,0.91643653,0.93191571,0.93068448,0.93824817,0.92294493,0.93824817,0.92171371,0.92927739,0.9213619,0.92927739,9828.104250656572,-0.0005948038191173,1.000,0.996,1.000,1.000,1.000,1.000
0.16657984,0.16637205,0.1667819,0.16657941,0.16704275,0.1666441,1.0,1.0,1.0,1.0,0.91696439,0.92558343,0.91467768,0.92558343,0.92048228,0.93191571,0.91643653,0.93191571,0.93068448,0.93824817,0.92294493,0.93824817,0.92171371,0.92927739,0.9213619,0.92927739,0.89884682,0.92593537,0.89849508,0.92593537,9865.9852422344,0.0038469448722853,1.000,1.023,1.000,1.000,1.000,1.000
0.16657557,0.16638501,0.1667877,0.16656026,0.16703682,0.16665462,1.0,1.0,1.0,1.0,0.92048228,0.93191571,0.91643653,0.93191571,0.93068448,0.93824817,0.92294493,0.93824817,0.92171371,0.92927739,0.9213619,0.92927739,0.89884682,0.92593537,0.89849508,0.92593537,0.89568061,0.9150296,0.88794105,0.9150296,9793.439236700537,-0.0073803111483371,1.000,0.956,1.000,1.000,1.000,1.000
0.16656405,0.16638306,0.16680482,0.16654508,0.1670475,0.1666555,1.0,1.0,1.0,1.0,0.93068448,0.93824817,0.92294493,0.93824817,0.92171371,0.92927739,0.9213619,0.92927739,0.89884682,0.92593537,0.89849508,0.92593537,0.89568061,0.9150296,0.88794105,0.9150296,0.91643662,0.91731617,0.87580387,0.91731617,9861.0202479959,0.0068769408475787,1.000,1.042,1.000,1.000,1.000,1.000
0.1665521,0.1663805,0.16682373,0.16652818,0.16705559,0.16665989,1.0,1.0,1.0,1.0,0.92171371,0.92927739,0.9213619,0.92927739,0.89884682,0.92593537,0.89849508,0.92593537,0.89568061,0.9150296,0.88794105,0.9150296,0.91643662,0.91731617,0.87580387,0.91731617,0.87597978,0.89796723,0.86859203,0.89796723,9827.351062925032,-0.0034202136236264,1.000,0.980,1.000,1.000,1.000,1.000
0.16654438,0.16638331,0.16683422,0.1665216,0.16705608,0.16666035,1.0,1.0,1.0,1.0,0.89884682,0.92593537,0.89849508,0.92593537,0.89568061,0.9150296,0.88794105,0.9150296,0.91643662,0.91731617,0.87580387,0.91731617,0.87597978,0.89796723,0.86859203,0.89796723,0.91239103,0.91801981,0.89304211,0.91801981,9860.42802148711,0.0033601544940054,1.000,1.020,1.000,1.000,1.000,1.000
0.16654243,0.16639027,0.16682735,0.166521,0.16705434,0.16666465,1.0,1.0,1.0,1.0,0.89568061,0.9150296,0.88794105,0.9150296,0.91643662,0.91731617,0.87580387,0.91731617,0.87597978,0.89796723,0.86859203,0.89796723,0.91239103,0.91801981,0.89304211,0.91801981,0.89374561,0.90517904,0.89356967,0.90517904,9825.862876731537,-0.0035115990568041,1.000,0.979,1.000,1.000,1.000,1.000
0.16653094,0.16640593,0.16682468,0.16652432,0.16704407,0.16667004,1.0,1.0,1.0,1.0,0.91643662,0.91731617,0.87580387,0.91731617,0.87597978,0.89796723,0.86859203,0.89796723,0.91239103,0.91801981,0.89304211,0.91801981,0.89374561,0.90517904,0.89356967,0.90517904,0.91186326,0.91626075,0.88829271,0.91626075,9795.184739428394,-0.0031270666992149,1.000,0.981,1.000,1.000,1.000,1.000
0.16651645,0.16643414,0.1668167,0.16653085,0.16703133,0.16667052,1.0,1.0,1.0,1.0,0.87597978,0.89796723,0.86859203,0.89796723,0.91239103,0.91801981,0.89304211,0.91801981,0.89374561,0.90517904,0.89356967,0.90517904,0.91186326,0.91626075,0.88829271,0.91626075,0.8926902,0.91837152,0.89163478,0.91837152,9828.512915544996,0.0033967307025419,1.000,1.020,1.000,1.000,1.000,1.000
0.16650513,0.166478,0.16679484,0.1665447,0.16701652,0.16666082,1.0,1.0,1.0,1.0,0.91239103,0.91801981,0.89304211,0.91801981,0.89374561,0.90517904,0.89356967,0.90517904,0.91186326,0.91626075,0.88829271,0.91626075,0.8926902,0.91837152,0.89163478,0.91837152,0.87597978,0.89462516,0.87263772,0.89462516,9858.064837724409,0.0030022429237702,1.000,1.018,1.000,1.000,1.000,1.000
0.16649827,0.16651574,0.16677272,0.16655357,0.16701032,0.16664942,1.0,1.0,1.0,1.0,0.89374561,0.90517904,0.89356967,0.90517904,0.91186326,0.91626075,0.88829271,0.91626075,0.8926902,0.91837152,0.89163478,0.91837152,0.87597978,0.89462516,0.87263772,0.89462516,0.89392156,0.90412376,0.89339388,0.90412376,9811.683837770006,-0.0047159815492172,1.000,0.972,1.000,1.000,1.000,1.000
0.1664917,0.16648965,0.16680206,0.1665286,0.16703308,0.16665491,1.0,1.0,1.0,1.0,0.91186326,0.91626075,0.88829271,0.91626075,0.8926902,0.91837152,0.89163478,0.91837152,0.87597978,0.89462516,0.87263772,0.89462516,0.89392156,0.90412376,0.89339388,0.90412376,0.91010428,0.91010428,0.89269019,0.91010428,9813.213233345296,0.0001558627872385,1.000,1.001,1.000,1.000,1.000,1.000
0.16647471,0.16647932,0.16684358,0.16649555,0.16703905,0.16666779,1.0,1.0,1.0,1.0,0.8926902,0.91837152,0.89163478,0.91837152,0.87597978,0.89462516,0.87263772,0.89462516,0.89392156,0.90412376,0.89339388,0.90412376,0.91010428,0.91010428,0.89269019,0.91010428,0.88442293,0.90799348,0.88125674,0.90799348,9835.931868801985,0.0023124309441724,1.000,1.014,1.000,1.000,1.000,1.000
0.16647592,0.1664491,0.1668822,0.16645315,0.16705954,0.16668011,1.0,1.0,1.0,1.0,0.87597978,0.89462516,0.87263772,0.89462516,0.89392156,0.90412376,0.89339388,0.90412376,0.91010428,0.91010428,0.89269019,0.91010428,0.88442293,0.90799348,0.88125674,0.90799348,0.88530261,0.89233855,0.8770353,0.89233855,9867.326572403825,0.0031867551516265,1.000,1.019,1.000,1.000,1.000,1.000
0.16652784,0.16619202,0.16706502,0.16628195,0.16714679,0.1667864,1.0,1.0,1.0,1.0,0.89392156,0.90412376,0.89339388,0.90412376,0.91010428,0.91010428,0.89269019,0.91010428,0.88442293,0.90799348,0.88125674,0.90799348,0.88530261,0.89233855,0.8770353,0.89233855,0.89761554,0.90201303,0.8889965,0.90201303,9900.370463061065,0.0033432241880266,1.000,1.020,1.000,1.000,1.000,1.000
0.16644415,0.1665408,0.16687652,0.1665086,0.1669724,0.16665749,1.0,1.0,1.0,1.0,0.91010428,0.91010428,0.89269019,0.91010428,0.88442293,0.90799348,0.88125674,0.90799348,0.88530261,0.89233855,0.8770353,0.89233855,0.89761554,0.90201303,0.8889965,0.90201303,0.91485352,0.91538126,0.90218879,0.91538126,9938.210764223695,0.0038148239150316,1.000,1.023,1.000,1.000,1.000,1.000
0.16640282,0.16660976,0.16684261,0.16656017,0.16692394,0.16666062,1.0,1.0,1.0,1.0,0.88442293,0.90799348,0.88125674,0.90799348,0.88530261,0.89233855,0.8770353,0.89233855,0.89761554,0.90201303,0.8889965,0.90201303,0.91485352,0.91538126,0.90218879,0.91538126,0.93332321,0.93666528,0.92206558,0.93666528,9966.195504931447,0.0028119159917295,1.000,1.017,1.000,1.000,1.000,1.000
0.16634889,0.1667651,0.16677943,0.16661705,0.166879,0.16661048,1.0,1.0,1.0,1.0,0.88530261,0.89233855,0.8770353,0.89233855,0.89761554,0.90201303,0.8889965,0.90201303,0.91485352,0.91538126,0.90218879,0.91538126,0.93332321,0.93666528,0.92206558,0.93666528,0.9547828,0.95636589,0.93279535,0.95636589,9977.276148574696,0.0011112052079937,1.000,1.007,1.000,1.000,1.000,1.000
0.16621912,0.16715133,0.16656566,0.1669065,0.16676235,0.16639504,1.0,1.0,1.0,1.0,0.89761554,0.90201303,0.8889965,0.90201303,0.91485352,0.91538126,0.90218879,0.91538126,0.93332321,0.93666528,0.92206558,0.93666528,0.9547828,0.95636589,0.93279535,0.95636589,0.97096559,0.99101813,0.96850301,0.99101813,10008.459561550848,0.0031205694635067,1.000,1.019,1.000,1.000,1.000,1.000
0.16617182,0.16723312,0.16652498,0.1669736,0.16675532,0.16634116,1.0,1.0,1.0,1.0,0.91485352,0.91538126,0.90218879,0.91538126,0.93332321,0.93666528,0.92206558,0.93666528,0.9547828,0.95636589,0.93279535,0.95636589,0.97096559,0.99101813,0.96850301,0.99101813,0.97747373,0.98116761,0.96234636,0.98116761,10036.18707027683,0.0027665767245164,1.000,1.017,1.000,1.000,1.000,1.000
0.16644825,0.1663714,0.166977,0.16628379,0.16704549,0.16687408,1.0,1.0,1.0,1.0,0.93332321,0.93666528,0.92206558,0.93666528,0.9547828,0.95636589,0.93279535,0.95636589,0.97096559,0.99101813,0.96850301,0.99101813,0.97747373,0.98116761,0.96234636,0.98116761,0.99576741,0.99611921,0.96656808,0.99611921,9963.281321621977,-0.0072908009525811,1.000,0.956,1.000,1.000,1.000,1.000
0.16668427,0.16562898,0.1673118,0.16566105,0.16738887,0.167325,1.0,1.0,1.0,1.0,0.9547828,0.95636589,0.93279535,0.95636589,0.97096559,0.99101813,0.96850301,0.99101813,0.97747373,0.98116761,0.96234636,0.98116761,0.99576741,0.99611921,0.96656808,0.99611921,1.01230224,1.02092135,0.99946158,1.02092135,9991.907254988544,0.0028690235516819,1.000,1.017,1.000,1.000,1.000,1.000
0.16694403,0.16490488,0.16764987,0.16503508,0.1677333,0.16773278,1.0,1.0,1.0,1.0,0.97096559,0.99101813,0.96850301,0.99101813,0.97747373,0.98116761,0.96234636,0.98116761,0.99576741,0.99611921,0.96656808,0.99611921,1.01230224,1.02092135,0.99946158,1.02092135,0.96815128,0.9922495,0.96762353,0.9922495,9992.422533176525,5.156822305844865e-05,1.000,1.000,1.000,1.000,1.000,1.000
0.16724628,0.1639708,0.16810323,0.16422485,0.1682503,0.1682045,1.0,1.0,1.0,1.0,0.97747373,0.98116761,0.96234636,0.98116761,0.99576741,0.99611921,0.96656808,0.99611921,1.01230224,1.02092135,0.99946158,1.02092135,0.96815128,0.9922495,0.96762353,0.9922495,0.98503765,1.00034089,0.97360415,1.00034089,9985.909100212912,-0.0006520497621034,1.000,0.996,1.000,1.000,1.000,1.000
0.16744107,0.16343777,0.16830665,0.16374116,0.16863243,0.16844092,1.0,1.0,1.0,1.0,0.99576741,0.99611921,0.96656808,0.99611921,1.01230224,1.02092135,0.99946158,1.02092135,0.96815128,0.9922495,0.96762353,0.9922495,0.98503765,1.00034089,0.97360415,1.00034089,0.98538933,0.9871483,0.95900439,0.9871483,10009.265622263374,0.0023362169121087,1.000,1.014,1.000,1.000,1.000,1.000
0.16769433,0.1629359,0.16853888,0.16326602,0.16888757,0.1686773,1.0,1.0,1.0,1.0,1.01230224,1.02092135,0.99946158,1.02092135,0.96815128,0.9922495,0.96762353,0.9922495,0.98503765,1.00034089,0.97360415,1.00034089,0.98538933,0.9871483,0.95900439,0.9871483,0.98151969,1.00262765,0.97694633,1.00262765,10008.34310087635,-9.217098809720031e-05,1.000,0.999,1.000,1.000,1.000,1.000
0.1676199,0.16337596,0.16823485,0.16365148,0.16878425,0.16833358,1.0,1.0,1.0,1.0,0.96815128,0.9922495,0.96762353,0.9922495,0.98503765,1.00034089,0.97360415,1.00034089,0.98538933,0.9871483,0.95900439,0.9871483,0.98151969,1.00262765,0.97694633,1.00262765,0.99559146,0.99946127,0.9831026,0.99946127,9983.8428080222,-0.0024509881241531,1.000,0.985,1.000,1.000,1.000,1.000
0.16770051,0.16353063,0.16805819,0.16380855,0.16878484,0.16811727,1.0,1.0,1.0,1.0,0.98503765,1.00034089,0.97360415,1.00034089,0.98538933,0.9871483,0.95900439,0.9871483,0.98151969,1.00262765,0.97694633,1.00262765,0.99559146,0.99946127,0.9831026,0.99946127,0.99506002,1.00197138,0.98868028,1.00197138,10004.158560930464,0.002032795528586,1.000,1.012,1.000,1.000,1.000,1.000
0.1674865,0.16417131,0.16765939,0.16442643,0.16860567,0.16765074,1.0,1.0,1.0,1.0,0.98538933,0.9871483,0.95900439,0.9871483,0.98151969,1.00262765,0.97694633,1.00262765,0.99559146,0.99946127,0.9831026,0.99946127,0.99506002,1.00197138,0.98868028,1.00197138,0.98017382,1.00126233,0.97946495,1.00126233,10026.392963267008,0.0022200498515243,1.000,1.014,1.000,1.000,1.000,1.000
0.1672495,0.1646756,0.16736566,0.16490735,0.1685456,0.1672563,1.0,1.0,1.0,1.0,0.98151969,1.00262765,0.97694633,1.00262765,0.99559146,0.99946127,0.9831026,0.99946127,0.99506002,1.00197138,0.98868028,1.00197138,0.98017382,1.00126233,0.97946495,1.00126233,0.9924016,0.9924016,0.980351,0.9924016,10021.104497028136,-0.0005275936681891,1.000,0.997,1.000,1.000,1.000,1.000
0.16706616,0.16513498,0.16710678,0.16533396,0.16848595,0.16687223,1.0,1.0,1.0,1.0,0.99559146,0.99946127,0.9831026,0.99946127,0.99506002,1.00197138,0.98868028,1.00197138,0.98017382,1.00126233,0.97946495,1.00126233,0.9924016,0.9924016,0.980351,0.9924016,1.00586995,1.01295856,1.00179403,1.01295856,10034.518219502366,0.001337652254825,1.000,1.008,1.000,1.000,1.000,1.000
0.16685408,0.16552462,0.16688108,0.1657346,0.16844015,0.16656539,1.0,1.0,1.0,1.0,0.99506002,1.00197138,0.98868028,1.00197138,0.98017382,1.00126233,0.97946495,1.00126233,0.9924016,0.9924016,0.980351,0.9924016,1.00586995,1.01295856,1.00179403,1.01295856,1.0026801,1.01118639,0.99523705,1.01118639,10013.806005308055,-0.0020662297088725,1.000,0.988,1.000,1.000,1.000,1.000
0.16671443,0.1657803,0.16668607,0.16595672,0.16850245,0.16636002,1.0,1.0,1.0,1.0,0.98017382,1.00126233,0.97946495,1.00126233,0.9924016,0.9924016,0.980351,0.9924016,1.00586995,1.01295856,1.00179403,1.01295856,1.0026801,1.01118639,0.99523705,1.01118639,1.01083212,1.01171818,0.99151572,1.01171818,10015.535852339772,0.0001727312907544,1.000,1.001,1.000,1.000,1.000,1.000
0.16634753,0.1667193,0.16619505,0.16672924,0.16817324,0.16583568,1.0,1.0,1.0,1.0,0.9924016,0.9924016,0.980351,0.9924016,1.00586995,1.01295856,1.00179403,1.01295856,1.0026801,1.01118639,0.99523705,1.01118639,1.01083212,1.01171818,0.99151572,1.01171818,0.99824973,1.01473063,0.99612311,1.01473063,10026.71351074102,0.0011154096885671,1.000,1.007,1.000,1.000,1.000,1.000
0.16592434,0.16782486,0.16566633,0.16766556,0.1677117,0.16520724,1.0,1.0,1.0,1.0,1.00586995,1.01295856,1.00179403,1.01295856,1.0026801,1.01118639,0.99523705,1.01118639,1.01083212,1.01171818,0.99151572,1.01171818,0.99824973,1.01473063,0.99612311,1.01473063,0.99931312,0.99966755,0.98637646,0.99966755,10028.109878405392,0.0001392550449865,1.000,1.001,1.000,1.000,1.000,1.000
0.16594048,0.16806449,0.16556452,0.167839,0.16755047,0.16504103,1.0,1.0,1.0,1.0,1.0026801,1.01118639,0.99523705,1.01118639,1.01083212,1.01171818,0.99151572,1.01171818,0.99824973,1.01473063,0.99612311,1.01473063,0.99931312,0.99966755,0.98637646,0.99966755,1.00604708,1.00994582,0.9957686,1.00994582,10081.48133615858,0.0053080724016931,1.000,1.032,1.000,1.000,1.000,1.000
0.16593389,0.16824508,0.165559,0.16798462,0.16737337,0.16490409,1.0,1.0,1.0,1.0,1.01083212,1.01171818,0.99151572,1.01171818,0.99824973,1.01473063,0.99612311,1.01473063,0.99931312,0.99966755,0.98637646,0.99966755,1.00604708,1.00994582,0.9957686,1.00994582,1.00693319,1.01845217,1.00586988,1.01845217,10175.698884582387,0.0093022056170957,1.000,1.056,1.000,1.000,1.000,1.000
0.16575277,0.16884613,0.16532148,0.16847159,0.16696507,0.16464293,1.0,1.0,1.0,1.0,0.99824973,1.01473063,0.99612311,1.01473063,0.99931312,0.99966755,0.98637646,0.99966755,1.00604708,1.00994582,0.9957686,1.00994582,1.00693319,1.01845217,1.00586988,1.01845217,1.03883192,1.04680659,1.02695858,1.04680659,10143.012918345274,-0.0032173294005123,1.000,0.981,1.000,1.000,1.000,1.000
0.16561764,0.16959248,0.16492702,0.16919246,0.1662837,0.1643867,1.0,1.0,1.0,1.0,0.99931312,0.99966755,0.98637646,0.99966755,1.00604708,1.00994582,0.9957686,1.00994582,1.00693319,1.01845217,1.00586988,1.01845217,1.03883192,1.04680659,1.02695858,1.04680659,1.09660391,1.10103427,1.07321159,1.10103427,10196.198390295584,0.0052298579692205,1.000,1.031,1.000,1.000,1.000,1.000
0.16570765,0.16950053,0.16501613,0.16932473,0.16606902,0.16438195,1.0,1.0,1.0,1.0,1.00604708,1.00994582,0.9957686,1.00994582,1.00693319,1.01845217,1.00586988,1.01845217,1.03883192,1.04680659,1.02695858,1.04680659,1.09660391,1.10103427,1.07321159,1.10103427,1.07586994,1.08986991,1.07533832,1.08986991,10256.56183035269,0.0059027353445177,1.000,1.035,1.000,1.000,1.000,1.000
0.16566537,0.1695412,0.16504729,0.169471,0.16586053,0.16441461,1.0,1.0,1.0,1.0,1.00693319,1.01845217,1.00586988,1.01845217,1.03883192,1.04680659,1.02695858,1.04680659,1.09660391,1.10103427,1.07321159,1.10103427,1.07586994,1.08986991,1.07533832,1.08986991,1.10918607,1.11184432,1.08986968,1.11184432,10231.471488702176,-0.0024492691711985,1.000,0.986,1.000,1.000,1.000,1.000
0.16570473,0.16956013,0.16509102,0.1695306,0.16551892,0.1645946,1.0,1.0,1.0,1.0,1.03883192,1.04680659,1.02695858,1.04680659,1.09660391,1.10103427,1.07321159,1.10103427,1.07586994,1.08986991,1.07533832,1.08986991,1.10918607,1.11184432,1.08986968,1.11184432,1.1479961,1.15136322,1.11450256,1.15136322,10264.567482362694,0.0032295042444385,1.000,1.019,1.000,1.000,1.000,1.000
0.16567782,0.16962558,0.16517429,0.16957118,0.1650105,0.1649407,1.0,1.0,1.0,1.0,1.09660391,1.10103427,1.07321159,1.10103427,1.07586994,1.08986991,1.07533832,1.08986991,1.10918607,1.11184432,1.08986968,1.11184432,1.1479961,1.15136322,1.11450256,1.15136322,1.13151523,1.14409745,1.11981907,1.14409745,10315.071619824072,0.0049081753667689,1.000,1.029,1.000,1.000,1.000,1.000
0.16579911,0.16947731,0.16541989,0.1694384,0.16476195,0.16510329,1.0,1.0,1.0,1.0,1.07586994,1.08986991,1.07533832,1.08986991,1.10918607,1.11184432,1.08986968,1.11184432,1.1479961,1.15136322,1.11450256,1.15136322,1.13151523,1.14409745,1.11981907,1.14409745,1.15313517,1.18875534,1.1515403,1.18875534,10291.473376305,-0.0022903649145861,1.000,0.987,1.000,1.000,1.000,1.000
0.16601744,0.16927089,0.16548423,0.16922791,0.16466798,0.16533157,1.0,1.0,1.0,1.0,1.10918607,1.11184432,1.08986968,1.11184432,1.1479961,1.15136322,1.11450256,1.15136322,1.13151523,1.14409745,1.11981907,1.14409745,1.15313517,1.18875534,1.1515403,1.18875534,1.18662872,1.18786922,1.15774279,1.18786922,10305.396238911895,0.001351939880925,1.000,1.008,1.000,1.000,1.000,1.000
0.1661634,0.16892993,0.16569626,0.16893628,0.16458593,0.16568819,1.0,1.0,1.0,1.0,1.1479961,1.15136322,1.11450256,1.15136322,1.13151523,1.14409745,1.11981907,1.14409745,1.15313517,1.18875534,1.1515403,1.18875534,1.18662872,1.18786922,1.15774279,1.18786922,1.17067972,1.19105943,1.15473051,1.19105943,10300.39584548761,-0.0004853386370162,1.000,0.997,1.000,1.000,1.000,1.000
0.16636434,0.1684659,0.16564575,0.1685597,0.16504256,0.16592182,1.0,1.0,1.0,1.0,1.13151523,1.14409745,1.11981907,1.14409745,1.15313517,1.18875534,1.1515403,1.18875534,1.18662872,1.18786922,1.15774279,1.18786922,1.17067972,1.19105943,1.15473051,1.19105943,1.18007188,1.18078076,1.13984423,1.18078076,10313.160432192162,0.0012384654218929,1.000,1.007,1.000,1.000,1.000,1.000
0.16660146,0.16774,0.16571389,0.16803779,0.16572559,0.16618124,1.0,1.0,1.0,1.0,1.15313517,1.18875534,1.1515403,1.18875534,1.18662872,1.18786922,1.15774279,1.18786922,1.17067972,1.19105943,1.15473051,1.19105943,1.18007188,1.18078076,1.13984423,1.18078076,1.1767049,1.20505921,1.17617328,1.20505921,10336.89093770665,0.0022983493392433,1.000,1.014,1.000,1.000,1.000,1.000
0.16693331,0.16688482,0.16597725,0.16743958,0.16633557,0.16642946,1.0,1.0,1.0,1.0,1.18662872,1.18786922,1.15774279,1.18786922,1.17067972,1.19105943,1.15473051,1.19105943,1.18007188,1.18078076,1.13984423,1.18078076,1.1767049,1.20505921,1.17617328,1.20505921,1.18538858,1.18698358,1.16607225,1.18698358,10355.132194693788,0.0017631201739728,1.000,1.011,1.000,1.000,1.000,1.000
0.16706736,0.16606353,0.16621786,0.16689706,0.167012,0.16674216,1.0,1.0,1.0,1.0,1.17067972,1.19105943,1.15473051,1.19105943,1.18007188,1.18078076,1.13984423,1.18078076,1.1767049,1.20505921,1.17617328,1.20505921,1.18538858,1.18698358,1.16607225,1.18698358,1.20169219,1.22721113,1.19992007,1.22721113,10325.951122678483,-0.002822008009284,1.000,0.983,1.000,1.000,1.000,1.000
0.16711417,0.165579,0.16583301,0.16650477,0.16765036,0.16731876,1.0,1.0,1.0,1.0,1.18007188,1.18078076,1.13984423,1.18078076,1.1767049,1.20505921,1.17617328,1.20505921,1.18538858,1.18698358,1.16607225,1.18698358,1.20169219,1.22721113,1.19992007,1.22721113,1.21445148,1.22100846,1.20559075,1.22100846,10491.599152326004,0.0159146031735331,1.000,1.097,1.000,1.000,1.000,1.000
0.16707875,0.16505162,0.16612063,0.16597238,0.16805583,0.16772075,1.0,1.0,1.0,1.0,1.1767049,1.20505921,1.17617328,1.20505921,1.18538858,1.18698358,1.16607225,1.18698358,1.20169219,1.22721113,1.19992007,1.22721113,1.21445148,1.22100846,1.20559075,1.22100846,1.19389485,1.21392005,1.18290749,1.21392005,10710.347321534497,0.0206354573850277,1.000,1.127,1.000,1.000,1.000,1.000
0.1660247,0.16504942,0.16646838,0.16581173,0.16879445,0.16785136,1.0,1.0,1.0,1.0,1.18538858,1.18698358,1.16607225,1.18698358,1.20169219,1.22721113,1.19992007,1.22721113,1.21445148,1.22100846,1.20559075,1.22100846,1.19389485,1.21392005,1.18290749,1.21392005,1.30961565,1.36260276,1.26442588,1.36260276,10575.45274929871,-0.0126747763939011,1.000,0.924,1.000,1.000,1.000,1.000
0.16551316,0.16382842,0.16674612,0.16474824,0.1708301,0.16833396,1.0,1.0,1.0,1.0,1.20169219,1.22721113,1.19992007,1.22721113,1.21445148,1.22100846,1.20559075,1.22100846,1.19389485,1.21392005,1.18290749,1.21392005,1.30961565,1.36260276,1.26442588,1.36260276,1.47531153,1.47796977,1.42533702,1.47796977,10704.700600968015,0.0121474163134772,1.000,1.075,1.000,1.000,1.000,1.000
0.16489074,0.16220751,0.1677471,0.16358331,0.1726024,0.16896893,1.0,1.0,1.0,1.0,1.21445148,1.22100846,1.20559075,1.22100846,1.19389485,1.21392005,1.18290749,1.21392005,1.30961565,1.36260276,1.26442588,1.36260276,1.47531153,1.47796977,1.42533702,1.47796977,1.36313468,1.41027383,1.35551445,1.41027383,10646.864541788873,-0.0054175139149871,1.000,0.967,1.000,1.000,1.000,1.000
0.16411103,0.16012004,0.16959868,0.16199692,0.17581601,0.16835731,1.0,1.0,1.0,1.0,1.19389485,1.21392005,1.18290749,1.21392005,1.30961565,1.36260276,1.26442588,1.36260276,1.47531153,1.47796977,1.42533702,1.47796977,1.36313468,1.41027383,1.35551445,1.41027383,1.46503266,1.47743776,1.36561529,1.47743776,10624.413106478616,-0.0021109633392766,1.000,0.987,1.000,1.000,1.000,1.000
0.16257355,0.15903437,0.17135043,0.1608616,0.17747875,0.16870135,1.0,1.0,1.0,1.0,1.30961565,1.36260276,1.26442588,1.36260276,1.47531153,1.47796977,1.42533702,1.47796977,1.36313468,1.41027383,1.35551445,1.41027383,1.46503266,1.47743776,1.36561529,1.47743776,1.41647609,1.44040003,1.39308377,1.44040003,10625.550970603854,0.0001070932752825,1.000,1.001,1.000,1.000,1.000,1.000
0.1606283,0.15857686,0.17374717,0.1597724,0.17694959,0.17032579,1.0,1.0,1.0,1.0,1.47531153,1.47796977,1.42533702,1.47796977,1.36313468,1.41027383,1.35551445,1.41027383,1.46503266,1.47743776,1.36561529,1.47743776,1.41647609,1.44040003,1.39308377,1.44040003,1.39804586,1.41364069,1.37359029,1.41364069,10651.855940473635,0.0024725741610593,1.000,1.016,1.000,1.000,1.000,1.000
0.15868823,0.15844822,0.17765218,0.15883535,0.17453665,0.17183931,1.0,1.0,1.0,1.0,1.36313468,1.41027383,1.35551445,1.41027383,1.46503266,1.47743776,1.36561529,1.47743776,1.41647609,1.44040003,1.39308377,1.44040003,1.39804586,1.41364069,1.37359029,1.41364069,1.39910902,1.40265339,1.3718181,1.40265339,10681.922941407696,0.0028187243345782,1.000,1.018,1.000,1.000,1.000,1.000
0.15725374,0.15393502,0.18455702,0.15479746,0.17537431,0.17408241,1.0,1.0,1.0,1.0,1.46503266,1.47743776,1.36561529,1.47743776,1.41647609,1.44040003,1.39308377,1.44040003,1.39804586,1.41364069,1.37359029,1.41364069,1.39910902,1.40265339,1.3718181,1.40265339,1.42108357,1.42108357,1.39538738,1.42108357,10659.054038775384,-0.0021431925452281,1.000,0.986,1.000,1.000,1.000,1.000
0.1567379,0.14768712,0.19171663,0.14916761,0.176599,0.1780917,1.0,1.0,1.0,1.0,1.41647609,1.44040003,1.39308377,1.44040003,1.39804586,1.41364069,1.37359029,1.41364069,1.39910902,1.40265339,1.3718181,1.40265339,1.42108357,1.42108357,1.39538738,1.42108357,1.44660229,1.48860219,1.42781759,1.48860219,10648.84068985122,-0.0009586446560217,1.000,0.994,1.000,1.000,1.000,1.000
0.15351558,0.13867246,0.2058988,0.14040369,0.17785433,0.18365522,1.0,1.0,1.0,1.0,1.39804586,1.41364069,1.37359029,1.41364069,1.39910902,1.40265339,1.3718181,1.40265339,1.42108357,1.42108357,1.39538738,1.42108357,1.44660229,1.48860219,1.42781759,1.48860219,1.42693185,1.45493179,1.42161549,1.45493179,10644.863871761378,-0.0003735205515388,1.000,0.998,1.000,1.000,1.000,1.000
0.1522119,0.11910782,0.2363576,0.12328573,0.18362539,0.1854116,1.0,1.0,1.0,1.0,1.39910902,1.40265339,1.3718181,1.40265339,1.42108357,1.42108357,1.39538738,1.42108357,1.44660229,1.48860219,1.42781759,1.48860219,1.42693185,1.45493179,1.42161549,1.45493179,1.41824832,1.43171666,1.4072611,1.43171666,10612.24290599904,-0.0030691845047916,1.000,0.976,1.000,1.000,1.000,1.000
0.14890543,0.14061426,0.22866763,0.13885215,0.16705477,0.17590584,1.0,1.0,1.0,1.0,1.42108357,1.42108357,1.39538738,1.42108357,1.44660229,1.48860219,1.42781759,1.48860219,1.42693185,1.45493179,1.42161549,1.45493179,1.41824832,1.43171666,1.4072611,1.43171666,1.41541292,1.43277987,1.40389395,1.43277987,10638.098914063225,0.002433468698298,1.000,1.019,1.000,1.000,1.000,1.000
0.14965394,0.07749816,0.34619597,0.07910749,0.16392891,0.18361555,1.0,1.0,1.0,1.0,1.44660229,1.48860219,1.42781759,1.48860219,1.42693185,1.45493179,1.42161549,1.45493179,1.41824832,1.43171666,1.4072611,1.43171666,1.41541292,1.43277987,1.40389395,1.43277987,1.38121052,1.40353946,1.38121052,1.40353946,10620.10256004557,-0.0016931214372665,1.000,0.986,1.000,1.000,1.000,1.000
0.11545527,0.06662901,0.48435655,0.06391241,0.11834795,0.1512987,1.0,1.0,1.0,1.0,1.42693185,1.45493179,1.42161549,1.45493179,1.41824832,1.43171666,1.4072611,1.43171666,1.41541292,1.43277987,1.40389395,1.43277987,1.38121052,1.40353946,1.38121052,1.40353946,1.40690644,1.40974193,1.37748889,1.40974193,10614.663902926248,-0.0005122408337032,1.000,1.001,1.000,1.000,1.000,1.000
0.0081774434,0.00050822913,0.97107375,0.00062334473,0.0075345454,0.012082677,1.0,1.0,1.0,1.0,1.41824832,1.43171666,1.4072611,1.43171666,1.41541292,1.43277987,1.40389395,1.43277987,1.38121052,1.40353946,1.38121052,1.40353946,1.40690644,1.40974193,1.37748889,1.40974193,1.38759009,1.40176718,1.37926099,1.40176718,10591.802178503627,-0.0021561096687664,1.000,1.023,1.000,1.000,1.000,1.000
7.3402327e-05,0.89808261,0.00025426107,0.1011755,0.00014848763,0.00026575045,1.0,1.0,1.0,1.0,1.41541292,1.43277987,1.40389395,1.43277987,1.38121052,1.40353946,1.38121052,1.40353946,1.40690644,1.40974193,1.37748889,1.40974193,1.38759009,1.40176718,1.37926099,1.40176718,1.38953967,1.40407126,1.38315993,1.40407126,10446.634144669148,-0.0138004874104363,1.000,0.990,1.000,1.000,1.000,1.000
6.97711178e-09,0.995867014,5.66549607e-09,0.00413290178,3.23978675e-08,1.16472435e-07,1.0,1.0,1.0,1.0,1.38121052,1.40353946,1.38121052,1.40353946,1.40690644,1.40974193,1.37748889,1.40974193,1.38759009,1.40176718,1.37926099,1.40176718,1.38953967,1.40407126,1.38315993,1.40407126,1.42108357,1.43348853,1.41169122,1.43348853,10327.734529735646,-0.0114468858323202,1.000,0.989,1.000,1.000,1.000,1.000
3.9967183e-13,0.9998982,5.2522016e-14,0.00010184444,5.7861177e-12,4.6468846e-11,1.0,1.0,1.0,1.0,1.40690644,1.40974193,1.37748889,1.40974193,1.38759009,1.40176718,1.37926099,1.40176718,1.38953967,1.40407126,1.38315993,1.40407126,1.42108357,1.43348853,1.41169122,1.43348853,1.40726097,1.43224816,1.40442547,1.43224816,10099.986774398483,-0.0222988348958373,1.000,0.978,1.000,1.000,1.000,1.000
4.9880141e-18,0.99999905,1.4114436e-19,9.7060945e-07,4.1993723000000003e-16,7.9936126e-15,1.0,1.0,1.0,1.0,1.38759009,1.40176718,1.37926099,1.40176718,1.38953967,1.40407126,1.38315993,1.40407126,1.42108357,1.43348853,1.41169122,1.43348853,1.40726097,1.43224816,1.40442547,1.43224816,1.39184319,1.40407104,1.38670395,1.40407104,10300.603064888572,0.0196683291299282,1.000,1.020,1.000,1.000,1.000,1.000
1.4886091e-23,1.0,8.490376200000001e-26,3.5902721e-09,1.2149089e-20,5.8214692e-19,1.0,1.0,1.0,1.0,1.38953967,1.40407126,1.38315993,1.40407126,1.42108357,1.43348853,1.41169122,1.43348853,1.40726097,1.43224816,1.40442547,1.43224816,1.39184319,1.40407104,1.38670395,1.40407104,1.36118526,1.36632449,1.34647655,1.36632449,10373.734472410211,0.0070746366031129,1.000,1.007,1.000,1.000,1.000,1.000
3.7618005e-30,1.0,3.1524032999999996e-33,3.5214425e-12,5.478934800000001e-26,7.547990700000001e-24,1.0,1.0,1.0,1.0,1.42108357,1.43348853,1.41169122,1.43348853,1.40726097,1.43224816,1.40442547,1.43224816,1.39184319,1.40407104,1.38670395,1.40407104,1.36118526,1.36632449,1.34647655,1.36632449,1.38829902,1.39521051,1.37979279,1.39521051,10523.439152149547,0.0143279893739693,1.000,1.014,1.000,1.000,1.000,1.000
4.4179827000000005e-38,1.0,0.0,7.118109100000001e-16,2.2994525000000002e-32,1.1331015e-29,1.0,1.0,1.0,1.0,1.40726097,1.43224816,1.40442547,1.43224816,1.39184319,1.40407104,1.38670395,1.40407104,1.36118526,1.36632449,1.34647655,1.36632449,1.38829902,1.39521051,1.37979279,1.39521051,1.3982232,1.41612191,1.39095733,1.41612191,10747.891527158625,0.0211045288399228,1.000,1.021,1.000,1.000,1.000,1.000
0.0,1.0,0.0,5.8669905e-20,0.0,8.3595951e-36,1.0,1.0,1.0,1.0,1.39184319,1.40407104,1.38670395,1.40407104,1.36118526,1.36632449,1.34647655,1.36632449,1.38829902,1.39521051,1.37979279,1.39521051,1.3982232,1.41612191,1.39095733,1.41612191,1.41842581,1.42622329,1.40832458,1.42622329,10596.13499221185,-0.0142202870772789,1.000,0.986,1.000,1.000,1.000,1.000
0.0,1.0,0.0,1.5523604e-24,0.0,0.0,1.0,1.0,1.0,1.0,1.36118526,1.36632449,1.34647655,1.36632449,1.38829902,1.39521051,1.37979279,1.39521051,1.3982232,1.41612191,1.39095733,1.41612191,1.41842581,1.42622329,1.40832458,1.42622329,1.4487295,1.45617248,1.43561565,1.45617248,10574.722757582247,-0.0020228034389307,1.000,0.998,1.000,1.000,1.000,1.000
0.0,1.0,0.0,2.2739316000000002e-30,0.0,0.0,1.0,1.0,1.0,1.0,1.38829902,1.39521051,1.37979279,1.39521051,1.3982232,1.41612191,1.39095733,1.41612191,1.41842581,1.42622329,1.40832458,1.42622329,1.4487295,1.45617248,1.43561565,1.45617248,1.42834955,1.45865323,1.42072932,1.45865323,10418.233405900548,-0.0149090246408237,1.000,0.985,1.000,1.000,1.000,1.000
0.0,1.0,0.0,4.5567836e-37,0.0,0.0,1.0,1.0,1.0,1.0,1.3982232,1.41612191,1.39095733,1.41612191,1.41842581,1.42622329,1.40832458,1.42622329,1.4487295,1.45617248,1.43561565,1.45617248,1.42834955,1.45865323,1.42072932,1.45865323,1.42551401,1.43331135,1.41612166,1.43331135,10720.204027046946,0.0285727046645652,1.000,1.029,1.000,1.000,1.000,1.000
0.0,1.0,0.0,0.0,0.0,0.0,1.0,1.0,1.0,1.0,1.41842581,1.42622329,1.40832458,1.42622329,1.4487295,1.45617248,1.43561565,1.45617248,1.42834955,1.45865323,1.42072932,1.45865323,1.42551401,1.43331135,1.41612166,1.43331135,1.40442557,1.41346356,1.3945016,1.41346356,10800.949825332518,0.0075038892178048,1.000,1.008,1.000,1.000,1.000,1.000
0.0,1.0,0.0,0.0,0.0,0.0,1.0,1.0,1.0,1.0,1.4487295,1.45617248,1.43561565,1.45617248,1.42834955,1.45865323,1.42072932,1.45865323,1.42551401,1.43331135,1.41612166,1.43331135,1.40442557,1.41346356,1.3945016,1.41346356,1.44518518,1.44607117,1.41753961,1.44607117,10670.616222131795,-0.0121402606299821,1.000,0.988,1.000,1.000,1.000,1.000
0.0,1.0,0.0,0.0,0.0,0.0,1.0,1.0,1.0,1.0,1.42834955,1.45865323,1.42072932,1.45865323,1.42551401,1.43331135,1.41612166,1.43331135,1.40442557,1.41346356,1.3945016,1.41346356,1.44518518,1.44607117,1.41753961,1.44607117,1.45617223,1.46574184,1.41559007,1.46574184,10371.912032190528,-0.0283924300601227,1.000,0.972,1.000,1.000,1.000,1.000
0.0,1.0,0.0,0.0,0.0,0.0,1.0,1.0,1.0,1.0,1.42551401,1.43331135,1.41612166,1.43331135,1.40442557,1.41346356,1.3945016,1.41346356,1.44518518,1.44607117,1.41753961,1.44607117,1.45617223,1.46574184,1.41559007,1.46574184,1.43862812,1.44979259,1.38900798,1.44979259,10162.18041887128,-0.0204283590811031,1.000,0.980,1.000,1.000,1.000,1.000
0.0,1.0,0.0,0.0,0.0,0.0,1.0,1.0,1.0,1.0,1.40442557,1.41346356,1.3945016,1.41346356,1.44518518,1.44607117,1.41753961,1.44607117,1.45617223,1.46574184,1.41559007,1.46574184,1.43862812,1.44979259,1.38900798,1.44979259,1.3984001,1.44376698,1.37181792,1.44376698,10435.032406906705,0.0264956188396123,1.000,1.027,1.000,1.000,1.000,1.000
0.0,1.0,0.0,0.0,0.0,0.0,1.0,1.0,1.0,1.0,1.44518518,1.44607117,1.41753961,1.44607117,1.45617223,1.46574184,1.41559007,1.46574184,1.43862812,1.44979259,1.38900798,1.44979259,1.3984001,1.44376698,1.37181792,1.44376698,1.37022332,1.40265363,1.3684512,1.40265363,10368.639367505297,-0.0063828410224136,1.000,0.994,1.000,1.000,1.000,1.000
0.0,1.0,0.0,0.0,0.0,0.0,1.0,1.0,1.0,1.0,1.45617223,1.46574184,1.41559007,1.46574184,1.43862812,1.44979259,1.38900798,1.44979259,1.3984001,1.44376698,1.37181792,1.44376698,1.37022332,1.40265363,1.3684512,1.40265363,1.40708378,1.41240013,1.39202057,1.41240013,10357.961994477144,-0.0010303062992532,1.000,0.999,1.000,1.000,1.000,1.000
0.0,1.0,0.0,0.0,0.0,0.0,1.0,1.0,1.0,1.0,1.43862812,1.44979259,1.38900798,1.44979259,1.3984001,1.44376698,1.37181792,1.44376698,1.37022332,1.40265363,1.3684512,1.40265363,1.40708378,1.41240013,1.39202057,1.41240013,1.3982232,1.43951423,1.3957422,1.43951423,10578.708628876864,0.02108786241852,1.000,1.021,1.000,1.000,1.000,1.000
0.0,1.0,0.0,0.0,0.0,0.0,1.0,1.0,1.0,1.0,1.3984001,1.44376698,1.37181792,1.44376698,1.37022332,1.40265363,1.3684512,1.40265363,1.40708378,1.41240013,1.39202057,1.41240013,1.3982232,1.43951423,1.3957422,1.43951423,1.39680535,1.42303317,1.39290661,1.42303317,11281.218012761923,0.0642958588769012,1.000,1.066,1.000,1.000,1.000,1.000
0.0,1.0,0.0,0.0,0.0,0.0,1.0,1.0,1.0,1.0,1.37022332,1.40265363,1.3684512,1.40265363,1.40708378,1.41240013,1.39202057,1.41240013,1.3982232,1.43951423,1.3957422,1.43951423,1.39680535,1.42303317,1.39290661,1.42303317,1.42657717,1.43756452,1.41683031,1.43756452,10922.036021812368,-0.032356818274046,1.000,0.968,1.000,1.000,1.000,1.000
0.0,1.0,0.0,0.0,0.0,0.0,1.0,1.0,1.0,1.0,1.40708378,1.41240013,1.39202057,1.41240013,1.3982232,1.43951423,1.3957422,1.43951423,1.39680535,1.42303317,1.39290661,1.42303317,1.42657717,1.43756452,1.41683031,1.43756452,1.52138739,1.53804561,1.44217244,1.53804561,10816.417027881196,-0.0097173266920635,1.000,0.990,1.000,1.000,1.000,1.000
0.0,1.0,0.0,0.0,0.0,0.0,1.0,1.0,1.0,1.0,1.3982232,1.43951423,1.3957422,1.43951423,1.39680535,1.42303317,1.39290661,1.42303317,1.42657717,1.43756452,1.41683031,1.43756452,1.52138739,1.53804561,1.44217244,1.53804561,1.47318491,1.53272902,1.47159004,1.53272902,10594.308468897205,-0.0207481551098838,1.000,0.979,1.000,1.000,1.000,1.000
0.0,1.0,0.0,0.0,0.0,0.0,1.0,1.0,1.0,1.0,1.39680535,1.42303317,1.39290661,1.42303317,1.42657717,1.43756452,1.41683031,1.43756452,1.52138739,1.53804561,1.44217244,1.53804561,1.47318491,1.53272902,1.47159004,1.53272902,1.45905918,1.46582805,1.43590228,1.46582805,10641.29157051609,0.0044249447336505,1.000,1.004,1.000,1.000,1.000,1.000
0.0,1.0,0.0,0.0,0.0,0.0,1.0,1.0,1.0,1.0,1.42657717,1.43756452,1.41683031,1.43756452,1.52138739,1.53804561,1.44217244,1.53804561,1.47318491,1.53272902,1.47159004,1.53272902,1.45905918,1.46582805,1.43590228,1.46582805,1.42913345,1.47562514,1.42699585,1.47562514,10626.650519064122,-0.0013768190361941,1.000,0.999,1.000,1.000,1.000,1.000
0.0,1.0,0.0,0.0,0.0,0.0,1.0,1.0,1.0,1.0,1.52138739,1.53804561,1.44217244,1.53804561,1.47318491,1.53272902,1.47159004,1.53272902,1.45905918,1.46582805,1.43590228,1.46582805,1.42913345,1.47562514,1.42699585,1.47562514,1.43554597,1.43661484,1.40864851,1.43661484,10288.590028406845,-0.0323295287378085,1.000,0.968,1.000,1.000,1.000,1.000
0.0,1.0,0.0,0.0,0.0,0.0,1.0,1.0,1.0,1.0,1.47318491,1.53272902,1.47159004,1.53272902,1.45905918,1.46582805,1.43590228,1.46582805,1.42913345,1.47562514,1.42699585,1.47562514,1.43554597,1.43661484,1.40864851,1.43661484,1.43358673,1.44088997,1.41434871,1.44088997,10348.483650704811,0.0058044848209309,1.000,1.006,1.000,1.000,1.000,1.000
0.0,1.0,0.0,0.0,0.0,0.0,1.0,1.0,1.0,1.0,1.45905918,1.46582805,1.43590228,1.46582805,1.42913345,1.47562514,1.42699585,1.47562514,1.43554597,1.43661484,1.40864851,1.43661484,1.43358673,1.44088997,1.41434871,1.44088997,1.38798548,1.42378956,1.38745112,1.42378956,10414.347220289072,0.0063443940682337,1.000,1.006,1.000,1.000,1.000,1.000
0.0,1.0,0.0,0.0,0.0,0.0,1.0,1.0,1.0,1.0,1.42913345,1.47562514,1.42699585,1.47562514,1.43554597,1.43661484,1.40864851,1.43661484,1.43358673,1.44088997,1.41434871,1.44088997,1.38798548,1.42378956,1.38745112,1.42378956,1.39617932,1.4072234,1.3568127,1.4072234,10531.68946628445,0.0112043605500751,1.000,1.011,1.000,1.000,1.000,1.000
0.0,1.0,0.0,0.0,0.0,0.0,1.0,1.0,1.0,1.0,1.43554597,1.43661484,1.40864851,1.43661484,1.43358673,1.44088997,1.41434871,1.44088997,1.38798548,1.42378956,1.38745112,1.42378956,1.39617932,1.4072234,1.3568127,1.4072234,1.40508573,1.40579827,1.37854447,1.40579827,10629.096042389328,0.0092063939743961,1.000,1.009,1.000,1.000,1.000,1.000
0.0,1.0,0.0,0.0,0.0,0.0,1.0,1.0,1.0,1.0,1.43358673,1.44088997,1.41434871,1.44088997,1.38798548,1.42378956,1.38745112,1.42378956,1.39617932,1.4072234,1.3568127,1.4072234,1.40508573,1.40579827,1.37854447,1.40579827,1.42093947,1.43162735,1.41559567,1.43162735,10702.783309444634,0.0069086796273247,1.000,1.007,1.000,1.000,1.000,1.000
0.0,1.0,0.0,0.0,0.0,0.0,1.0,1.0,1.0,1.0,1.38798548,1.42378956,1.38745112,1.42378956,1.39617932,1.4072234,1.3568127,1.4072234,1.40508573,1.40579827,1.37854447,1.40579827,1.42093947,1.43162735,1.41559567,1.43162735,1.43412109,1.44712448,1.41274547,1.44712448,10907.229942637088,0.0189220368202827,1.000,1.019,1.000,1.000,1.000,1.000
0.0,1.0,0.0,0.0,0.0,0.0,1.0,1.0,1.0,1.0,1.39617932,1.4072234,1.3568127,1.4072234,1.40508573,1.40579827,1.37854447,1.40579827,1.42093947,1.43162735,1.41559567,1.43162735,1.43412109,1.44712448,1.41274547,1.44712448,1.44409609,1.45959341,1.43518962,1.45959341,10666.450677826282,-0.0223225018673685,1.000,0.978,1.000,1.000,1.000,1.000
0.0,1.0,0.0,0.0,0.0,0.0,1.0,1.0,1.0,1.0,1.40508573,1.40579827,1.37854447,1.40579827,1.42093947,1.43162735,1.41559567,1.43162735,1.43412109,1.44712448,1.41274547,1.44712448,1.44409609,1.45959341,1.43518962,1.45959341,1.47170629,1.47348756,1.4560308,1.47348756,11159.567938134564,0.045193876009976,1.000,1.046,1.000,1.000,1.000,1.000
0.0,1.0,0.0,0.0,0.0,0.0,1.0,1.0,1.0,1.0,1.42093947,1.43162735,1.41559567,1.43162735,1.43412109,1.44712448,1.41274547,1.44712448,1.44409609,1.45959341,1.43518962,1.45959341,1.47170629,1.47348756,1.4560308,1.47348756,1.43928696,1.46422499,1.43590245,1.46422499,10970.891232444295,-0.0170517272933587,1.000,0.983,1.000,1.000,1.000,1.000
0.0,1.0,0.0,0.0,0.0,0.0,1.0,1.0,1.0,1.0,1.43412109,1.44712448,1.41274547,1.44712448,1.44409609,1.45959341,1.43518962,1.45959341,1.47170629,1.47348756,1.4560308,1.47348756,1.43928696,1.46422499,1.43590245,1.46422499,1.50590708,1.50751018,1.45264639,1.50751018,11471.980812954613,0.0446620976555007,1.000,1.046,1.000,1.000,1.000,1.000
0.0,1.0,0.0,0.0,0.0,0.0,1.0,1.0,1.0,1.0,1.44409609,1.45959341,1.43518962,1.45959341,1.47170629,1.47348756,1.4560308,1.47348756,1.43928696,1.46422499,1.43590245,1.46422499,1.50590708,1.50751018,1.45264639,1.50751018,1.48061285,1.50430398,1.47437821,1.50430398,11586.874223080506,0.0099653136080963,1.000,1.010,1.000,1.000,1.000,1.000
0.0,1.0,0.0,0.0,0.0,0.0,1.0,1.0,1.0,1.0,1.47170629,1.47348756,1.4560308,1.47348756,1.43928696,1.46422499,1.43590245,1.46422499,1.50590708,1.50751018,1.45264639,1.50751018,1.48061285,1.50430398,1.47437821,1.50430398,1.54830214,1.54972721,1.51018242,1.54972721,11715.913445205631,0.0110751162423888,1.000,1.011,1.000,1.000,1.000,1.000
0.0,1.0,0.0,0.0,0.0,0.0,1.0,1.0,1.0,1.0,1.43928696,1.46422499,1.43590245,1.46422499,1.50590708,1.50751018,1.45264639,1.50751018,1.48061285,1.50430398,1.47437821,1.50430398,1.54830214,1.54972721,1.51018242,1.54972721,1.56397766,1.58285935,1.54117696,1.58285935,11996.677397908432,0.0236816867456328,1.000,1.024,1.000,1.000,1.000,1.000
0.0,1.0,0.0,0.0,0.0,0.0,1.0,1.0,1.0,1.0,1.50590708,1.50751018,1.45264639,1.50751018,1.48061285,1.50430398,1.47437821,1.50430398,1.54830214,1.54972721,1.51018242,1.54972721,1.56397766,1.58285935,1.54117696,1.58285935,1.5814342,1.58179053,1.56112744,1.58179053,11828.38326106824,-0.0141277236123892,1.000,0.986,1.000,1.000,1.000,1.000
0.0,1.0,0.0,0.0,0.0,0.0,1.0,1.0,1.0,1.0,1.48061285,1.50430398,1.47437821,1.50430398,1.54830214,1.54972721,1.51018242,1.54972721,1.56397766,1.58285935,1.54117696,1.58285935,1.5814342,1.58179053,1.56112744,1.58179053,1.61937568,1.62578822,1.57965274,1.62578822,11690.733438338064,-0.0117054901508619,1.000,0.988,1.000,1.000,1.000,1.000
0.0,1.0,0.0,0.0,0.0,0.0,1.0,1.0,1.0,1.0,1.54830214,1.54972721,1.51018242,1.54972721,1.56397766,1.58285935,1.54117696,1.58285935,1.5814342,1.58179053,1.56112744,1.58179053,1.61937568,1.62578822,1.57965274,1.62578822,1.59675313,1.61474425,1.59301243,1.61474425,11631.014747506844,-0.0051212988733904,1.000,0.995,1.000,1.000,1.000,1.000
0.0,1.0,0.0,0.0,0.0,0.0,1.0,1.0,1.0,1.0,1.56397766,1.58285935,1.54117696,1.58285935,1.5814342,1.58179053,1.56112744,1.58179053,1.61937568,1.62578822,1.57965274,1.62578822,1.59675313,1.61474425,1.59301243,1.61474425,1.57822772,1.60102828,1.57234941,1.60102828,11439.546539390114,-0.016598868303573,1.000,0.984,1.000,1.000,1.000,1.000
0.0,1.0,0.0,0.0,0.0,0.0,1.0,1.0,1.0,1.0,1.5814342,1.58179053,1.56112744,1.58179053,1.61937568,1.62578822,1.57965274,1.62578822,1.59675313,1.61474425,1.59301243,1.61474425,1.57822772,1.60102828,1.57234941,1.60102828,1.57021196,1.59408125,1.55311154,1.59408125,11552.540803990018,0.0098290488036834,1.000,1.010,1.000,1.000,1.000,1.000
0.0,1.0,0.0,0.0,0.0,0.0,1.0,1.0,1.0,1.0,1.61937568,1.62578822,1.57965274,1.62578822,1.59675313,1.61474425,1.59301243,1.61474425,1.57822772,1.60102828,1.57234941,1.60102828,1.57021196,1.59408125,1.55311154,1.59408125,1.54438322,1.5780497,1.53975195,1.5780497,11644.615081990009,0.0079384526265226,1.000,1.008,1.000,1.000,1.000,1.000
0.0,1.0,0.0,0.0,0.0,0.0,1.0,1.0,1.0,1.0,1.59675313,1.61474425,1.59301243,1.61474425,1.57822772,1.60102828,1.57234941,1.60102828,1.57021196,1.59408125,1.55311154,1.59408125,1.54438322,1.5780497,1.53975195,1.5780497,1.5597023,1.59639708,1.55489286,1.59639708,11562.586603560214,-0.0070692555829116,1.000,0.993,1.000,1.000,1.000,1.000
0.0,1.0,0.0,0.0,0.0,0.0,1.0,1.0,1.0,1.0,1.57822772,1.60102828,1.57234941,1.60102828,1.57021196,1.59408125,1.55311154,1.59408125,1.54438322,1.5780497,1.53975195,1.5780497,1.5597023,1.59639708,1.55489286,1.59639708,1.57217134,1.58499669,1.5634429,1.58499669,11637.58478064925,0.0064653348541224,1.000,1.007,1.000,1.000,1.000,1.000
0.0,1.0,0.0,0.0,0.0,0.0,1.0,1.0,1.0,1.0,1.57021196,1.59408125,1.55311154,1.59408125,1.54438322,1.5780497,1.53975195,1.5780497,1.5597023,1.59639708,1.55489286,1.59639708,1.57217134,1.58499669,1.5634429,1.58499669,1.56112747,1.58303747,1.55988057,1.58303747,11650.59002642878,0.001116897072375,1.000,1.001,1.000,1.000,1.000,1.000
0.0,1.0,0.0,0.0,0.0,0.0,1.0,1.0,1.0,1.0,1.54438322,1.5780497,1.53975195,1.5780497,1.5597023,1.59639708,1.55489286,1.59639708,1.57217134,1.58499669,1.5634429,1.58499669,1.56112747,1.58303747,1.55988057,1.58303747,1.57128083,1.58428435,1.56540252,1.58428435,11442.11294602967,-0.0180561577980526,1.000,0.982,1.000,1.000,1.000,1.000
0.0,1.0,0.0,0.0,0.0,0.0,1.0,1.0,1.0,1.0,1.5597023,1.59639708,1.55489286,1.59639708,1.57217134,1.58499669,1.5634429,1.58499669,1.56112747,1.58303747,1.55988057,1.58303747,1.57128083,1.58428435,1.56540252,1.58428435,1.573062,1.5755558,1.55738665,1.5755558,11438.95201161828,-0.0002762925971625,1.000,1.000,1.000,1.000,1.000,1.000
0.0,1.0,0.0,0.0,0.0,0.0,1.0,1.0,1.0,1.0,1.57217134,1.58499669,1.5634429,1.58499669,1.56112747,1.58303747,1.55988057,1.58303747,1.57128083,1.58428435,1.56540252,1.58428435,1.573062,1.5755558,1.55738665,1.5755558,1.54491773,1.56362125,1.52781717,1.56362125,11061.650932248394,-0.0335401188780951,1.000,0.967,1.000,1.000,1.000,1.000
0.0,1.0,0.0,0.0,0.0,0.0,1.0,1.0,1.0,1.0,1.56112747,1.58303747,1.55988057,1.58303747,1.57128083,1.58428435,1.56540252,1.58428435,1.573062,1.5755558,1.55738665,1.5755558,1.54491773,1.56362125,1.52781717,1.56362125,1.54456115,1.55364579,1.53155777,1.55364579,11197.906059939814,0.0122425463867833,1.000,1.012,1.000,1.000,1.000,1.000
0.0,1.0,0.0,0.0,0.0,0.0,1.0,1.0,1.0,1.0,1.57128083,1.58428435,1.56540252,1.58428435,1.573062,1.5755558,1.55738665,1.5755558,1.54491773,1.56362125,1.52781717,1.56362125,1.54456115,1.55364579,1.53155777,1.55364579,1.49361626,1.52140456,1.49343809,1.52140456,11063.018041804844,-0.0121189640127561,1.000,0.988,1.000,1.000,1.000,1.000
0.0,1.0,0.0,0.0,0.0,0.0,1.0,1.0,1.0,1.0,1.573062,1.5755558,1.55738665,1.5755558,1.54491773,1.56362125,1.52781717,1.56362125,1.54456115,1.55364579,1.53155777,1.55364579,1.49361626,1.52140456,1.49343809,1.52140456,1.51214152,1.51997927,1.49664421,1.51997927,11305.389565906307,0.0216717268722165,1.000,1.022,1.000,1.000,1.000,1.000
