,State_Cash_close_L1,State_Cash_high_L1,State_Cash_low_L1,State_Cash_open_L1,State_AAPL_close_L1,State_AAPL_high_L1,State_AAPL_low_L1,State_AAPL_open_L1,State_ADBE_close_L1,State_ADBE_high_L1,State_ADBE_low_L1,State_ADBE_open_L1,State_BABA_close_L1,State_BABA_high_L1,State_BABA_low_L1,State_BABA_open_L1,State_SNE_close_L1,State_SNE_high_L1,State_SNE_low_L1,State_SNE_open_L1,State_V_close_L1,State_V_high_L1,State_V_low_L1,State_V_open_L1
56,1.0,1.0,1.0,1.0,1.07433949,1.09212571,1.07373511,1.08867208,0.71821272,0.7246236,0.70849927,0.71015056,0.94795581,0.96173557,0.94750028,0.9525111,0.95540492,0.95718873,0.94862647,0.95255084,0.83837478,0.84850038,0.83811843,0.83914381
227,1.0,1.0,1.0,1.0,1.00397168,1.01977206,1.00224486,1.01061993,0.89383196,0.90189412,0.89052938,0.89868868,0.96799909,0.97733743,0.95945792,0.95968569,0.90617196,0.91687478,0.90367463,0.91651802,1.01307357,1.02730069,1.01217637,1.02319918
280,1.0,1.0,1.0,1.0,0.82921775,0.83543429,0.82714557,0.82887239,0.78552695,0.7862069,0.77231666,0.78018456,0.76619975,0.77155222,0.75264776,0.7607334,0.78380307,0.79058152,0.77880842,0.78630039,0.9168162,0.91925147,0.90105101,0.91040759
485,1.0,1.0,1.0,1.0,0.96805388,0.97073044,0.95493006,0.95717493,1.0053424,1.01087907,0.99601748,1.00398252,1.05124701,1.06001594,1.03667008,1.04543902,1.04031395,1.04174099,1.02533,1.02533,1.01614971,1.02371187,1.01217637,1.0212766
220,1.0,1.0,1.0,1.0,1.03004662,1.03539976,1.02616128,1.02918322,0.89179213,0.89849441,0.88606119,0.89684313,0.91048855,0.91994078,0.89283681,0.89329234,0.95932929,0.96361042,0.95683197,0.96004281,1.02781338,1.03819533,1.02512176,1.03294027
447,1.0,1.0,1.0,1.0,1.0156277,1.02029011,1.01131065,1.01778622,1.04749879,1.05973774,1.04730452,1.05089849,1.15989067,1.19234711,1.15055233,1.18745018,1.17338566,1.18515876,1.17231538,1.184802,1.05678031,1.06626506,1.05152525,1.05152525
421,1.0,1.0,1.0,1.0,0.9110689,0.92617855,0.90865136,0.92600587,0.98960661,1.00019427,0.98708111,0.99825158,1.16809019,1.18186995,1.15738526,1.16080173,1.18159115,1.19300749,1.17909383,1.19051017,1.06344527,1.07190464,1.05857472,1.06408613
375,1.0,1.0,1.0,1.0,0.82015196,0.82369194,0.81557589,0.82360559,0.92015542,0.92870325,0.91452161,0.91840699,0.89932809,0.90593327,0.89249516,0.90012527,1.04138423,1.04851944,1.03567606,1.04851944,0.95706229,0.96090746,0.94629582,0.95167906
25,1.0,1.0,1.0,1.0,1.09721982,1.09894664,1.08487308,1.09894664,0.7431763,0.74424478,0.72627489,0.72831472,1.0141214,1.01696845,0.99817788,1.00444141,0.97395648,0.97966465,0.97038887,0.97074563,0.86400923,0.87400666,0.86118944,0.87400666
229,1.0,1.0,1.0,1.0,1.02771542,1.02961492,0.9938698,0.99542393,0.89927149,0.90160272,0.87547353,0.87547353,0.96629086,0.96799909,0.93861747,0.94043959,0.9058152,0.90652872,0.89439886,0.8958259,1.030505,1.030505,1.00551141,1.00717765
180,1.0,1.0,1.0,1.0,0.99041616,1.00751166,0.98445864,1.00535313,0.80747936,0.82292375,0.80213696,0.82282661,0.67463842,0.69285958,0.67099419,0.69046806,0.90403139,0.92151267,0.8976097,0.91794506,0.90604973,0.915919,0.89989746,0.91245834
496,1.0,1.0,1.0,1.0,1.00604386,1.00604386,0.99801416,0.99801416,1.02010685,1.02399223,1.01612433,1.01612433,0.98838401,0.99851953,0.98644801,0.98644801,1.01534071,1.01641099,1.0117731,1.0117731,1.00166624,1.00589592,0.99846193,1.00076903
154,1.0,1.0,1.0,1.0,0.99300639,1.00604386,0.99015714,1.00241754,0.83030597,0.83992229,0.82768334,0.83652258,0.83270698,0.8377178,0.82917663,0.83304863,0.95005351,0.9546914,0.9429183,0.95433464,0.95360164,0.96077929,0.94424507,0.9510382
42,1.0,1.0,1.0,1.0,1.05543084,1.07727508,1.05430841,1.0771024,0.73831957,0.74579893,0.73511413,0.73734823,0.93372053,0.94955017,0.92460995,0.94522264,0.95754549,0.95932929,0.95397788,0.95611844,0.84837221,0.85670341,0.8428608,0.851192
402,1.0,1.0,1.0,1.0,0.93187705,0.94051114,0.93118632,0.93697116,0.98756678,0.99009228,0.97707625,0.97960175,1.04509737,1.05682724,1.03928937,1.04931101,1.17873707,1.18230467,1.17623974,1.17802355,1.02691618,1.02896693,1.02332735,1.02537811
275,1.0,1.0,1.0,1.0,0.80901399,0.81782076,0.79943015,0.80979106,0.72792618,0.73365712,0.71471588,0.71918407,0.68978476,0.70185628,0.68158524,0.68614053,0.722797,0.73421334,0.71744559,0.72672137,0.87759549,0.88528582,0.8641374,0.86887977
277,1.0,1.0,1.0,1.0,0.8343982,0.83621136,0.81687101,0.82041098,0.76619718,0.76930549,0.74919864,0.74919864,0.75492541,0.76175834,0.7293019,0.73362943,0.76953264,0.77202997,0.76097039,0.7681056,0.91130479,0.91963599,0.90220456,0.91527813
477,1.0,1.0,1.0,1.0,0.96330513,0.97107581,0.96175099,0.96209636,1.01505585,1.0213696,1.01107334,1.01806702,1.06775994,1.09030862,1.05910489,1.05933265,1.05494113,1.05565466,1.04923296,1.05351409,1.01358626,1.02550628,1.01320174,1.02102025
225,1.0,1.0,1.0,1.0,1.02141254,1.03099637,1.01666379,1.01873597,0.88839242,0.90004857,0.88518698,0.8976202,0.95752192,0.96196333,0.92677372,0.9281403,0.92472351,0.92900464,0.92151267,0.92579379,1.01268905,1.02704435,1.01204819,1.02614714
312,1.0,1.0,1.0,1.0,0.94810913,0.9560525,0.94474184,0.94551891,0.91471588,0.92054395,0.9054881,0.90645945,0.88053752,0.89169798,0.87586835,0.89055916,0.91651802,0.9275776,0.91651802,0.92044238,0.98654191,0.99295053,0.98154319,0.98872084
415,1.0,1.0,1.0,1.0,0.91521326,0.91953031,0.91089622,0.91348644,0.99077222,0.99456047,0.98601263,0.99164643,1.09326956,1.10101355,1.08381733,1.08586721,1.16268284,1.16767749,1.15947199,1.16446664,1.04037426,1.04063061,1.03460651,1.03819533
408,1.0,1.0,1.0,1.0,0.9442238,0.94707304,0.93558971,0.93912968,0.97445362,0.97727052,0.96862555,0.97435648,1.10306343,1.10739096,1.09714156,1.10363284,1.16732073,1.17124509,1.15447735,1.16196932,1.0314022,1.0314022,1.02204563,1.02550628
323,1.0,1.0,1.0,1.0,0.92496978,0.9332585,0.91573131,0.92073908,0.93569694,0.94220495,0.93016027,0.94220495,0.92483772,0.93075959,0.89955586,0.89966974,0.99607563,1.00499465,0.99072422,0.99678915,1.04011792,1.04639836,1.03242758,1.03665727
22,1.0,1.0,1.0,1.0,1.05353134,1.05465377,1.03747194,1.03755828,0.70675085,0.71092763,0.70043711,0.70849927,0.99373648,0.996128,0.98530919,0.99088942,0.92971816,0.93221548,0.9193721,0.92400999,0.84773135,0.85836965,0.84478339,0.85478083
325,1.0,1.0,1.0,1.0,0.91245035,0.91935762,0.90329822,0.90666552,0.92073822,0.93482273,0.91073337,0.93414279,0.90980526,0.97813461,0.90149186,0.91242455,0.95041027,0.97003211,0.93899394,0.96610774,1.01397078,1.01717508,0.99051525,0.99974366
46,1.0,1.0,1.0,1.0,1.09687446,1.099292,1.08487308,1.0870316,0.77377368,0.7758135,0.75939777,0.7597863,0.96230498,0.96913791,0.95103063,0.95672475,0.95433464,0.96931859,0.94684267,0.96860507,0.84747501,0.85990772,0.84632146,0.85901051
31,1.0,1.0,1.0,1.0,1.14116733,1.15351407,1.13253324,1.14781558,0.75454104,0.75794075,0.74871297,0.75794075,0.96446874,0.97403485,0.95524428,0.97403485,0.98965394,0.99215127,0.97859436,0.97966465,0.87310946,0.87733914,0.86887977,0.87733914
113,1.0,1.0,1.0,1.0,1.10179589,1.10568123,1.09721982,1.1007598,0.79922292,0.80291404,0.77561923,0.77707625,0.97574308,0.9839426,0.97460426,0.98018449,1.08811987,1.0906172,1.07991438,1.08169818,0.88554217,0.8900282,0.8831069,0.88849013
334,1.0,1.0,1.0,1.0,0.80504231,0.8122086,0.80020722,0.81160421,0.90820787,0.91520155,0.90257407,0.90432249,0.89773374,0.91037467,0.88942034,0.90559162,0.85551195,0.85765252,0.84837674,0.85408491,0.99154063,0.99589849,0.9870546,0.98872084
274,1.0,1.0,1.0,1.0,0.81393542,0.83189432,0.81246762,0.82818166,0.73365712,0.7538611,0.71782419,0.72841185,0.70356451,0.71848309,0.69320123,0.7049311,0.74170532,0.75882983,0.73528362,0.73671067,0.89912843,0.91040759,0.88528582,0.88618303
404,1.0,1.0,1.0,1.0,0.94525989,0.94577793,0.93317216,0.93369021,0.98037882,0.98717824,0.97989315,0.98474988,1.10659378,1.12583988,1.1026079,1.11923471,1.16874777,1.17195862,1.16518016,1.16946129,1.03704178,1.04011792,1.02563445,1.02704435
57,1.0,1.0,1.0,1.0,1.07278536,1.08029701,1.06285616,1.07770679,0.72918893,0.72948033,0.70937348,0.71500729,0.93793418,0.95342216,0.9358843,0.94943628,0.97252943,0.98002141,0.96325366,0.97966465,0.83542681,0.83978467,0.82607024,0.83888746
255,1.0,1.0,1.0,1.0,0.84087377,0.8736833,0.8400967,0.86617165,0.85769791,0.88819815,0.85468674,0.87994172,0.80047831,0.83407357,0.79968113,0.8287211,0.80235462,0.82875491,0.79700321,0.82554406,0.93693925,0.96629069,0.93552935,0.96475263
24,1.0,1.0,1.0,1.0,1.09186669,1.10067346,1.08418235,1.08841305,0.72452647,0.72608062,0.71209325,0.71491015,0.99191436,1.00558023,0.97426261,0.97483202,0.96717802,0.96824831,0.95148056,0.95183732,0.86811074,0.86811074,0.8558062,0.85760062
17,1.0,1.0,1.0,1.0,1.02443447,1.02823347,1.01545502,1.02313935,0.69859155,0.69907722,0.68965517,0.69490044,1.03188703,1.04373078,1.02380139,1.04373078,0.83446308,0.83481984,0.82554406,0.82590082,0.83247885,0.83452961,0.81632915,0.82260959
172,1.0,1.0,1.0,1.0,1.00397168,1.0061302,0.98791228,1.00094975,0.77251093,0.77814473,0.76056338,0.76357455,0.73852636,0.74433436,0.6959344,0.6998064,0.92186943,0.92436675,0.9058152,0.91223689,0.90374263,0.90681876,0.8909254,0.90335811
66,1.0,1.0,1.0,1.0,1.0946296,1.09765153,1.08798135,1.09143499,0.73851384,0.74307916,0.73725109,0.73909665,0.96424097,0.97209885,0.95843298,0.96891015,1.13271495,1.13342847,1.11987157,1.12843382,0.84183543,0.84478339,0.83696488,0.84081005
403,1.0,1.0,1.0,1.0,0.93403557,0.93628044,0.93058194,0.93058194,0.9814473,0.98300146,0.97192812,0.9808645,1.11889306,1.12003189,1.05807995,1.05887712,1.17088833,1.17731002,1.16803425,1.17267214,1.02563445,1.02640349,1.02089208,1.02281466
412,1.0,1.0,1.0,1.0,0.92876878,0.93144535,0.92108444,0.92721464,0.98776105,0.98873239,0.98018456,0.98251578,1.06980982,1.07835099,1.06047147,1.06764605,1.19300749,1.1947913,1.1883696,1.19158045,1.02947962,1.03204307,1.02537811,1.0290951
94,1.0,1.0,1.0,1.0,1.11915041,1.14755655,1.11483336,1.14487999,0.77085964,0.77824186,0.76580864,0.77620204,1.05363854,1.06958205,1.04259196,1.06650723,1.12843382,1.13735284,1.12201213,1.13699608,0.87849269,0.89079723,0.87554473,0.88836196
148,1.0,1.0,1.0,1.0,0.97988258,1.02037645,0.97850112,1.01718183,0.81495872,0.82428363,0.80670228,0.81651287,0.88076529,0.91105797,0.8672133,0.90513609,0.97574028,0.98501605,0.97145915,0.97752408,0.94027173,0.9519354,0.93847731,0.94603948
470,1.0,1.0,1.0,1.0,0.94966327,0.95173545,0.92039371,0.92125712,1.0109762,1.01408451,1.00009713,1.00641088,1.05751053,1.06684888,1.04008655,1.04076984,1.04780592,1.05458437,1.04495184,1.05458437,1.02640349,1.02781338,1.00948475,1.00986926
23,1.0,1.0,1.0,1.0,1.07822483,1.0785702,1.0576757,1.06000691,0.70917921,0.71044196,0.70276833,0.70694512,0.97938731,0.9987473,0.97733743,0.99738071,0.9311452,0.93328577,0.92365323,0.92365323,0.85234555,0.85337093,0.84670597,0.84914125
234,1.0,1.0,1.0,1.0,0.97720601,0.99628734,0.97435676,0.99456052,0.88800389,0.90966489,0.8753764,0.89859155,0.90809703,0.94579205,0.9044528,0.94351441,0.86835533,0.87691759,0.86478773,0.8740635,0.9755191,0.98872084,0.96795693,0.98872084
371,1.0,1.0,1.0,1.0,0.80806424,0.80866862,0.79554481,0.80210672,0.89810588,0.89995143,0.88742108,0.88751821,0.86869377,0.872338,0.85981096,0.85981096,1.00321085,1.00428113,0.9882269,0.99500535,0.96334273,0.96770059,0.95475519,0.96180467
193,1.0,1.0,1.0,1.0,0.95156277,0.96287342,0.94595061,0.96088758,0.81398737,0.82302088,0.81010199,0.81593006,0.78054891,0.79375925,0.7677941,0.79148161,0.92793436,0.94077774,0.92686407,0.93506957,0.9510382,0.96462446,0.94488593,0.95924122
5,1.0,1.0,1.0,1.0,0.92229321,0.95026766,0.92091176,0.94974961,0.68275862,0.69694026,0.68149587,0.69655172,1.09679991,1.14041681,1.09349732,1.13506434,0.74669996,0.75847306,0.74562968,0.75775954,0.81107408,0.82504486,0.80863881,0.82260959
116,1.0,1.0,1.0,1.0,1.10084614,1.11552409,1.10084614,1.1125885,0.81534726,0.8185527,0.8109762,0.81418164,0.97073226,0.97483202,0.96686027,0.97335155,1.11130931,1.13093115,1.11023903,1.12022833,0.87951807,0.88925916,0.87810818,0.88925916
45,1.0,1.0,1.0,1.0,1.07882922,1.07882922,1.06087032,1.06959074,0.76085478,0.76338028,0.75570665,0.75968917,0.95661086,0.97027673,0.93315112,0.9339483,0.9211559,0.92329647,0.91616126,0.91794506,0.86195847,0.86529095,0.85439631,0.85516534
16,1.0,1.0,1.0,1.0,1.02426179,1.02892419,1.00224486,1.01925401,0.69072365,0.69159786,0.6706168,0.68421564,1.02642068,1.04384466,1.00911058,1.03780891,0.83232251,0.83374955,0.81733857,0.81912237,0.81825173,0.82132786,0.80005127,0.82132786
460,1.0,1.0,1.0,1.0,0.96347781,0.97003972,0.96036954,0.96183733,1.02855755,1.03885381,1.02544925,1.03788247,1.121854,1.18551418,1.10807425,1.18266712,1.11915804,1.13021762,1.11701748,1.12486621,1.0328121,1.04306588,1.03204307,1.03678544
355,1.0,1.0,1.0,1.0,0.85158004,0.87972716,0.84225522,0.84605422,0.96279747,0.96639145,0.95648373,0.96318601,0.88896481,0.89203963,0.87347682,0.878146,1.02747057,1.03246522,1.02033535,1.02033535,1.03229941,1.03691361,1.02755704,1.0290951
3,1.0,1.0,1.0,1.0,0.95164911,0.97392506,0.94033846,0.96209636,0.68567266,0.70869354,0.67945605,0.69888295,1.14759139,1.1712789,1.13893634,1.16831796,0.75561898,0.76667856,0.74848377,0.76346771,0.83555499,0.85170469,0.83029992,0.83952833
398,1.0,1.0,1.0,1.0,0.92799171,0.92945951,0.9167674,0.91754447,0.9620204,0.96240894,0.94366197,0.9457018,0.96332992,0.96891015,0.96162168,0.96811297,1.16732073,1.17124509,1.16196932,1.16660721,1.02717252,1.02845424,1.02102025,1.02191746
388,1.0,1.0,1.0,1.0,0.85183906,0.85736488,0.84881713,0.85701951,0.95250121,0.95424964,0.93336571,0.93938805,0.96219109,0.96230498,0.9544471,0.95661086,1.07777381,1.07955762,1.07135212,1.07170888,1.02422456,1.02640349,1.00397334,1.02512176
60,1.0,1.0,1.0,1.0,1.08798135,1.10619927,1.08772233,1.10205491,0.73482273,0.74482759,0.73453133,0.73890238,0.93622594,0.94465323,0.93246783,0.93315112,1.0335355,1.04495184,1.03175169,1.04495184,0.84337349,0.84837221,0.83709305,0.83799026
110,1.0,1.0,1.0,1.0,1.09911932,1.10412709,1.09428423,1.10274564,0.75677513,0.77707625,0.75512385,0.77221952,0.98849789,0.99988612,0.98485366,0.98599248,1.06849804,1.07099536,1.06243311,1.06564395,0.88118431,0.88964368,0.87810818,0.88579851
317,1.0,1.0,1.0,1.0,0.95354861,0.95406666,0.93817993,0.94405111,0.90743079,0.90985915,0.89577465,0.90509956,0.88668717,0.89101469,0.87541282,0.88828152,0.99785944,1.00071352,0.98537281,0.99857296,1.00640861,1.00679313,0.99525763,0.99615483
262,1.0,1.0,1.0,1.0,0.85857365,0.87661889,0.85658781,0.87653255,0.84283633,0.86702283,0.84147644,0.85857212,0.79398702,0.8062863,0.78601526,0.8062863,0.75383518,0.76560828,0.75240813,0.75847306,0.91950782,0.93450397,0.91745706,0.93258139
29,1.0,1.0,1.0,1.0,1.11811432,1.11811432,1.10559489,1.11051632,0.76299174,0.76308888,0.74987858,0.75531812,0.98667578,0.99407812,0.98371484,0.99362259,0.97252943,0.97431324,0.95932929,0.96361042,0.8747757,0.8747757,0.8558062,0.86208664
294,1.0,1.0,1.0,1.0,0.87307892,0.8770506,0.86573994,0.87471939,0.82826615,0.82846042,0.80864497,0.8244779,0.82484911,0.82689899,0.80491971,0.815283,0.83053871,0.83660364,0.82376026,0.83481984,0.90592156,0.91104845,0.89592412,0.91002307
185,1.0,1.0,1.0,1.0,0.95303056,0.95847004,0.9285961,0.93256778,0.81583293,0.8160272,0.78960661,0.79854298,0.71973579,0.72019132,0.66279467,0.66461679,0.91901534,0.9193721,0.88690689,0.90688548,0.90579339,0.90656242,0.87618559,0.88182517
26,1.0,1.0,1.0,1.0,1.10369539,1.11276118,1.09583837,1.1007598,0.74919864,0.75007285,0.74123361,0.74473045,0.9890673,1.0134381,0.98735907,1.01104658,0.94898323,0.9511238,0.93828041,0.9411345,0.86798257,0.87157139,0.86477826,0.86990515
7,1.0,1.0,1.0,1.0,0.93869798,0.93999309,0.91953031,0.93109998,0.69441476,0.69927149,0.68557552,0.6973288,1.13927799,1.14121398,1.11137684,1.11946248,0.7427756,0.7463432,0.73706743,0.74598644,0.8229941,0.83209433,0.81466291,0.82107152
451,1.0,1.0,1.0,1.0,1.01070627,1.01346918,1.00440338,1.00897945,1.0590578,1.0624575,1.04468188,1.05303545,1.18266712,1.19280264,1.17947842,1.186653,1.16732073,1.17231538,1.16161256,1.16767749,1.05742117,1.06511151,1.05319149,1.06447065
108,1.0,1.0,1.0,1.0,1.09583837,1.09860128,1.08539112,1.08875842,0.76639145,0.76979116,0.76104905,0.76901408,0.9807539,0.99271154,0.97995672,0.98280378,1.09454156,1.1023903,1.08633607,1.09347128,0.87887721,0.88426045,0.87375032,0.88079979
37,1.0,1.0,1.0,1.0,1.10982559,1.11863236,1.10792609,1.11466068,0.75405537,0.7648373,0.74919864,0.7645459,0.97357932,0.97745132,0.91299396,0.91413279,0.99500535,0.99607563,0.98537281,0.99215127,0.87721097,0.881697,0.87234043,0.881697
157,1.0,1.0,1.0,1.0,0.89034709,0.93938871,0.79433604,0.81911587,0.72141816,0.75590092,0.69286061,0.72850898,0.74934518,0.76847739,0.66051703,0.66233914,0.82946843,0.85265787,0.76739208,0.80128434,0.87618559,0.9107921,0.76903358,0.82235324
464,1.0,1.0,1.0,1.0,0.95890174,0.96460024,0.94715939,0.95242618,1.05284119,1.06032054,1.048373,1.05565809,1.13711422,1.13870858,1.12014577,1.13187564,1.09347128,1.10203354,1.0806279,1.08134142,1.06229172,1.06588054,1.05293514,1.05601128
118,1.0,1.0,1.0,1.0,1.0752029,1.09195303,1.0747712,1.0832326,0.78950947,0.79708596,0.78824672,0.78892666,0.92324337,0.94385605,0.92016855,0.92973465,1.08312522,1.10203354,1.08134142,1.10024973,0.85516534,0.87785183,0.85478083,0.87144322
114,1.0,1.0,1.0,1.0,1.09678812,1.10179589,1.09549301,1.10067346,0.81155901,0.81369597,0.7974745,0.79815444,0.96891015,0.98325931,0.96606309,0.97915955,1.10631466,1.10774171,1.10024973,1.10060649,0.88977185,0.89195078,0.88554217,0.88567034
181,1.0,1.0,1.0,1.0,0.97081678,0.98920739,0.97081678,0.98299085,0.78212725,0.80621661,0.77736765,0.805051,0.65357021,0.68466006,0.65265915,0.66974149,0.85800928,0.8858366,0.85158758,0.88512308,0.86131761,0.90079467,0.85913868,0.89964112
176,1.0,1.0,1.0,1.0,0.99473321,0.99611466,0.98135037,0.98143671,0.80932492,0.81291889,0.79086935,0.79086935,0.72770755,0.75617811,0.71700262,0.74456212,0.90831252,0.91901534,0.90438816,0.91223689,0.90720328,0.91412458,0.90002563,0.90515252
144,1.0,1.0,1.0,1.0,0.99637368,1.01398722,0.96788119,0.97522017,0.80990772,0.81709568,0.79815444,0.80407965,0.90900809,0.91584102,0.90513609,0.90638879,0.96717802,0.97288619,0.96325366,0.96717802,0.96103563,0.97628813,0.9602666,0.97475006
367,1.0,1.0,1.0,1.0,0.82498705,0.83655673,0.82326023,0.83103091,0.91316173,0.93734823,0.91170471,0.92792618,0.89659492,0.90103633,0.89067304,0.90012527,1.02069212,1.03924367,1.02069212,1.03032465,0.98090233,0.99666752,0.98090233,0.99436042
377,1.0,1.0,1.0,1.0,0.82835434,0.83318943,0.82559143,0.82628216,0.92413793,0.92773191,0.91830986,0.92287518,0.90365562,0.90524997,0.89636716,0.89966974,1.07313593,1.0806279,1.06278987,1.07384945,0.95501154,0.96500897,0.9519354,0.95257626
311,1.0,1.0,1.0,1.0,0.95941979,0.96865826,0.95208082,0.95337593,0.91792132,0.93521127,0.91529869,0.9268577,0.9005808,0.90593327,0.89192575,0.89203963,0.91366393,0.92293971,0.91223689,0.91544773,0.99756473,1.003717,0.99371956,0.99935914
208,1.0,1.0,1.0,1.0,1.05335866,1.0690727,1.05007771,1.06311518,0.88402137,0.88722681,0.87625061,0.87751336,0.97255438,0.97483202,0.95695251,0.96173557,1.01498395,1.02283268,1.01105958,1.01855155,1.00422968,1.01038195,0.99846193,1.00448603
211,1.0,1.0,1.0,1.0,1.04101192,1.05171818,1.03652219,1.04437921,0.87226809,0.87897037,0.86440019,0.87654201,0.92677372,0.95057511,0.91356338,0.95023346,0.99429183,1.00856225,0.98894042,1.00214056,1.00025634,1.00487055,0.99064342,1.00487055
469,1.0,1.0,1.0,1.0,0.9247971,0.92971853,0.91659472,0.92013469,1.00689655,1.01758135,0.99611462,1.00184556,1.03632844,1.06468512,1.03348138,1.03632844,1.05636818,1.05993578,1.05208705,1.05387085,1.00704947,1.01948218,0.99718021,1.00269162
141,1.0,1.0,1.0,1.0,1.0473148,1.05888448,1.0439475,1.05853911,0.79640602,0.80446819,0.79038368,0.79456047,0.89215351,0.91003303,0.89055916,0.90934973,1.01141634,1.02033535,1.00963254,1.01748127,0.96564983,0.98064599,0.96539349,0.97987695
450,1.0,1.0,1.0,1.0,1.01122431,1.01675013,0.98255914,1.01234674,1.05284119,1.05769791,1.05050996,1.05692084,1.18357818,1.19348594,1.18038948,1.18813347,1.17409918,1.17980735,1.17374242,1.17838031,1.06139451,1.06216355,1.04652653,1.04652653
67,1.0,1.0,1.0,1.0,1.0893628,1.09739251,1.08884476,1.09031255,0.729966,0.73521127,0.7293832,0.7324915,0.95729416,0.97255438,0.95535816,0.96970732,1.10881199,1.11237959,1.09989297,1.1023903,0.84145091,0.84606511,0.83760574,0.83991284
204,1.0,1.0,1.0,1.0,1.04066655,1.04204801,1.02115351,1.02486617,0.85594949,0.8596406,0.85002428,0.85730937,0.93633982,0.93987017,0.92039631,0.93349277,1.00249732,1.00784873,0.97502676,1.00463789,1.00628044,1.00884389,0.99884645,1.00730582
168,1.0,1.0,1.0,1.0,0.95104472,0.98445864,0.94776377,0.98221378,0.76270034,0.79174356,0.75988344,0.78474988,0.7293019,0.73647648,0.71210568,0.71438333,0.8940421,0.91723154,0.89190153,0.91330717,0.89207895,0.91489362,0.88990003,0.90681876
373,1.0,1.0,1.0,1.0,0.82541875,0.82688655,0.81419444,0.81540321,0.93045168,0.93132589,0.91432734,0.91772705,0.9057055,0.90832479,0.89147022,0.89181187,1.0470924,1.04816268,1.03068141,1.03638958,0.95065368,0.98872084,0.9459113,0.98679826
346,1.0,1.0,1.0,1.0,0.83258505,0.83914695,0.82602314,0.82774996,0.93851384,0.9462846,0.93734823,0.93938805,0.89966974,0.90536385,0.89511445,0.89910033,0.93721013,0.94505887,0.93613985,0.93899394,0.98961805,0.99961548,0.98872084,0.99666752
340,1.0,1.0,1.0,1.0,0.78155759,0.79148679,0.77706786,0.77706786,0.9322001,0.94424478,0.92637203,0.92880039,0.87871541,0.90149186,0.87655165,0.89773374,0.93185872,0.95148056,0.92543703,0.94719943,0.9847475,1.00333248,0.9847475,0.99602666
109,1.0,1.0,1.0,1.0,1.10170955,1.10386807,1.09108962,1.09678812,0.77649344,0.78125304,0.76571151,0.76668286,0.98041225,0.98735907,0.97494591,0.97938731,1.08597931,1.09133072,1.08169818,1.08455227,0.88451679,0.88656755,0.87528839,0.87733914
442,1.0,1.0,1.0,1.0,0.98480401,0.98912105,0.98005526,0.98696253,1.05526955,1.05944633,1.04516756,1.05944633,1.20715181,1.22480355,1.20214099,1.21728732,1.16054228,1.16410988,1.15269354,1.16196932,1.06229172,1.07280185,1.05921559,1.07011023
145,1.0,1.0,1.0,1.0,0.99404248,1.00587118,0.98523571,1.00129511,0.79834871,0.81233609,0.7971831,0.81078193,0.89921421,0.91959913,0.89556998,0.90934973,0.94755619,0.95825901,0.94363182,0.95576168,0.94309151,0.96667521,0.942707,0.96513714
92,1.0,1.0,1.0,1.0,1.13443274,1.13650492,1.12096356,1.12303575,0.78251578,0.78426421,0.76920835,0.77260806,1.06912652,1.07926204,1.03541738,1.04031431,1.13485551,1.13663932,1.1295041,1.13592579,0.88913099,0.89553961,0.88797744,0.89143809
152,1.0,1.0,1.0,1.0,1.01156968,1.01580038,0.99723709,1.0018995,0.84283633,0.84293346,0.82467217,0.83535697,0.85628061,0.85685002,0.84455073,0.85240861,0.95718873,0.96039957,0.94862647,0.95183732,0.95372981,0.95411433,0.94206614,0.94847475
356,1.0,1.0,1.0,1.0,0.85503367,0.86228631,0.85442929,0.85693317,0.9569694,0.96813987,0.95648373,0.96658572,0.8864594,0.89249516,0.88053752,0.89044528,1.03068141,1.03924367,1.03032465,1.03139493,1.03306844,1.03819533,1.03229941,1.03435017
392,1.0,1.0,1.0,1.0,0.90088068,0.90183043,0.88775686,0.8878432,0.95619233,0.95784361,0.94774162,0.95114133,0.94658923,0.95080287,0.935201,0.95046122,1.09454156,1.09632537,1.0841955,1.08704959,1.01499615,1.02537811,1.00679313,1.00858754
83,1.0,1.0,1.0,1.0,1.10188223,1.10188223,1.08884476,1.09376619,0.74123361,0.74327343,0.72899466,0.73122875,0.99145883,1.00523858,0.98952283,1.00011388,1.09311452,1.09632537,1.08704959,1.08847663,0.89041271,0.8992566,0.85888234,0.86054858
434,1.0,1.0,1.0,1.0,0.97642894,0.97720601,0.96995338,0.97565187,1.06556581,1.06614862,1.03681399,1.03924235,1.23288919,1.23550848,1.21136545,1.21307368,1.19407777,1.19728862,1.18729932,1.18943989,1.05306332,1.05588311,1.04460395,1.04832094
165,1.0,1.0,1.0,1.0,0.95294422,0.97375237,0.95009497,0.97124849,0.76075765,0.7727052,0.75143273,0.75376396,0.75697529,0.76175834,0.74490377,0.74957294,0.90331787,0.9175883,0.89903675,0.9158045,0.90233274,0.91104845,0.89707767,0.9029736
291,1.0,1.0,1.0,1.0,0.88939734,0.89578657,0.87523744,0.88387152,0.83710539,0.85420107,0.83127732,0.85410393,0.82245758,0.83088487,0.80537524,0.80810842,0.81805209,0.82554406,0.81020335,0.81127364,0.94719303,0.95167906,0.94347603,0.95129454
199,1.0,1.0,1.0,1.0,0.99723709,0.99723709,0.98514937,0.98713521,0.85925206,0.86284604,0.8407965,0.8407965,0.80845006,0.81573853,0.7979729,0.79899784,1.02533,1.02925437,1.01498395,1.01534071,0.97949244,0.98500385,0.969495,0.97269931
222,1.0,1.0,1.0,1.0,1.02642031,1.03047833,1.01122431,1.01303747,0.89363769,0.89577465,0.87508499,0.88528412,0.92085184,0.9236989,0.90274456,0.92073796,0.96182661,0.9646807,0.95148056,0.95825901,1.02268649,1.02794155,1.0152525,1.01550884
74,1.0,1.0,1.0,1.0,1.14531169,1.14945605,1.13236056,1.1423761,0.74356484,0.75075279,0.74171928,0.74638174,0.96686027,0.98246213,0.96401321,0.97403485,1.11273635,1.11987157,1.11059579,1.117731,0.86003589,0.8793899,0.85785696,0.87657011
307,1.0,1.0,1.0,1.0,0.92971853,0.93066828,0.90554308,0.90562942,0.9054881,0.90762506,0.89130646,0.89159786,0.88919257,0.89101469,0.86060813,0.86094978,0.93328577,0.93328577,0.90973956,0.91437745,0.96616252,0.96885414,0.94744937,0.94873109
210,1.0,1.0,1.0,1.0,1.04524262,1.05171818,1.04144362,1.04567432,0.88091306,0.88188441,0.86420593,0.87489072,0.95216946,0.98337319,0.9198269,0.97403485,1.00071352,1.00214056,0.99108098,0.99429183,1.00935658,1.0198667,1.00384517,1.0198667
244,1.0,1.0,1.0,1.0,0.92229321,0.92980487,0.9167674,0.92894146,0.91500729,0.91597863,0.90558524,0.91102477,0.93542877,0.94237558,0.92836807,0.94021182,0.88012843,0.88440956,0.87513379,0.88155548,1.00653679,1.00807485,0.99743655,1.00025634
119,1.0,1.0,1.0,1.0,1.08288724,1.0889311,1.07805215,1.08418235,0.78688684,0.79980573,0.78630403,0.79834871,0.93690924,0.95308051,0.93337889,0.94043959,1.01284338,1.03674634,1.01034606,1.0235462,0.86067675,0.86490643,0.85567803,0.86311202
281,1.0,1.0,1.0,1.0,0.83647039,0.83664307,0.82818166,0.83154896,0.81398737,0.81748422,0.79698883,0.79737737,0.78396538,0.79182325,0.77417151,0.77781574,0.79593293,0.80057082,0.79236532,0.79307884,0.93642656,0.9380928,0.92412202,0.92668547
298,1.0,1.0,1.0,1.0,0.90295286,0.90813331,0.89664997,0.89759972,0.84341914,0.84691598,0.83749393,0.83924235,0.82257146,0.82951828,0.81710511,0.82701287,0.87477702,0.87549055,0.86835533,0.87192294,0.92168675,0.92168675,0.90566521,0.91233017
249,1.0,1.0,1.0,1.0,0.88680711,0.91391815,0.88421689,0.91305474,0.89694026,0.90189412,0.88790675,0.89373482,0.8954561,0.89602551,0.87985423,0.88737046,0.90866928,0.9175883,0.88869069,0.88869069,0.97756985,0.98064599,0.96821328,0.97731351
352,1.0,1.0,1.0,1.0,0.85011224,0.85943706,0.84898981,0.85494733,0.97173385,0.97523069,0.96095192,0.96396309,0.87336294,0.91265232,0.87176859,0.90137798,0.99393507,0.99678915,0.98608634,0.99393507,1.01538067,1.01653422,1.00704947,1.00858754
397,1.0,1.0,1.0,1.0,0.91409083,0.91521326,0.90899672,0.91158695,0.94307916,0.94492472,0.93433706,0.93734823,0.96515203,0.96777132,0.95308051,0.95376381,1.1630396,1.16589369,1.15198002,1.15697467,1.01871315,1.02089208,1.00935658,1.01038195
335,1.0,1.0,1.0,1.0,0.80055258,0.80685547,0.79304093,0.80616474,0.91597863,0.91694998,0.89917436,0.90461389,0.90194739,0.90786926,0.89112857,0.8922674,0.85158758,0.85408491,0.84266857,0.84445237,0.99615483,0.99718021,0.98410664,0.98987439
250,1.0,1.0,1.0,1.0,0.8694526,0.88387152,0.86228631,0.86824383,0.8841185,0.88878096,0.87654201,0.88489558,0.88065141,0.89374786,0.87655165,0.87825988,0.84302533,0.86514449,0.83018195,0.86478773,0.96475263,0.97218662,0.95936939,0.96129198
228,1.0,1.0,1.0,1.0,0.99464687,1.00837506,0.98618546,1.00630288,0.87333657,0.90101991,0.87149102,0.89334628,0.94055347,0.96913791,0.93497324,0.9685685,0.90082055,0.91830182,0.89832323,0.91437745,1.00346065,1.02243015,1.00076903,1.01717508
380,1.0,1.0,1.0,1.0,0.84113279,0.84355034,0.83854257,0.83897427,0.94745022,0.94987858,0.93929092,0.94463332,0.93087348,0.94385605,0.92825419,0.93144289,1.09133072,1.10024973,1.08562255,1.09525508,0.9930787,0.99423225,0.98115868,0.98282492
440,1.0,1.0,1.0,1.0,0.97608358,0.98135037,0.97297531,0.97910551,1.0568237,1.06197183,1.05216124,1.05458961,1.2180845,1.22366473,1.20327981,1.20567134,1.17516946,1.18194791,1.17445594,1.17802355,1.06831582,1.06959754,1.06254806,1.0633171
36,1.0,1.0,1.0,1.0,1.11690554,1.118287,1.10594025,1.11345191,0.76726566,0.77697912,0.76707139,0.77348227,0.92905136,0.9480697,0.91139961,0.94465323,0.99286479,0.99857296,0.98929718,0.99750268,0.88220969,0.89284799,0.87644194,0.89284799
196,1.0,1.0,1.0,1.0,0.96468658,0.96485926,0.95069936,0.95665688,0.85866926,0.85954347,0.84536183,0.85624089,0.82735452,0.83134039,0.81448582,0.81767452,0.97859436,0.97930788,0.96931859,0.97574028,0.98679826,0.99115611,0.973212,0.973212
139,1.0,1.0,1.0,1.0,1.06190641,1.06630979,1.05568986,1.06328786,0.77950461,0.78232152,0.77280233,0.77775619,0.9140189,0.92665983,0.91117185,0.92221843,1.05387085,1.05636818,1.04602212,1.04637888,0.97423738,0.97962061,0.95706229,0.96065112
362,1.0,1.0,1.0,1.0,0.83871525,0.84968054,0.8377655,0.84458643,0.94239922,0.95026712,0.94123361,0.94230209,0.89272292,0.89705045,0.88270129,0.89181187,0.99892972,1.00820549,0.99714592,0.99928648,1.00192258,1.01051013,1.00038452,1.00704947
238,1.0,1.0,1.0,1.0,0.94094284,0.96917631,0.94094284,0.96719047,0.91500729,0.93657115,0.91491015,0.92957746,0.95160005,0.97164332,0.94351441,0.96799909,0.89653942,0.9093828,0.89618266,0.90331787,1.00858754,1.02896693,1.00781851,1.02512176
284,1.0,1.0,1.0,1.0,0.83543429,0.83543429,0.82239682,0.82930409,0.84196212,0.84235066,0.81738708,0.82331229,0.75913905,0.75982234,0.7363626,0.74786471,0.76132715,0.76168391,0.74955405,0.75347842,0.93911817,0.94001538,0.92207126,0.92232761
314,1.0,1.0,1.0,1.0,0.93714384,0.95337593,0.93351753,0.94931791,0.91092763,0.92170957,0.9051967,0.92005828,0.88384011,0.89511445,0.87894317,0.88372623,0.90260435,0.92008562,0.89796646,0.91723154,0.99436042,0.99948731,0.9893617,0.99602666
59,1.0,1.0,1.0,1.0,1.09955103,1.10093248,1.07347608,1.07468486,0.74045653,0.74453618,0.72608062,0.72977173,0.93178453,0.94055347,0.92939301,0.93440383,1.0470924,1.0552979,1.03853015,1.04281127,0.83568316,0.84132274,0.82555755,0.82965906
111,1.0,1.0,1.0,1.0,1.10412709,1.10783975,1.0984286,1.09851494,0.77115104,0.77649344,0.75590092,0.75590092,0.98792848,0.99749459,0.98303155,0.99043389,1.07706029,1.0788441,1.0688548,1.0688548,0.89079723,0.89515509,0.88285055,0.8831069
463,1.0,1.0,1.0,1.0,0.95328959,0.954153,0.9450872,0.95044034,1.05546382,1.05847499,1.04293346,1.04575036,1.13142011,1.14588316,1.12925635,1.13961963,1.08455227,1.08883339,1.07920086,1.0824117,1.05754935,1.05780569,1.04396309,1.04639836
426,1.0,1.0,1.0,1.0,0.99784148,0.99922293,0.97988258,0.98307719,0.9676542,0.97173385,0.956678,0.96007771,1.18950006,1.1898417,1.16763467,1.16865961,1.15840171,1.16196932,1.13806636,1.14092044,1.05114073,1.0526788,1.04063061,1.04357857
6,1.0,1.0,1.0,1.0,0.91512692,0.92885512,0.90830599,0.92410637,0.69674599,0.69791161,0.68023312,0.68023312,1.10340508,1.11376836,1.08780321,1.0942945,0.73742419,0.73813771,0.72565109,0.72779165,0.81697001,0.81735452,0.80594719,0.80722892
358,1.0,1.0,1.0,1.0,0.86038681,0.8633224,0.85011224,0.85045761,0.95259835,0.95871782,0.95046139,0.95541525,0.8832707,0.88907869,0.87438788,0.8813347,1.02640029,1.03068141,1.0217624,1.02211916,1.04152781,1.04511664,1.03793899,1.0411433
382,1.0,1.0,1.0,1.0,0.85296149,0.85468831,0.84026938,0.84087377,0.94900437,0.95327829,0.94667314,0.95191841,0.93087348,0.93656759,0.92085184,0.92449607,1.07170888,1.0824117,1.06956832,1.0788441,1.00153807,1.00666496,0.99577032,1.00051269
395,1.0,1.0,1.0,1.0,0.90208945,0.91581765,0.89794509,0.91564497,0.93297717,0.94832443,0.9268577,0.94589607,0.95433322,0.96048286,0.9441977,0.96048286,1.15947199,1.16018552,1.15162326,1.15340706,1.00333248,1.00576775,0.99653935,1.00064086
158,1.0,1.0,1.0,1.0,0.89570022,0.95933345,0.89362804,0.95933345,0.7243322,0.76085478,0.72336085,0.74813016,0.78089056,0.80093383,0.76859128,0.78396538,0.8487335,0.8858366,0.84837674,0.88547984,0.85836965,0.92027685,0.85362728,0.91886696
150,1.0,1.0,1.0,1.0,0.99421516,1.00500777,0.98894837,1.0018995,0.81894123,0.82399223,0.80621661,0.81418164,0.85536955,0.87381847,0.83885662,0.84272862,0.96218337,0.96682126,0.95968605,0.9628969,0.94757754,0.95385799,0.94052807,0.94116893
177,1.0,1.0,1.0,1.0,0.97910551,0.9858401,0.97150751,0.97893283,0.82234094,0.82399223,0.79426906,0.79630889,0.7049311,0.72053297,0.70128687,0.71677485,0.89261506,0.89725294,0.88333928,0.8940421,0.90041015,0.90220456,0.88836196,0.89720584
391,1.0,1.0,1.0,1.0,0.8888793,0.90096702,0.88715248,0.90027629,0.95123847,0.95590092,0.9459932,0.94793589,0.94636146,0.9525111,0.94522264,0.95205557,1.0841955,1.0941848,1.07848733,1.08919015,1.00653679,1.00986926,0.99371956,1.00563958
184,1.0,1.0,1.0,1.0,0.94612329,0.94646866,0.92652392,0.94171991,0.8135017,0.81369597,0.79232637,0.80058281,0.67042478,0.68135748,0.66313632,0.67759936,0.88191224,0.88690689,0.87513379,0.88476632,0.89707767,0.90707511,0.88413227,0.8983594
473,1.0,1.0,1.0,1.0,0.96468658,0.96693145,0.94983595,0.9507857,1.02622632,1.03098592,1.02127246,1.02535211,1.06377406,1.07800934,1.05910489,1.07106252,1.06171959,1.06243311,1.05672494,1.05779522,1.04703922,1.04819277,1.03691361,1.0411433
10,1.0,1.0,1.0,1.0,0.97547919,0.98212744,0.96295977,0.96960801,0.71937834,0.72268091,0.70966489,0.713356,1.17423984,1.19804123,1.1732149,1.18460312,0.80627899,0.81626828,0.7998573,0.80306814,0.82760831,0.83517047,0.82735196,0.82837734
378,1.0,1.0,1.0,1.0,0.83474357,0.83655673,0.82930409,0.83310309,0.94016513,0.94084507,0.92608062,0.93181156,0.89955586,0.90365562,0.88600387,0.89329234,1.09133072,1.09311452,1.07670353,1.07741705,0.97949244,0.98115868,0.95860036,0.96513714
103,1.0,1.0,1.0,1.0,1.10343637,1.11561043,1.0950613,1.11293386,0.7592035,0.76911122,0.756678,0.76639145,1.00546635,1.04316137,1.00489694,1.03234256,1.04423832,1.05672494,1.04067071,1.05137353,0.86746988,0.87528839,0.86670085,0.87400666
81,1.0,1.0,1.0,1.0,1.07934726,1.09437058,1.06510102,1.0927301,0.72345799,0.73307431,0.71840699,0.72928606,0.91105797,0.92073796,0.90547774,0.90707209,1.0688548,1.0824117,1.06207635,1.07991438,0.84170725,0.85426814,0.83606767,0.84785952
38,1.0,1.0,1.0,1.0,1.09143499,1.11163875,1.08582283,1.11017095,0.76367169,0.7645459,0.75084993,0.75376396,0.98052614,0.98246213,0.95672475,0.97654026,1.00107028,1.00392437,0.99643239,0.9982162,0.87836452,0.88156883,0.87721097,0.88118431
465,1.0,1.0,1.0,1.0,0.95734761,0.96114661,0.93291314,0.94871352,1.04769305,1.04953861,1.01525012,1.02525498,1.10089967,1.12265118,1.09099191,1.10898531,1.07777381,1.08704959,1.06243311,1.06742776,1.06690592,1.06767496,1.04101512,1.04857729
167,1.0,1.0,1.0,1.0,0.96969435,0.97185288,0.95251252,0.96399586,0.77493929,0.77620204,0.75891209,0.76386595,0.69365676,0.76084728,0.68614053,0.74911741,0.88833393,0.89083125,0.87656083,0.87656083,0.90399897,0.91015124,0.89143809,0.90681876
467,1.0,1.0,1.0,1.0,0.93619409,0.93999309,0.91996201,0.92488344,1.00709082,1.01476445,0.99679456,1.00650801,1.058991,1.07151805,1.03746726,1.06889876,1.07420621,1.07634677,1.06635747,1.07170888,1.04947449,1.05908741,1.04486029,1.0457575
399,1.0,1.0,1.0,1.0,0.93567605,0.93567605,0.9252288,0.92833707,0.956678,0.96114619,0.95483244,0.96027198,0.96799909,0.96822685,0.96002733,0.96788521,1.15233678,1.15768819,1.14698537,1.15447735,1.02473725,1.02973597,1.02281466,1.02832607
420,1.0,1.0,1.0,1.0,0.93558971,0.93904334,0.92445174,0.93101364,1.00048567,1.00543953,0.99640602,1.005051,1.16524314,1.18437536,1.16455985,1.18255324,1.19300749,1.20799144,1.19229397,1.20692116,1.06690592,1.06716227,1.05562676,1.05716483
198,1.0,1.0,1.0,1.0,0.98221378,0.99792782,0.98169573,0.98428596,0.83661972,0.85060709,0.83409422,0.84720738,0.79125384,0.81756064,0.78453479,0.81608017,1.00249732,1.01569747,1.00142704,1.01284338,0.9671879,0.9861574,0.96526532,0.9861574
296,1.0,1.0,1.0,1.0,0.88292178,0.88309446,0.87635987,0.88274909,0.83535697,0.83759106,0.82204954,0.82758621,0.8428425,0.8428425,0.82245758,0.82655734,0.87798787,0.87834463,0.86407421,0.86978238,0.91809792,0.92296847,0.90592156,0.91194565
475,1.0,1.0,1.0,1.0,0.96036954,0.96278708,0.95259886,0.96149197,1.01223895,1.02535211,1.01000486,1.02389509,1.05944653,1.06366018,1.04145314,1.05375242,1.0724224,1.07349269,1.06600071,1.06956832,1.0198667,1.02524994,1.01192002,1.02512176
253,1.0,1.0,1.0,1.0,0.85071663,0.8552927,0.84044207,0.85451563,0.86818844,0.87226809,0.85322972,0.85546382,0.79626466,0.81687735,0.78601526,0.81186653,0.83339279,0.83553336,0.82019265,0.83374955,0.94744937,0.94950013,0.93129967,0.93706742
194,1.0,1.0,1.0,1.0,0.96580901,0.96788119,0.95398031,0.95777931,0.84283633,0.84371054,0.81680427,0.81777562,0.81744676,0.82496299,0.78874843,0.78965949,0.9628969,0.96325366,0.94719943,0.94862647,0.96564983,0.96654704,0.95590874,0.96077929
89,1.0,1.0,1.0,1.0,1.12407184,1.1286479,1.10827146,1.10844414,0.77134531,0.77251093,0.76153473,0.76435163,0.99202824,1.00136659,0.98633413,0.99772236,1.15768819,1.1648234,1.15590439,1.16232608,0.89720584,0.90028198,0.88605486,0.89387337
146,1.0,1.0,1.0,1.0,0.99740977,1.00371266,0.988603,0.98929373,0.80320544,0.80543953,0.79145216,0.79524041,0.89761986,0.91333561,0.89579775,0.90707209,0.95718873,0.95754549,0.94719943,0.95148056,0.95116637,0.95244809,0.93975904,0.94437324
163,1.0,1.0,1.0,1.0,0.93006389,0.9659817,0.92695562,0.95104472,0.7381253,0.75590092,0.73462846,0.74861583,0.7382986,0.76118893,0.72941578,0.7331739,0.88762041,0.90153407,0.88298252,0.89653942,0.88387593,0.90220456,0.87798001,0.88964368
414,1.0,1.0,1.0,1.0,0.92229321,0.92764635,0.91771715,0.9205664,0.99368626,0.99737737,0.98494415,0.9893152,1.08051475,1.08370345,1.07288464,1.07732604,1.17195862,1.17552622,1.1648234,1.16803425,1.0365291,1.03806716,1.03229941,1.03229941
390,1.0,1.0,1.0,1.0,0.83465723,0.84588154,0.8324987,0.83595234,0.9510442,0.95599806,0.94220495,0.95007285,0.95194169,0.95239722,0.941009,0.94362829,1.07777381,1.08169818,1.07527649,1.07741705,1.0060241,1.01332992,0.99897462,1.01230454
147,1.0,1.0,1.0,1.0,1.03367294,1.03600414,1.0061302,1.0061302,0.81223895,0.81515299,0.80806217,0.81000486,0.91641043,0.92233231,0.90536385,0.90946361,0.96860507,0.96931859,0.95861577,0.95861577,0.9533453,0.96359908,0.94655217,0.95988208
305,1.0,1.0,1.0,1.0,0.91236401,0.91737178,0.90562942,0.9106372,0.89868868,0.90082564,0.8863526,0.88878096,0.86391072,0.8672133,0.83737615,0.85582508,0.90866928,0.9093828,0.89261506,0.89796646,0.95026916,0.95052551,0.94091259,0.94398872
286,1.0,1.0,1.0,1.0,0.83707477,0.83707477,0.83707477,0.83707477,0.84225352,0.84225352,0.84225352,0.84225352,0.76198611,0.76198611,0.76198611,0.76198611,0.76846236,0.76846236,0.76846236,0.76846236,0.93219687,0.93219687,0.93219687,0.93219687
123,1.0,1.0,1.0,1.0,1.08521844,1.08919012,1.06864099,1.08694526,0.78280719,0.7867897,0.76677999,0.78455561,0.90673044,0.90866644,0.86789659,0.90479444,1.00499465,1.00642169,0.9882269,1.00285408,0.86862343,0.87413484,0.85273007,0.87298129
394,1.0,1.0,1.0,1.0,0.91564497,0.91650838,0.90148506,0.90148506,0.94919864,0.95347256,0.94434191,0.94949004,0.96048286,0.96572144,0.94055347,0.94283111,1.15947199,1.17802355,1.15483411,1.17731002,1.00307613,1.00653679,0.996283,1.003717
96,1.0,1.0,1.0,1.0,1.13780003,1.13926783,1.13192886,1.13849076,0.77727052,0.7811559,0.77464789,0.77872754,1.03575903,1.04691949,1.03154538,1.04418631,1.11237959,1.11559044,1.1041741,1.10667142,0.89156627,0.89438605,0.88182517,0.89054089
143,1.0,1.0,1.0,1.0,0.98981178,1.01623208,0.9778104,1.01381454,0.79708596,0.79825158,0.78844099,0.79096649,0.89818927,0.90365562,0.88600387,0.88907869,0.97609704,0.98251873,0.97003211,0.98109169,0.96475263,0.97513458,0.96167649,0.96808511
239,1.0,1.0,1.0,1.0,0.91547228,0.94560525,0.91357279,0.94033846,0.88693541,0.91228752,0.88683827,0.91044196,0.94123676,0.95376381,0.93417606,0.94750028,0.87192294,0.88084196,0.87192294,0.87727435,0.97821072,1.00217893,0.97769803,1.00025634
272,1.0,1.0,1.0,1.0,0.82032464,0.82628216,0.80331549,0.80409256,0.72792618,0.76085478,0.6922778,0.75182127,0.69582052,0.70663933,0.68841818,0.69354288,0.7563325,0.76560828,0.7445594,0.76382447,0.86862343,0.89771853,0.84978211,0.89656498
97,1.0,1.0,1.0,1.0,1.1248489,1.13495079,1.12156795,1.13305129,0.76823701,0.77697912,0.76677999,0.77600777,1.01719622,1.04202255,1.01719622,1.04031431,1.10310382,1.10952551,1.09775241,1.1023903,0.88028711,0.89207895,0.87823635,0.8886183
495,1.0,1.0,1.0,1.0,1.00405802,1.00595752,0.99844586,1.00457607,1.01719281,1.0213696,1.00971345,1.02107819,0.98849789,1.0051247,0.9795012,1.00091106,1.01141634,1.01926507,1.00927578,1.01641099,0.99846193,1.00051269,0.9893617,1.0
122,1.0,1.0,1.0,1.0,1.08789501,1.08988085,1.07796581,1.07874288,0.78193298,0.78863526,0.77707625,0.77727052,0.91367726,0.9281403,0.91242455,0.91743537,1.00035676,1.01212986,0.99536211,1.00249732,0.87310946,0.87310946,0.86336837,0.86580364
183,1.0,1.0,1.0,1.0,0.95233984,0.96304611,0.93878432,0.95121741,0.79864012,0.80009713,0.78076736,0.78562409,0.6715636,0.68420453,0.6645029,0.67042478,0.8740635,0.87513379,0.85943632,0.86443097,0.89284799,0.89284799,0.87490387,0.88849013
202,1.0,1.0,1.0,1.0,0.98903471,1.00621654,0.98419962,0.99637368,0.85526955,0.86304031,0.85293832,0.86109762,0.90468056,0.94283111,0.89112857,0.93508712,1.02033535,1.0217624,1.00856225,1.01498395,0.99359139,1.00205076,0.98769546,1.00012817
246,1.0,1.0,1.0,1.0,0.92661026,0.9385253,0.92540149,0.93748921,0.92549781,0.93268577,0.92277805,0.9246236,0.93019018,0.94647534,0.9281403,0.94465323,0.88191224,0.88833393,0.88119872,0.8840528,1.00422968,1.01499615,1.00294796,1.01345809
304,1.0,1.0,1.0,1.0,0.91633569,0.92445174,0.91434985,0.91935762,0.89519184,0.90276833,0.89295775,0.89966003,0.87188247,0.89944198,0.8672133,0.89010363,0.91223689,0.92508027,0.91116661,0.92400999,0.9473212,0.95065368,0.93270956,0.93501666
297,1.0,1.0,1.0,1.0,0.88516664,0.88853393,0.87877741,0.87989984,0.84516756,0.85235551,0.83380282,0.83642545,0.83532627,0.84751167,0.83008769,0.8428425,0.87691759,0.87870139,0.87156618,0.8740635,0.91630351,0.91925147,0.90938221,0.91771341
349,1.0,1.0,1.0,1.0,0.86694871,0.86971162,0.85166638,0.86064583,0.96522584,0.97455075,0.9623118,0.96949976,0.8922674,0.89807539,0.87461565,0.87677941,1.00071352,1.0017838,0.99215127,1.00035676,1.01256088,1.01768777,1.01089464,1.01768777
299,1.0,1.0,1.0,1.0,0.91495424,0.91788983,0.9030392,0.90321188,0.85643516,0.85944633,0.83924235,0.84215639,0.83703451,0.83885662,0.81835782,0.82006605,0.90973956,0.90973956,0.89475562,0.8958259,0.92758267,0.9334786,0.91655986,0.91873878
393,1.0,1.0,1.0,1.0,0.89975825,0.90269384,0.89518218,0.89958556,0.95055852,0.95726081,0.94443905,0.95580379,0.93930076,0.95000569,0.93315112,0.94943628,1.19193721,1.19514806,1.14912594,1.15340706,1.00038452,1.01704691,0.99974366,1.01563702
318,1.0,1.0,1.0,1.0,0.96736315,0.96995338,0.95665688,0.95665688,0.91821272,0.91889267,0.91005342,0.91131617,0.90695821,0.90786926,0.89397563,0.8967088,1.00249732,1.00321085,0.99179451,0.99536211,1.02166111,1.0244809,1.01140733,1.0129454
125,1.0,1.0,1.0,1.0,1.03669487,1.07114488,1.0293559,1.06933172,0.78164157,0.79329772,0.78105877,0.78426421,0.90012527,0.92460995,0.90012527,0.92164901,0.97609704,1.00249732,0.97324295,0.99322155,0.85939503,0.87080236,0.85901051,0.86708536
301,1.0,1.0,1.0,1.0,0.91452253,0.91953031,0.90821965,0.91814885,0.90743079,0.95191841,0.90441962,0.95191841,0.86835212,0.86892154,0.85081426,0.8537752,0.93721013,0.9429183,0.93007492,0.93435605,0.94565496,0.94975647,0.93732376,0.94206614
223,1.0,1.0,1.0,1.0,1.01908133,1.02944224,1.01813158,1.02926956,0.89140359,0.89849441,0.89062652,0.89655172,0.93053183,0.94146453,0.92039631,0.92142125,0.94577239,0.94826971,0.94398858,0.94434534,1.01973853,1.02653166,1.01973853,1.02255832
416,1.0,1.0,1.0,1.0,0.91607667,0.92013469,0.91210499,0.91227767,0.99378339,0.99660029,0.98601263,0.98746965,1.10682155,1.10693543,1.09338344,1.09486391,1.14734213,1.15804495,1.14163396,1.15804495,1.03691361,1.04075878,1.03447834,1.03755447
219,1.0,1.0,1.0,1.0,1.0255569,1.03393196,1.00811604,1.01571404,0.89130646,0.89490044,0.886644,0.88897523,0.88680105,0.90137798,0.88144858,0.88896481,0.95825901,0.96432394,0.95611844,0.95968605,1.02730069,1.03832351,1.02345552,1.03306844
129,1.0,1.0,1.0,1.0,1.09497496,1.09782421,1.08426869,1.08547747,0.79766877,0.79961146,0.79368626,0.79844585,0.91937137,0.9281403,0.91344949,0.92130737,0.99607563,1.00499465,0.99464859,1.00249732,0.89746219,0.90079467,0.8932325,0.89887208
418,1.0,1.0,1.0,1.0,0.93015023,0.93248144,0.92229321,0.92989121,1.00602234,1.01175328,0.99990287,1.00524526,1.13028129,1.13506434,1.11570436,1.11570436,1.16446664,1.17124509,1.16054228,1.16054228,1.05101256,1.05280697,1.04460395,1.04550115
482,1.0,1.0,1.0,1.0,0.94206527,0.95000863,0.93463996,0.94974961,0.99028655,0.99582322,0.97289947,0.9758135,1.03621455,1.04088373,1.02004328,1.02550962,1.00392437,1.00713521,0.9982162,0.99857296,0.99089977,0.99461676,0.98115868,0.98218406
365,1.0,1.0,1.0,1.0,0.82110171,0.83379382,0.82049732,0.82887239,0.95182127,0.9592035,0.93997086,0.9431763,0.88998975,0.89727821,0.8864594,0.88714269,1.01819479,1.02925437,1.01641099,1.02247592,0.99128429,1.0046142,0.99102794,1.00358882
374,1.0,1.0,1.0,1.0,0.82792264,0.83293041,0.82308755,0.824469,0.92588635,0.94356484,0.92277805,0.92316659,0.90707209,0.91162738,0.90103633,0.90103633,1.04851944,1.05351409,1.04067071,1.04067071,0.95462702,0.97334017,0.94975647,0.95488336
290,1.0,1.0,1.0,1.0,0.87635987,0.87817303,0.86729408,0.86841651,0.84711025,0.8596406,0.83389995,0.8596406,0.80879171,0.82667122,0.8024143,0.81209429,0.78879772,0.79022476,0.78237603,0.78558687,0.9473212,0.95488336,0.94027173,0.95462702
353,1.0,1.0,1.0,1.0,0.84372302,0.84475911,0.83431186,0.84268693,0.9729966,0.9729966,0.96328315,0.97115104,0.88030976,0.88543446,0.87188247,0.87290741,0.99892972,0.99892972,0.9864431,0.98787014,1.02473725,1.02473725,1.01166368,1.01602153
472,1.0,1.0,1.0,1.0,0.95026766,0.95441202,0.94681402,0.94733207,1.02010685,1.03739679,1.01719281,1.03147159,1.06354629,1.0852978,1.05534677,1.0801731,1.04102747,1.05101677,1.03960043,1.05066001,1.03588823,1.04460395,1.03217124,1.04011792
364,1.0,1.0,1.0,1.0,0.82308755,0.83448454,0.82282853,0.83422552,0.92841185,0.9459932,0.92627489,0.94463332,0.87689329,0.89340622,0.87097142,0.89340622,0.99607563,0.99607563,0.98465929,0.98929718,0.98679826,1.00397334,0.9847475,1.00384517
430,1.0,1.0,1.0,1.0,0.98040062,0.98419962,0.97081678,0.98299085,1.04691598,1.0511899,1.02768334,1.0348713,1.20715181,1.20931557,1.16399043,1.16683749,1.19265073,1.1965751,1.18052087,1.18551552,1.06664958,1.06703409,1.05447321,1.06280441
112,1.0,1.0,1.0,1.0,1.09307546,1.10360905,1.09134864,1.1026593,0.77416221,0.77649344,0.7679456,0.77134531,0.97642638,0.98622025,0.96993509,0.98519531,1.05850874,1.06921156,1.05743846,1.06564395,0.88041528,0.8886183,0.87772366,0.88784927
179,1.0,1.0,1.0,1.0,0.99292005,0.99723709,0.9702124,0.9778104,0.81505585,0.82923749,0.80971345,0.82632346,0.68238242,0.68716547,0.66290855,0.6766883,0.89261506,0.8940421,0.87442026,0.89332858,0.90028198,0.9052807,0.89259164,0.90169187
452,1.0,1.0,1.0,1.0,1.00673459,1.00941116,1.00397168,1.00854775,1.0590578,1.06041768,1.04545896,1.0540068,1.18369206,1.18369206,1.17014008,1.18095889,1.14555833,1.14912594,1.1412772,1.14413129,1.05549859,1.05793386,1.04562933,1.05126891
338,1.0,1.0,1.0,1.0,0.79873942,0.80789156,0.79830772,0.80711449,0.93346285,0.94473045,0.93288004,0.935017,0.90878032,0.91652431,0.90433891,0.90456668,0.87620407,0.89297182,0.87549055,0.89261506,0.9907716,1.01679057,0.99064342,1.01435529
329,1.0,1.0,1.0,1.0,0.81877051,0.84510447,0.81376274,0.84277327,0.90956775,0.92986887,0.90480816,0.92083536,0.87006036,0.88714269,0.86653001,0.88429564,0.86550125,0.93685337,0.85800928,0.92472351,0.99564214,1.01602153,0.99461676,1.00422968
479,1.0,1.0,1.0,1.0,0.95423934,0.9687446,0.95208082,0.96356415,0.99864012,1.02438077,0.99854298,1.01981544,1.07072087,1.08734768,1.06252135,1.08507004,1.0371031,1.0470924,1.0371031,1.0470924,0.99102794,1.01832863,0.99051525,1.01832863
357,1.0,1.0,1.0,1.0,0.85425661,0.85960974,0.85201174,0.85494733,0.95852356,0.96075765,0.95182127,0.95628946,0.88418176,0.89431728,0.88122082,0.88828152,1.04102747,1.04209775,1.03175169,1.03210846,1.04652653,1.04729557,1.0314022,1.03306844
233,1.0,1.0,1.0,1.0,1.00302193,1.00967018,0.99732343,1.0018995,0.86410879,0.87838757,0.85973774,0.8781933,0.96036898,0.96048286,0.94351441,0.94909464,0.87870139,0.88547984,0.87691759,0.88262576,1.00128172,1.01397078,0.99487311,0.99859011
310,1.0,1.0,1.0,1.0,0.94966327,0.94974961,0.93420825,0.93921602,0.9243322,0.92734337,0.90111705,0.90655658,0.89659492,0.89989751,0.89055916,0.89101469,0.88904745,0.88976097,0.8722797,0.88369604,0.99448859,1.00294796,0.97154576,0.97731351
164,1.0,1.0,1.0,1.0,0.96995338,0.96995338,0.94223796,0.95173545,0.75036425,0.75114133,0.73375425,0.74793589,0.74638424,0.75162282,0.73989295,0.74809247,0.90866928,0.90866928,0.88904745,0.90082055,0.8923353,0.89656498,0.88054345,0.89643681
136,1.0,1.0,1.0,1.0,1.07494388,1.08565015,1.06976343,1.08202383,0.78659543,0.79028655,0.78232152,0.7867897,0.9454504,0.97232661,0.94123676,0.96993509,1.04423832,1.05957902,1.03924367,1.05422761,0.95872853,0.98590105,0.95360164,0.98410664
197,1.0,1.0,1.0,1.0,0.98230012,0.98575376,0.95682956,0.96131929,0.84351627,0.86109762,0.83943662,0.85624089,0.81756064,0.83134039,0.81482747,0.83122651,0.97145915,0.97538352,0.96682126,0.97217267,0.97769803,0.98551653,0.973212,0.98231223
258,1.0,1.0,1.0,1.0,0.83457089,0.85175272,0.82455534,0.84968054,0.86624575,0.88780962,0.85837785,0.87702768,0.79865619,0.82348252,0.79501196,0.81926888,0.79236532,0.81234392,0.78344631,0.81020335,0.91502179,0.93591387,0.90566521,0.93488849
232,1.0,1.0,1.0,1.0,0.99827318,1.01614574,0.99361078,1.01571404,0.86993686,0.89159786,0.86401166,0.88431277,0.95000569,0.97027673,0.94488099,0.96082451,0.86906885,0.88048519,0.8622904,0.88012843,0.99820559,1.0221738,0.99205332,1.01038195
115,1.0,1.0,1.0,1.0,1.10611293,1.12070454,1.09756519,1.09834226,0.81010199,0.81942691,0.80592521,0.80835357,0.96993509,0.97722355,0.96629086,0.9698212,1.08847663,1.09525508,1.08669283,1.09168748,0.88259421,0.88951551,0.88131248,0.88579851
120,1.0,1.0,1.0,1.0,1.09307546,1.09601105,1.08780867,1.09566569,0.7862069,0.79572608,0.7839728,0.79232637,0.939073,0.94522264,0.93372053,0.94066735,1.01712451,1.03424902,1.00963254,1.01569747,0.86964881,0.87541656,0.8655473,0.87080236
347,1.0,1.0,1.0,1.0,0.84527715,0.84691763,0.83612502,0.83940597,0.96775134,0.96843128,0.94191355,0.94395338,0.92381278,0.92597654,0.90046692,0.90160574,0.99322155,1.00249732,0.95540492,0.96146985,1.01743143,1.0189695,0.9953858,0.9953858
224,1.0,1.0,1.0,1.0,1.01718183,1.02236229,1.01536868,1.0213262,0.89528898,0.89917436,0.89140359,0.8922778,0.92677372,0.92711536,0.90285844,0.91754925,0.94505887,0.95397788,0.94398858,0.94791295,1.02332735,1.02730069,1.02037939,1.02076391
400,1.0,1.0,1.0,1.0,0.93947505,0.94059748,0.93256778,0.93446728,0.96036911,0.96376882,0.95648373,0.95881496,0.97073226,0.97517367,0.96572144,0.9685685,1.17195862,1.18194791,1.16660721,1.17017481,1.02614714,1.03153038,1.02473725,1.02486542
336,1.0,1.0,1.0,1.0,0.80115697,0.80961837,0.79943015,0.80297013,0.9189898,0.9246236,0.91180185,0.91306459,0.90433891,0.9108302,0.89841704,0.89898645,0.85372815,0.86443097,0.8505173,0.86193364,1.00256345,1.00435786,0.99436042,0.99577032
127,1.0,1.0,1.0,1.0,1.08495942,1.08573649,1.07338974,1.07951994,0.79106362,0.79320058,0.78504128,0.78766391,0.93224006,0.93611206,0.91902972,0.92153513,1.02283268,1.04031395,1.01605423,1.02568676,0.89105358,0.89207895,0.88220969,0.88502948
285,1.0,1.0,1.0,1.0,0.83672941,0.84631324,0.83388016,0.83923329,0.84118504,0.84973288,0.81690141,0.8461389,0.76198611,0.7838515,0.7614167,0.77542421,0.76846236,0.77417053,0.76311095,0.76418123,0.93219687,0.9473212,0.93168418,0.94514227
409,1.0,1.0,1.0,1.0,0.93688482,0.94197893,0.93118632,0.93990675,0.97367654,0.97795046,0.97056824,0.97445362,1.08928368,1.10044414,1.07903428,1.09862202,1.17766679,1.18159115,1.17053157,1.17623974,1.03896437,1.03922071,1.02486542,1.02973597
107,1.0,1.0,1.0,1.0,1.09799689,1.10801243,1.09747885,1.10680366,0.77571637,0.77960175,0.7679456,0.77056824,0.9865619,0.99977224,0.98485366,0.99555859,1.08597931,1.08919015,1.0824117,1.08348198,0.8886183,0.89387337,0.88464496,0.88990003
368,1.0,1.0,1.0,1.0,0.8297358,0.83137627,0.82239682,0.82835434,0.93453133,0.93521127,0.91607576,0.92015542,0.90126409,0.90490832,0.89454504,0.90149186,1.03460578,1.03960043,1.02675705,1.03781663,1.00269162,1.00281979,0.98526019,0.99666752
324,1.0,1.0,1.0,1.0,0.91495424,0.92324296,0.9110689,0.92324296,0.93608548,0.94356484,0.93016027,0.93453133,0.91994078,0.93132901,0.91333561,0.92335725,0.94256154,0.97395648,0.93899394,0.97252943,1.03550372,1.04678288,1.03396565,1.04460395
133,1.0,1.0,1.0,1.0,1.12890692,1.14764289,1.12519427,1.14703851,0.78863526,0.7974745,0.78688684,0.79456047,0.93998406,0.9480697,0.93633982,0.94647534,1.01498395,1.02461648,1.0135569,1.01748127,0.92309664,0.93411946,0.91976416,0.93360677
361,1.0,1.0,1.0,1.0,0.84147816,0.85019858,0.83534795,0.84026938,0.94201068,0.94473045,0.93559981,0.93763963,0.88566223,0.89340622,0.87404624,0.87564059,0.98715662,0.99286479,0.97859436,0.98501605,1.00704947,1.00935658,0.99923097,1.00128172
44,1.0,1.0,1.0,1.0,1.06708686,1.08271456,1.05836643,1.07408047,0.75395823,0.75823215,0.74424478,0.74968431,0.93224006,0.93292336,0.9198269,0.93155677,0.94755619,0.95005351,0.94220478,0.95005351,0.84926942,0.86144578,0.84747501,0.86144578
484,1.0,1.0,1.0,1.0,0.95864272,0.96002418,0.94249698,0.94336039,1.00398252,1.00543953,0.97999029,0.97999029,1.03712561,1.04373078,1.0192461,1.03086209,1.02069212,1.02069212,1.00428113,1.00784873,1.01653422,1.01884132,0.99013074,0.99038708
65,1.0,1.0,1.0,1.0,1.09048524,1.09903298,1.08711794,1.0965291,0.73773677,0.74405051,0.73423992,0.73841671,0.96799909,0.96947956,0.9512584,0.96378545,1.11059579,1.11844452,1.10060649,1.1159472,0.83991284,0.84516791,0.83158165,0.83978467
283,1.0,1.0,1.0,1.0,0.8297358,0.83215334,0.80573303,0.81143153,0.81029626,0.81136474,0.78610976,0.79864012,0.76563034,0.77086892,0.74262612,0.75355882,0.764538,0.76703532,0.74812701,0.75561898,0.92091771,0.92527557,0.90207639,0.91322738
85,1.0,1.0,1.0,1.0,1.08668624,1.09549301,1.07770679,1.08444137,0.74375911,0.74696455,0.73142302,0.74074794,0.98815625,0.99646965,0.98098166,0.99134495,1.12415269,1.13307171,1.12272565,1.13164467,0.88041528,0.88438862,0.87118688,0.87862087
242,1.0,1.0,1.0,1.0,0.93774823,0.93982041,0.92557417,0.92617855,0.91986401,0.92268091,0.90849927,0.91714424,0.96572144,0.96902403,0.95342216,0.9685685,0.87834463,0.88191224,0.87120942,0.87370674,1.0069213,1.00820302,0.99410408,1.00076903
186,1.0,1.0,1.0,1.0,0.9564842,0.96157831,0.94171991,0.94871352,0.83380282,0.83836814,0.82068966,0.82370083,0.7280492,0.73772919,0.70834757,0.72281061,0.94505887,0.94719943,0.93756689,0.94220478,0.92578826,0.92719815,0.90899769,0.9107921
381,1.0,1.0,1.0,1.0,0.83638404,0.84329131,0.83612502,0.84104645,0.94550753,0.95560952,0.94550753,0.951627,0.91754925,0.93246783,0.91527161,0.93189842,1.05422761,1.06100606,1.04923296,1.06100606,0.99282235,0.99692387,0.98948987,0.99564214
159,1.0,1.0,1.0,1.0,0.94707304,0.94879986,0.90701088,0.92453808,0.75114133,0.7538611,0.72423507,0.73958232,0.7819155,0.7909122,0.74877577,0.78521808,0.89332858,0.8940421,0.86193364,0.88762041,0.90604973,0.9098949,0.87028967,0.88913099
12,1.0,1.0,1.0,1.0,0.9423243,0.97116215,0.94137455,0.9706441,0.69412336,0.70286547,0.69023798,0.69655172,1.17230384,1.17947842,1.14542763,1.17173443,0.82268998,0.82625758,0.81840885,0.82054941,0.80428095,0.81325301,0.79659062,0.81325301
35,1.0,1.0,1.0,1.0,1.11457434,1.1248489,1.10775341,1.11595579,0.77503643,0.77503643,0.76464303,0.76872268,0.95661086,0.96822685,0.95376381,0.96799909,1.00285408,1.00356761,0.99500535,0.99714592,0.89169444,0.89169444,0.8793899,0.88669572
28,1.0,1.0,1.0,1.0,1.10904852,1.11405629,1.10801243,1.10930755,0.75502671,0.75706654,0.74987858,0.75201554,0.98952283,1.00068329,0.98747295,0.98861178,0.9764538,0.98073493,0.96860507,0.97252943,0.86234299,0.86541912,0.85875417,0.86541912
170,1.0,1.0,1.0,1.0,0.98609912,0.98609912,0.96494561,0.96520463,0.76920835,0.76959689,0.75706654,0.76192326,0.73602095,0.73784307,0.71404168,0.72167179,0.93328577,0.93435605,0.92293971,0.92793436,0.90694694,0.9075878,0.89028454,0.89541143
142,1.0,1.0,1.0,1.0,1.02262131,1.05828009,1.01467795,1.04904162,0.79067508,0.79902865,0.78387567,0.79825158,0.88816763,0.89397563,0.878146,0.89055916,0.99036746,0.9982162,0.98358901,0.99571887,0.97116124,0.97462189,0.96142015,0.96885414
396,1.0,1.0,1.0,1.0,0.9134001,0.91383181,0.90459333,0.9049387,0.93899951,0.93909665,0.92909179,0.93307431,0.95285275,0.95478875,0.94715864,0.94863911,1.15412059,1.15519087,1.14341777,1.14841242,1.00884389,1.00884389,1.00243527,1.00333248
341,1.0,1.0,1.0,1.0,0.81056812,0.81497151,0.79131411,0.79770333,0.94443905,0.94958718,0.93161729,0.93161729,0.90297233,0.91026079,0.88361234,0.88668717,0.94042098,0.94363182,0.93257224,0.93578309,0.99718021,1.00051269,0.98641374,0.98718277
221,1.0,1.0,1.0,1.0,1.01666379,1.03375928,1.01312381,1.0297876,0.89324915,0.89723167,0.88654687,0.89188927,0.92597654,0.93599818,0.91071632,0.91618267,0.95576168,0.9646807,0.95433464,0.95611844,1.026788,1.03537554,1.01973853,1.03294027
95,1.0,1.0,1.0,1.0,1.1400449,1.1419444,1.12286306,1.12536695,0.7786304,0.78018456,0.76998543,0.7727052,1.0545496,1.058991,1.04316137,1.05022207,1.11452016,1.11844452,1.10667142,1.11666072,0.89066906,0.89387337,0.87798001,0.88246603
51,1.0,1.0,1.0,1.0,1.09385253,1.10550855,1.0927301,1.09851494,0.73288004,0.74230209,0.7322001,0.73929092,0.95239722,0.96230498,0.93827582,0.96059674,0.98358901,0.98965394,0.98180521,0.98751338,0.86003589,0.86759805,0.85670341,0.86003589
240,1.0,1.0,1.0,1.0,0.9266966,0.92704196,0.9115006,0.92626489,0.88994658,0.90033997,0.88207868,0.89519184,0.94374217,0.95353604,0.93873135,0.94693087,0.86871209,0.87120942,0.85515519,0.86657153,0.98910536,0.99154063,0.97923609,0.98564471
370,1.0,1.0,1.0,1.0,0.7946814,0.80340183,0.79001899,0.80297013,0.88246722,0.89392909,0.87761049,0.88742108,0.84534791,0.86880765,0.83475686,0.86322742,0.96610774,0.97181591,0.95754549,0.96860507,0.94001538,0.95590874,0.93886183,0.95078185
376,1.0,1.0,1.0,1.0,0.82481437,0.8259368,0.81479883,0.81678467,0.92452647,0.92744051,0.9136474,0.91821272,0.89556998,0.89761986,0.88463729,0.89363398,1.07349269,1.07384945,1.05351409,1.05422761,0.94924378,0.95808767,0.94629582,0.95001282
178,1.0,1.0,1.0,1.0,0.98704887,0.9905025,0.9782421,0.98109135,0.83050024,0.8351627,0.81641574,0.82486644,0.68329347,0.70948639,0.67964924,0.70561439,0.89118801,0.89618266,0.882269,0.89261506,0.90938221,0.91181748,0.89592412,0.8992566
41,1.0,1.0,1.0,1.0,1.07503022,1.0984286,1.06890002,1.09143499,0.73822244,0.75075279,0.7381253,0.75036425,0.94488099,0.94693087,0.91846031,0.92347113,0.94791295,0.9529076,0.94648591,0.95041027,0.84978211,0.86477826,0.84978211,0.86400923
431,1.0,1.0,1.0,1.0,0.9896391,0.992402,0.98428596,0.98730789,1.04827586,1.05390966,1.03943662,1.04380767,1.24541624,1.24997153,1.22400638,1.22503132,1.20977524,1.21905102,1.20513735,1.21120228,1.06844399,1.0739554,1.06639323,1.06921302
206,1.0,1.0,1.0,1.0,1.04627871,1.04783284,1.03272319,1.03496805,0.87333657,0.87955318,0.8593492,0.86478873,0.96059674,0.96606309,0.94237558,0.95114452,1.03032465,1.03246522,1.01819479,1.01819479,0.96411177,0.97680082,0.95526788,0.96372725
282,1.0,1.0,1.0,1.0,0.81756173,0.83318943,0.81635296,0.83232602,0.80689655,0.82068966,0.80485673,0.81019913,0.7626694,0.7819155,0.75697529,0.78009338,0.76739208,0.78201927,0.76703532,0.77417053,0.92476288,0.93719559,0.92271213,0.93501666
254,1.0,1.0,1.0,1.0,0.86306337,0.86936626,0.8533932,0.86815749,0.87246236,0.88421564,0.85876639,0.8731423,0.82769616,0.8287211,0.80856394,0.81368865,0.815198,0.82376026,0.80449518,0.8234035,0.95821584,0.96129198,0.94873109,0.95513971
410,1.0,1.0,1.0,1.0,0.93982041,0.94387843,0.9370575,0.93757555,0.98241865,0.98377853,0.97367654,0.9758135,1.09087803,1.09873591,1.08655051,1.08860039,1.18159115,1.18943989,1.17838031,1.18373172,1.03563189,1.04793643,1.03563189,1.04293771
4,1.0,1.0,1.0,1.0,0.94802279,0.95398031,0.93679848,0.94146089,0.67984458,0.6838271,0.670034,0.6787761,1.1340394,1.14087234,1.1167293,1.13062294,0.73849447,0.74170532,0.73207278,0.74063503,0.81889259,0.82863368,0.81427839,0.82235324
256,1.0,1.0,1.0,1.0,0.85926438,0.8675531,0.82662753,0.8457952,0.87226809,0.87712482,0.84817873,0.86372025,0.82279923,0.82815169,0.77747409,0.80047831,0.79557617,0.79878701,0.78130574,0.79379237,0.9459113,0.95513971,0.93129967,0.93758011
446,1.0,1.0,1.0,1.0,1.01001554,1.01398722,0.99913659,1.00837506,1.04915007,1.05031569,1.03477416,1.04060223,1.16330714,1.16786243,1.12743423,1.1622822,1.18694256,1.18765608,1.17017481,1.17409918,1.04934632,1.0526788,1.03960523,1.04652653
100,1.0,1.0,1.0,1.0,1.12346745,1.1305474,1.12156795,1.12812986,0.778339,0.78037882,0.77163672,0.77639631,1.03393691,1.03678397,1.02380139,1.03325362,1.08562255,1.09026044,1.07991438,1.08027114,0.88374776,0.89079723,0.88297872,0.8877211
226,1.0,1.0,1.0,1.0,1.01312381,1.02581592,1.00897945,1.02529788,0.89898009,0.89927149,0.88489558,0.89373482,0.95661086,0.96105227,0.95091675,0.95399157,0.93471281,0.94042098,0.932929,0.93471281,1.02422456,1.0244809,1.00961292,1.01935401
425,1.0,1.0,1.0,1.0,0.96503195,0.9759109,0.93766189,0.93878432,0.95959203,0.96697426,0.956678,0.96114619,1.1661542,1.16831796,1.13905022,1.13973352,1.1494827,1.15661791,1.14698537,1.14698537,1.04447578,1.05383235,1.04396309,1.04409126
213,1.0,1.0,1.0,1.0,1.00250389,1.01381454,0.99473321,1.00474875,0.88596406,0.88848956,0.87663915,0.88081593,0.90934973,0.93941465,0.8896481,0.93702312,1.00963254,1.01462719,1.00570817,1.01320014,1.01486798,1.02858241,1.01473981,1.02345552
171,1.0,1.0,1.0,1.0,0.99559662,1.00923847,0.99171128,1.00656191,0.76211753,0.77134531,0.76036911,0.77076251,0.71290286,0.72041909,0.70014805,0.71233345,0.92615055,0.92650731,0.91972886,0.92615055,0.89733402,0.90745963,0.89220713,0.90643425
98,1.0,1.0,1.0,1.0,1.12700743,1.13443274,1.12286306,1.13279226,0.7758135,0.77707625,0.76338028,0.77221952,1.03382303,1.03621455,1.01913222,1.02596515,1.09882269,1.10667142,1.09204424,1.10096325,0.88579851,0.89015637,0.8770828,0.88605486
292,1.0,1.0,1.0,1.0,0.87955448,0.8878432,0.87169746,0.88404421,0.826712,0.83496843,0.81641574,0.83127732,0.83008769,0.84250085,0.81995217,0.82222981,0.82839814,0.83374955,0.81305744,0.81377096,0.92207126,0.94142528,0.9145091,0.94065624
215,1.0,1.0,1.0,1.0,0.96995338,0.99784148,0.96934899,0.99464687,0.8646916,0.88343856,0.86255464,0.88343856,0.86379683,0.88828152,0.86140531,0.87860153,0.97431324,0.98394577,0.97181591,0.98144845,1.00115355,1.01217637,0.99679569,1.0
61,1.0,1.0,1.0,1.0,1.08444137,1.09134864,1.0790019,1.0865999,0.7327829,0.74162215,0.7296746,0.73511413,0.9724405,0.97414873,0.94601982,0.94863911,1.05315733,1.05565466,1.04637888,1.04851944,0.85234555,0.85670341,0.84337349,0.84452704
47,1.0,1.0,1.0,1.0,1.10922121,1.11517873,1.09108962,1.0965291,0.74686741,0.76075765,0.72608062,0.73336571,0.96332992,0.9788179,0.94863911,0.9551304,1.00285408,1.00963254,0.98929718,0.99714592,0.85772879,0.85875417,0.82991541,0.84619328
32,1.0,1.0,1.0,1.0,1.11198411,1.1362459,1.1064583,1.13590054,0.75832929,0.76192326,0.75250121,0.75531812,0.98155108,0.98883954,0.96071063,0.96093839,0.98787014,0.99286479,0.98358901,0.98465929,0.8747757,0.87874904,0.86913612,0.86913612
267,1.0,1.0,1.0,1.0,0.83258505,0.83500259,0.82369194,0.83293041,0.87042254,0.87654201,0.85381253,0.85633803,0.76335269,0.7709828,0.74422048,0.75731693,0.83160899,0.83232251,0.81947913,0.82911167,0.9533453,0.95847219,0.93886183,0.94950013
327,1.0,1.0,1.0,1.0,0.90096702,0.9091694,0.89716802,0.89716802,0.93394852,0.93540554,0.92491501,0.93210296,0.89522833,0.90604715,0.88600387,0.89796151,0.9193721,0.92008562,0.91223689,0.9158045,1.00653679,1.00871571,1.00115355,1.00551141
200,1.0,1.0,1.0,1.0,1.02814712,1.02944224,1.00440338,1.007598,0.85342399,0.86877125,0.84934434,0.86449733,0.86117754,0.86277189,0.82951828,0.84250085,1.02747057,1.03282198,1.00927578,1.02033535,0.98782363,0.99500128,0.96065112,0.99282235
444,1.0,1.0,1.0,1.0,1.00414436,1.02477983,1.00328095,1.01623208,1.04293346,1.06070908,1.03972802,1.05876639,1.19838287,1.22958661,1.19291652,1.22867555,1.16946129,1.17516946,1.16767749,1.1730289,1.05152525,1.06113817,1.04550115,1.05972827
27,1.0,1.0,1.0,1.0,1.11137973,1.11189777,1.10041444,1.10188223,0.75502671,0.75764934,0.7459932,0.74813016,0.9878146,0.99567247,0.98508143,0.99191436,0.99964324,1.00321085,0.95932929,0.96361042,0.86234299,0.86836709,0.85926685,0.86798257
422,1.0,1.0,1.0,1.0,0.89043343,0.91279572,0.89043343,0.9034709,0.96532297,0.98377853,0.96532297,0.98076736,1.13449493,1.16399043,1.12800364,1.15932126,1.15768819,1.17516946,1.15768819,1.17374242,1.04242502,1.06139451,1.04242502,1.05613945
230,1.0,1.0,1.0,1.0,1.02123985,1.03488171,1.01718183,1.02728372,0.8703254,0.90218553,0.86663429,0.89907722,0.96526592,0.96947956,0.95888851,0.96572144,0.90260435,0.90724224,0.89725294,0.90545844,1.01961036,1.03165855,1.01345809,1.02704435
260,1.0,1.0,1.0,1.0,0.83146261,0.84510447,0.81972026,0.83802452,0.85478388,0.87353084,0.84643031,0.86100049,0.80537524,0.81596629,0.7646054,0.78328209,0.75490546,0.7663218,0.74348912,0.74669996,0.91720072,0.92706998,0.89848757,0.90643425
288,1.0,1.0,1.0,1.0,0.8679848,0.87005698,0.84113279,0.84311863,0.85837785,0.85857212,0.821661,0.83457989,0.80696959,0.81813005,0.79558137,0.79740348,0.77095969,0.77452729,0.75775954,0.75954335,0.95667777,0.95667777,0.9343758,0.93552935
162,1.0,1.0,1.0,1.0,0.97357969,0.98886203,0.96701779,0.96727681,0.76318601,0.77416221,0.76056338,0.77105391,0.75298941,0.78920396,0.75185059,0.78783738,0.91972886,0.92864788,0.91723154,0.9211559,0.91386824,0.92386568,0.90771597,0.92168675
423,1.0,1.0,1.0,1.0,0.91037817,0.91279572,0.88525298,0.88628907,0.97445362,0.97620204,0.96163186,0.96338028,1.14793304,1.15453821,1.10465778,1.10898531,1.16553692,1.16803425,1.14484481,1.14627185,1.06344527,1.06549603,1.04050244,1.04255319
138,1.0,1.0,1.0,1.0,1.0652737,1.06984977,1.05810741,1.0652737,0.78280719,0.78339,0.76862555,0.77775619,0.91743537,0.92016855,0.9025168,0.91868808,1.04316803,1.04352479,1.02497324,1.0353193,0.9579595,0.96359908,0.94655217,0.95231992
62,1.0,1.0,1.0,1.0,1.0927301,1.09290278,1.07632533,1.0865999,0.74142788,0.74162215,0.73054881,0.73453133,0.98098166,0.99863341,0.97027673,0.99111718,1.06671423,1.0706386,1.05315733,1.06100606,0.85157652,0.85644706,0.8428608,0.85324276
135,1.0,1.0,1.0,1.0,1.08064238,1.09730616,1.07977897,1.08962183,0.78329286,0.79067508,0.78173871,0.78484701,0.95524428,0.96765744,0.9480697,0.96412709,1.04174099,1.05244381,1.03995719,1.0488762,0.91963599,0.9260446,0.91258652,0.92540374
128,1.0,1.0,1.0,1.0,1.08452772,1.09108962,1.07960629,1.08824037,0.79543468,0.79990287,0.78912093,0.79329772,0.9281403,0.93406218,0.92392666,0.92905136,1.00963254,1.01391366,1.00856225,1.01212986,0.89848757,0.90105101,0.89041271,0.89682133
474,1.0,1.0,1.0,1.0,0.96529097,0.9706441,0.96183733,0.96658608,1.0219524,1.03312288,1.02030112,1.02816901,1.06149641,1.07527616,1.060927,1.07322628,1.07670353,1.07991438,1.07135212,1.07848733,1.0244809,1.04703922,1.01589336,1.04703922
8,1.0,1.0,1.0,1.0,0.94586427,0.95890174,0.93481264,0.94068382,0.69490044,0.69830015,0.6835357,0.69120932,1.17628972,1.182781,1.14246669,1.14736363,0.7816625,0.78879772,0.77702462,0.7798787,0.824404,0.83196616,0.81543194,0.82081518
326,1.0,1.0,1.0,1.0,0.9072699,0.91219133,0.90234847,0.90657917,0.93054881,0.93288004,0.91520155,0.91675571,0.89784763,0.90923585,0.89602551,0.90878032,0.91687478,0.9175883,0.90831252,0.91402069,1.00153807,1.01051013,0.99743655,1.00858754
461,1.0,1.0,1.0,1.0,0.94828182,0.96235538,0.94586427,0.95821102,1.04099077,1.05060709,1.03428849,1.0348713,1.11319895,1.1308507,1.09850814,1.11650154,1.12022833,1.1259365,1.11808776,1.12450945,1.03370931,1.03986157,1.03229941,1.03499103
64,1.0,1.0,1.0,1.0,1.09523398,1.11008461,1.0931618,1.1083578,0.73841671,0.74793589,0.73715396,0.74249636,0.95979957,0.97608473,0.95456098,0.9698212,1.08348198,1.09347128,1.08134142,1.08669283,0.84093822,0.85619072,0.8396565,0.84875673
300,1.0,1.0,1.0,1.0,0.91348644,0.91927128,0.90623381,0.9110689,0.87382224,0.87625061,0.84749879,0.86119475,0.84557567,0.84694226,0.83714839,0.83999544,0.93078844,0.93257224,0.9158045,0.92008562,0.93745194,0.94424507,0.92501923,0.92642912
14,1.0,1.0,1.0,1.0,1.02659299,1.02909687,0.99775514,1.00431704,0.69587178,0.6976202,0.67780476,0.68023312,1.02277645,1.0333675,0.9948753,1.03097597,0.84088477,0.84195505,0.83446308,0.84052801,0.79466803,0.79723148,0.7855678,0.79312997
156,1.0,1.0,1.0,1.0,0.91314108,0.96615438,0.91210499,0.95346227,0.76610005,0.79805731,0.76610005,0.79592035,0.77644915,0.80469195,0.77644915,0.78943173,0.87442026,0.90260435,0.8740635,0.89475562,0.91245834,0.9436042,0.90951038,0.92924891
40,1.0,1.0,1.0,1.0,1.09773787,1.1187187,1.07977897,1.10481782,0.7569694,0.75998057,0.75211268,0.75531812,0.93987017,0.96059674,0.92791254,0.96059674,0.97288619,0.97431324,0.9664645,0.96860507,0.86977698,0.87221225,0.86221482,0.86682902
379,1.0,1.0,1.0,1.0,0.83733379,0.84311863,0.83517527,0.83534795,0.94356484,0.94754735,0.9403594,0.94201068,0.92768477,0.93269559,0.90240292,0.90342786,1.11309311,1.117731,1.10702818,1.10809847,0.98077416,0.9893617,0.97910792,0.98449116
457,1.0,1.0,1.0,1.0,0.98186842,0.99473321,0.97953721,0.98316353,1.04516756,1.05216124,1.03982516,1.04011656,1.16080173,1.17355654,1.15647421,1.16558479,1.12343917,1.13057438,1.11844452,1.12272565,1.05383235,1.06844399,1.05242246,1.05767752
411,1.0,1.0,1.0,1.0,0.93274046,0.938957,0.92971853,0.93731653,0.98241865,0.98610976,0.9780476,0.98105877,1.06912652,1.09668603,1.06548229,1.08962533,1.18622904,1.19871566,1.18337496,1.19693186,1.0290951,1.03793899,1.02781338,1.03563189
216,1.0,1.0,1.0,1.0,0.98575376,0.98635814,0.9583837,0.96166465,0.87197669,0.87226809,0.85478388,0.87090821,0.89169798,0.89682269,0.86288578,0.86356907,0.97895112,0.97930788,0.96860507,0.96967535,1.01127916,1.01140733,0.99436042,0.99705204
279,1.0,1.0,1.0,1.0,0.83111725,0.8538249,0.82964946,0.8533932,0.78222438,0.80446819,0.77843613,0.79941719,0.7575447,0.78009338,0.75424211,0.76301105,0.79272208,0.80485194,0.79058152,0.80485194,0.91309921,0.9260446,0.91027942,0.9214304
432,1.0,1.0,1.0,1.0,0.97314799,0.99110689,0.96313245,0.98791228,1.04390481,1.04905294,1.03729966,1.04137931,1.22662567,1.23448354,1.21523744,1.23277531,1.19871566,1.20585087,1.19693186,1.19978594,1.05793386,1.06959754,1.05767752,1.06805947
428,1.0,1.0,1.0,1.0,0.98065964,1.00310827,0.9778104,0.99456052,0.96823701,0.97338514,0.96182613,0.96367169,1.17332878,1.20145769,1.16376267,1.1975857,1.1377096,1.15090974,1.13699608,1.14484481,1.05754935,1.06434248,1.05396052,1.05652397
337,1.0,1.0,1.0,1.0,0.80659644,0.80789156,0.79528579,0.80581937,0.9375425,0.93822244,0.92034968,0.92102963,0.90786926,0.9108302,0.90137798,0.90866644,0.88369604,0.8840528,0.87192294,0.87477702,1.01512433,1.01679057,1.00499872,1.00512689
236,1.0,1.0,1.0,1.0,0.95398031,0.97392506,0.95277154,0.96649974,0.91325886,0.93045168,0.91034483,0.91287033,0.93941465,0.94966405,0.92130737,0.92312948,0.8740635,0.88369604,0.86764181,0.87834463,1.00769034,1.01832863,1.00243527,1.00448603
207,1.0,1.0,1.0,1.0,1.05828009,1.06622345,1.04213435,1.04291141,0.87770763,0.88139874,0.86372025,0.87022827,0.95023346,0.96332992,0.94670311,0.95661086,1.03139493,1.03745986,1.02461648,1.02461648,0.99846193,1.00717765,0.9588567,0.96295822
212,1.0,1.0,1.0,1.0,1.00820238,1.0194267,1.00207218,1.00932481,0.87693055,0.87722195,0.86440019,0.86993686,0.92734313,0.93873135,0.90673044,0.92358501,1.00249732,1.00499465,0.99250803,0.99928648,1.01871315,1.01935401,0.99474494,0.99525763
295,1.0,1.0,1.0,1.0,0.87351062,0.88274909,0.86470385,0.8755828,0.8241865,0.84040797,0.81194755,0.82622632,0.81961052,0.83190981,0.80412254,0.82564628,0.84409561,0.86728505,0.83374955,0.86443097,0.90002563,0.91514996,0.89182261,0.91181748
455,1.0,1.0,1.0,1.0,0.99801416,0.99896391,0.97832844,0.98696253,1.04876153,1.05701797,1.04507042,1.05624089,1.17048172,1.18437536,1.16957066,1.18073112,1.13592579,1.14413129,1.1295041,1.13057438,1.04780825,1.05434504,1.0434504,1.04614201
251,1.0,1.0,1.0,1.0,0.83275773,0.86453117,0.83258505,0.85201174,0.86556581,0.88780962,0.86168043,0.86838271,0.82815169,0.85981096,0.81471359,0.83464298,0.83018195,0.84373885,0.82661434,0.83910096,0.94578313,0.96244553,0.94014355,0.94539862
486,1.0,1.0,1.0,1.0,0.98385426,0.99032982,0.96969435,0.96969435,1.0132103,1.01505585,1.00456532,1.01019913,1.06229359,1.06639335,1.05090536,1.05352466,1.0488762,1.05458437,1.04851944,1.05030325,1.01435529,1.0244809,1.01038195,1.01448347
456,1.0,1.0,1.0,1.0,0.98843032,1.00034536,0.98514937,0.99628734,1.04001943,1.05546382,1.03632831,1.05361826,1.16592643,1.18562806,1.15989067,1.17731466,1.12486621,1.13556903,1.12415269,1.13235819,1.04998718,1.05447321,1.04601384,1.05049987
303,1.0,1.0,1.0,1.0,0.9214298,0.92635123,0.90839233,0.9087377,0.89907722,0.90743079,0.89412336,0.8942205,0.8903314,0.89454504,0.87586835,0.87689329,0.93685337,0.93792365,0.92615055,0.92900464,0.93514483,0.94398872,0.93476032,0.93873366
350,1.0,1.0,1.0,1.0,0.86643067,0.86746676,0.85693317,0.85857365,0.9727052,0.9727052,0.96066051,0.96668286,0.92210454,0.92244619,0.89272292,0.89386175,0.99964324,1.0017838,0.99536211,0.99892972,1.02102025,1.02102025,1.01051013,1.01051013
269,1.0,1.0,1.0,1.0,0.83189432,0.83612502,0.81229494,0.8202383,0.85468674,0.86692569,0.84186498,0.86362312,0.72246897,0.748548,0.69320123,0.74706753,0.78594363,0.79236532,0.76953264,0.7880842,0.9533453,0.95642143,0.9283517,0.94539862
201,1.0,1.0,1.0,1.0,0.99533759,1.01994474,0.99222932,1.01951304,0.86294318,0.87129675,0.85099563,0.85390966,0.86949095,0.88167635,0.85559731,0.85912766,1.03246522,1.03745986,1.02818409,1.03638958,1.00205076,1.003717,0.98807998,1.00076903
161,1.0,1.0,1.0,1.0,0.97815576,0.97832844,0.96304611,0.96848558,0.77124818,0.77173385,0.75522098,0.76172899,0.7979729,0.80286983,0.78635691,0.79353149,0.92293971,0.92971816,0.91687478,0.92864788,0.92873622,0.93142784,0.91771341,0.92412202
43,1.0,1.0,1.0,1.0,1.07451217,1.07839751,1.05016405,1.05603523,0.75182127,0.75220981,0.73793103,0.73958232,0.93292336,0.94408382,0.92848195,0.93497324,0.96789154,0.96824831,0.96396718,0.96396718,0.86375288,0.86516278,0.85337093,0.85362728
217,1.0,1.0,1.0,1.0,0.98160939,0.99335175,0.97841478,0.99222932,0.87702768,0.88674114,0.87294803,0.87382224,0.88976199,0.90126409,0.88224576,0.89853092,0.95861577,0.97181591,0.95362112,0.95897253,1.01038195,1.01614971,1.00576775,1.01179185
401,1.0,1.0,1.0,1.0,0.93248144,0.94025212,0.93040926,0.93861164,0.97736765,0.98096163,0.96250607,0.96289461,0.99453365,0.99908894,0.9795012,0.9795012,1.17195862,1.18194791,1.16767749,1.17980735,1.0212766,1.0281979,1.01909767,1.02499359
190,1.0,1.0,1.0,1.0,0.96805388,0.96943533,0.94534623,0.94974961,0.81418164,0.81495872,0.79640602,0.80048567,0.78248491,0.7909122,0.7665414,0.77667692,0.94898323,0.95041027,0.94220478,0.94648591,0.94821841,0.9496283,0.94078441,0.94898744
309,1.0,1.0,1.0,1.0,0.94102918,0.9488862,0.94007943,0.94733207,0.9111219,0.9186984,0.90558524,0.91073337,0.90001139,0.90923585,0.89295069,0.89397563,0.9175883,0.92508027,0.91687478,0.92044238,0.98026147,0.98590105,0.97346834,0.98205588
259,1.0,1.0,1.0,1.0,0.83569332,0.84778104,0.80659644,0.82110171,0.85420107,0.8621661,0.82243808,0.85177271,0.78248491,0.7870402,0.74410659,0.77474092,0.75062433,0.75990011,0.7192294,0.74527292,0.90592156,0.91527813,0.88490131,0.89669316
105,1.0,1.0,1.0,1.0,1.11276118,1.11673286,1.10386807,1.10447246,0.77280233,0.77416221,0.75755221,0.75939777,1.01241316,1.0134381,0.99305318,0.9987473,1.06956832,1.07599001,1.0606493,1.06207635,0.89246347,0.89297616,0.87298129,0.87439118
53,1.0,1.0,1.0,1.0,1.07269902,1.07822483,1.05853911,1.05992057,0.70879068,0.71257892,0.70053424,0.70354541,0.95854686,0.96799909,0.94476711,0.94750028,0.94684267,0.95005351,0.93970746,0.94077774,0.84068188,0.84978211,0.83337606,0.83632402
389,1.0,1.0,1.0,1.0,0.84044207,0.8533932,0.83681575,0.84829908,0.94531326,0.94949004,0.94103934,0.94949004,0.9473864,0.96560756,0.94078123,0.96196333,1.06493043,1.06849804,1.05387085,1.06778452,1.01179185,1.02755704,1.00910023,1.02755704
1,1.0,1.0,1.0,1.0,0.96710413,0.9778104,0.95156277,0.97280262,0.69781447,0.71034483,0.69577465,0.7080136,1.1732149,1.19918005,1.17173443,1.19849675,0.76132715,0.77738138,0.76061363,0.77702462,0.83478595,0.84747501,0.83235068,0.84465522
439,1.0,1.0,1.0,1.0,0.97565187,0.98696253,0.97245726,0.97616992,1.05284119,1.05818358,1.04759592,1.05410393,1.20088828,1.2097711,1.19633299,1.20635463,1.16803425,1.18087763,1.16625045,1.18016411,1.06036914,1.07062292,1.05844655,1.06741861
480,1.0,1.0,1.0,1.0,0.94534623,0.95786565,0.94137455,0.95285788,0.96658572,0.9997086,0.96036911,0.99873725,1.02334586,1.0711764,1.01560187,1.07049311,1.00677845,1.01997859,1.00321085,1.01676775,0.96680338,0.99487311,0.96449628,0.99423225
49,1.0,1.0,1.0,1.0,1.0870316,1.10861682,1.08064238,1.10732171,0.75143273,0.75726081,0.74609034,0.7544439,0.97027673,0.98849789,0.96902403,0.98314543,0.99571887,1.00249732,0.98965394,0.99714592,0.86400923,0.86772622,0.85593438,0.86195847
419,1.0,1.0,1.0,1.0,0.92989121,0.93507166,0.92825073,0.93161803,1.0053424,1.00767363,1.00135988,1.00369111,1.18186995,1.18779182,1.14394716,1.14394716,1.19586158,1.19621834,1.18052087,1.18408848,1.05780569,1.05780569,1.04857729,1.05101256
80,1.0,1.0,1.0,1.0,1.08616819,1.10904852,1.08599551,1.1064583,0.72850898,0.73462846,0.72608062,0.73190869,0.90581938,0.92130737,0.88566223,0.91606878,1.08205494,1.10809847,1.08169818,1.10274706,0.84542425,0.85093566,0.84081005,0.84298898
205,1.0,1.0,1.0,1.0,1.03177344,1.04662407,1.03134174,1.04463823,0.86119475,0.86925692,0.85381253,0.85468674,0.95467487,0.96162168,0.94066735,0.94180617,1.01320014,1.02211916,1.01284338,1.01783803,0.99436042,1.01012561,0.99410408,1.00897206
34,1.0,1.0,1.0,1.0,1.10913486,1.12735279,1.10723537,1.12243136,0.76833414,0.77999029,0.76668286,0.76969403,0.96936568,0.98576472,0.96799909,0.9788179,1.01034606,1.02211916,1.0099893,1.01676775,0.86939246,0.87862087,0.86939246,0.87631377
263,1.0,1.0,1.0,1.0,0.8633224,0.87100673,0.84674495,0.86280435,0.84400194,0.85070423,0.83020884,0.84759592,0.79455643,0.79933948,0.78442091,0.78590138,0.75740278,0.75954335,0.74206208,0.74348912,0.92130223,0.92630095,0.91707255,0.9251474
427,1.0,1.0,1.0,1.0,0.99222932,1.00267657,0.98463132,0.99395614,0.96095192,0.96813987,0.95502671,0.96415736,1.19166382,1.20020499,1.182781,1.18437536,1.13414199,1.14341777,1.13093115,1.13699608,1.05190977,1.05434504,1.04357857,1.04768008
366,1.0,1.0,1.0,1.0,0.82809532,0.83189432,0.81747539,0.81972026,0.96862555,0.97056824,0.95318116,0.95813502,0.89534222,0.9005808,0.89283681,0.89682269,1.03745986,1.04245451,1.0353193,1.04138423,0.99115611,0.99987183,0.98884901,0.99730838
91,1.0,1.0,1.0,1.0,1.1229494,1.13089276,1.11673286,1.12243136,0.773288,0.77610491,0.76648859,0.77289947,1.03291197,1.03405079,0.99419201,1.00375811,1.14769889,1.15661791,1.14591509,1.15554763,0.89438605,0.90130736,0.89054089,0.90041015
339,1.0,1.0,1.0,1.0,0.78000345,0.80107063,0.7724918,0.80055258,0.93210296,0.94191355,0.92209811,0.93550267,0.90149186,0.91618267,0.89192575,0.91117185,0.92186943,0.932929,0.91473421,0.93078844,0.99833376,1.00217893,0.98782363,0.99718021
471,1.0,1.0,1.0,1.0,0.94931791,0.95277154,0.93964773,0.94810913,1.02778048,1.02894609,1.00514813,1.00796503,1.07129029,1.08165357,1.06639335,1.07857875,1.05957902,1.06100606,1.05244381,1.05565466,1.03909254,1.04075878,1.02768521,1.02947962
52,1.0,1.0,1.0,1.0,1.0652737,1.09497496,1.0652737,1.09255742,0.71034483,0.73423992,0.71024769,0.73336571,0.95376381,0.96207721,0.94146453,0.95592757,0.95219408,0.97966465,0.95041027,0.9782376,0.84247629,0.86426557,0.84247629,0.86003589
345,1.0,1.0,1.0,1.0,0.8221378,0.82395096,0.81609394,0.81713003,0.94103934,0.94337057,0.93113162,0.93346285,0.89727821,0.90479444,0.8922674,0.90046692,0.94327506,0.94505887,0.93863717,0.93899394,0.99551397,1.00025634,0.98923353,0.99128429
264,1.0,1.0,1.0,1.0,0.80659644,0.83431186,0.80590572,0.82921775,0.8241865,0.85313259,0.82088392,0.84769305,0.79193714,0.813347,0.78294044,0.79672019,0.75062433,0.764538,0.7463432,0.75704602,0.90886952,0.92899257,0.90463984,0.92258395
241,1.0,1.0,1.0,1.0,0.92583319,0.93006389,0.9190986,0.92730098,0.91131617,0.91257892,0.89004371,0.89305488,0.96617697,0.96913791,0.94396994,0.94396994,0.86692829,0.86942562,0.85622547,0.85836604,0.99179698,0.99320687,0.98256857,0.99243784
13,1.0,1.0,1.0,1.0,0.99559662,1.0198584,0.99559662,1.01554136,0.68237008,0.69781447,0.68062166,0.69490044,1.12117071,1.15579091,1.11365448,1.14223892,0.8369604,0.85301463,0.83624688,0.85230111,0.78941297,0.81068957,0.7892848,0.8091515
315,1.0,1.0,1.0,1.0,0.93817993,0.94776377,0.93394923,0.94033846,0.91374454,0.91792132,0.90713939,0.91772705,0.88224576,0.89693657,0.87256577,0.89135634,0.93007492,0.94006422,0.92579379,0.94006422,1.00012817,1.00769034,0.99730838,1.00076903
88,1.0,1.0,1.0,1.0,1.11181143,1.11802797,1.10697634,1.11440166,0.76658572,0.77707625,0.76367169,0.77707625,1.00740235,1.01309646,1.00273317,1.00797176,1.16803425,1.16910453,1.15733143,1.16232608,0.89169444,0.90604973,0.88836196,0.89848757
387,1.0,1.0,1.0,1.0,0.85848731,0.87204283,0.85589708,0.86194094,0.93579407,0.95599806,0.93326858,0.95308402,0.95866074,0.96799909,0.95273887,0.9646965,1.07028184,1.07563325,1.06564395,1.0688548,1.00986926,1.02191746,1.00487055,1.01820046
273,1.0,1.0,1.0,1.0,0.82015196,0.82835434,0.81099983,0.8141081,0.71733851,0.74978145,0.70947062,0.72617776,0.69912311,0.70857533,0.67475231,0.68454618,0.74027827,0.74420264,0.72814841,0.72886193,0.87580108,0.89054089,0.84747501,0.85093566
166,1.0,1.0,1.0,1.0,0.94344673,0.95363495,0.93688482,0.9408565,0.74686741,0.76027198,0.74201068,0.74783876,0.72782143,0.74672589,0.72133014,0.74490377,0.87620407,0.88476632,0.87263646,0.87763111,0.88643937,0.89605229,0.87977442,0.88810561
328,1.0,1.0,1.0,1.0,0.84458643,0.85227076,0.82610948,0.82887239,0.92899466,0.93239437,0.91821272,0.92977173,0.88429564,0.89534222,0.87199636,0.89169798,0.91366393,0.92044238,0.9058152,0.9175883,1.00948475,1.01256088,1.00192258,1.00499872
490,1.0,1.0,1.0,1.0,1.0,1.00785702,0.99490589,0.996201,1.02088392,1.03428849,1.0160272,1.03283147,1.01184375,1.03177315,1.01059105,1.02494021,1.02961113,1.03389226,1.02425972,1.02640029,1.0189695,1.03037683,1.01422712,1.01730326
134,1.0,1.0,1.0,1.0,1.08116042,1.08357797,1.05327232,1.05327232,0.78416707,0.79407479,0.78339,0.79048082,0.9583191,0.96515203,0.93383442,0.93565653,1.01248662,1.01855155,1.01034606,1.01498395,0.92245578,0.92476288,0.91796975,0.92207126
306,1.0,1.0,1.0,1.0,0.90821965,0.91685374,0.90709722,0.91521326,0.89752307,0.90169985,0.89266634,0.90024284,0.87097142,0.87564059,0.85297802,0.87062977,0.91152337,0.92186943,0.90652872,0.9175883,0.94950013,0.9519354,0.94488593,0.95026916
478,1.0,1.0,1.0,1.0,0.96235538,0.96727681,0.950354,0.9564842,1.01942691,1.02943176,1.01272462,1.01282176,1.08176745,1.09395285,1.06354629,1.066735,1.05208705,1.0570817,1.0453086,1.04816268,1.01448347,1.01999487,1.01192002,1.01409895
319,1.0,1.0,1.0,1.0,0.96788119,0.97038508,0.96123295,0.96373683,0.91733851,0.91996115,0.91316173,0.91636717,0.90661656,0.90946361,0.89238128,0.90320009,0.98501605,0.99215127,0.98109169,0.98358901,1.02960779,1.03396565,1.01653422,1.02230197
243,1.0,1.0,1.0,1.0,0.93274046,0.94111552,0.93204973,0.94111552,0.91597863,0.9246236,0.913356,0.91743565,0.95330828,0.96572144,0.94989181,0.96298827,0.88119872,0.8840528,0.87656083,0.87691759,1.00307613,1.00884389,1.00205076,1.00422968
54,1.0,1.0,1.0,1.0,1.06415127,1.0766707,1.06121568,1.07554826,0.71209325,0.71355027,0.70480816,0.70636231,0.96321603,0.96970732,0.94909464,0.96549368,0.95540492,0.95718873,0.9511238,0.9511238,0.84004102,0.84350167,0.8350423,0.83978467
363,1.0,1.0,1.0,1.0,0.84225522,0.84398204,0.82947677,0.83275773,0.94405051,0.94511899,0.92802331,0.93734823,0.89135634,0.89283681,0.86778271,0.8864594,0.99322155,0.99571887,0.97502676,0.98501605,1.00422968,1.00640861,0.98872084,0.99833376
50,1.0,1.0,1.0,1.0,1.09834226,1.10386807,1.09238473,1.09756519,0.74162215,0.75084993,0.74152501,0.74900437,0.95945792,0.97403485,0.95900239,0.97084615,0.99108098,0.99785944,0.99072422,0.99464859,0.85977954,0.87426301,0.85965137,0.87195591
454,1.0,1.0,1.0,1.0,1.02098083,1.02193058,1.01286479,1.01839061,1.0590578,1.0759592,1.05828072,1.07586207,1.18688077,1.19804123,1.18460312,1.19416923,1.13628255,1.13877988,1.13200143,1.13592579,1.05139708,1.06370161,1.04716739,1.05293514
174,1.0,1.0,1.0,1.0,0.98359523,1.00578484,0.98186842,0.99861855,0.78008742,0.79533754,0.77416221,0.7814473,0.75162282,0.75902517,0.74706753,0.75629199,0.94256154,0.95825901,0.94149126,0.94719943,0.90951038,0.92694181,0.90361446,0.91386824
445,1.0,1.0,1.0,1.0,1.01312381,1.01864963,1.0080297,1.01321015,1.04953861,1.05313259,1.03759106,1.05313259,1.18004783,1.19701629,1.15954903,1.19633299,1.16660721,1.16946129,1.16339636,1.16839101,1.05421687,1.05793386,1.04870546,1.0489618
189,1.0,1.0,1.0,1.0,0.94543257,0.95139009,0.9342946,0.95139009,0.79902865,0.80116561,0.77901894,0.7814473,0.7709828,0.77906844,0.75116729,0.75207835,0.94256154,0.94398858,0.92793436,0.93721013,0.94719303,0.94757754,0.9334786,0.93565752
494,1.0,1.0,1.0,1.0,1.01070627,1.01364186,1.00828872,1.00846141,1.02486644,1.03020884,1.01486158,1.02710053,1.01639904,1.02983715,1.01639904,1.02448468,1.01641099,1.02140564,1.01569747,1.01855155,1.00153807,1.00679313,0.99948731,1.00589592
187,1.0,1.0,1.0,1.0,0.96106027,0.96477292,0.94776377,0.95518909,0.82710053,0.83535697,0.82408936,0.83147159,0.72793531,0.73715978,0.72064685,0.72565767,0.9393507,0.9447021,0.93043168,0.94149126,0.92386568,0.9297616,0.92066137,0.92566009
169,1.0,1.0,1.0,1.0,0.97193922,0.97806942,0.9488862,0.95208082,0.76444876,0.76707139,0.75774648,0.76376882,0.72691037,0.73169343,0.72133014,0.72338003,0.92508027,0.93078844,0.91152337,0.91865858,0.90015381,0.90553704,0.89028454,0.89079723
58,1.0,1.0,1.0,1.0,1.08202383,1.08409601,1.07226731,1.07951994,0.73511413,0.73987373,0.72472074,0.73016027,0.93702312,0.94522264,0.92529325,0.94385605,0.99357831,0.9982162,0.99036746,0.99571887,0.83683671,0.84106639,0.83068444,0.83299154
48,1.0,1.0,1.0,1.0,1.10084614,1.11595579,1.09998273,1.11163875,0.74929577,0.751627,0.73132589,0.7428849,0.97642638,0.99123107,0.96799909,0.96925179,0.99357831,1.00035676,0.98858366,0.99892972,0.85631889,0.86118944,0.84273263,0.85657524
344,1.0,1.0,1.0,1.0,0.81333103,0.81713003,0.80789156,0.81713003,0.93132589,0.94162215,0.92520641,0.93647402,0.89192575,0.90263068,0.88372623,0.89568386,0.93078844,0.93613985,0.92436675,0.93150196,0.98538836,0.99013074,0.97692899,0.98526019
235,1.0,1.0,1.0,1.0,0.97116215,0.97288897,0.94793645,0.96857192,0.90587664,0.90636231,0.8841185,0.89082079,0.91754925,0.91971302,0.89955586,0.9127662,0.87941491,0.88369604,0.86585801,0.87334998,0.98526019,0.99115611,0.96872597,0.97667265
252,1.0,1.0,1.0,1.0,0.83716111,0.8557244,0.83543429,0.85088931,0.85332686,0.87411365,0.8511899,0.87110248,0.8062863,0.85024485,0.80480583,0.84648673,0.82054941,0.85301463,0.82054941,0.84980378,0.93411946,0.95501154,0.93245322,0.94924378
21,1.0,1.0,1.0,1.0,1.03367294,1.03470903,1.02253497,1.02357106,0.70257407,0.70888781,0.69975716,0.70024284,0.97938731,0.98792848,0.97335155,0.97745132,0.91651802,0.92222619,0.91473421,0.91651802,0.85055114,0.85977954,0.85003845,0.85683158
313,1.0,1.0,1.0,1.0,0.95803834,0.95821102,0.94284234,0.95173545,0.92666343,0.92753764,0.91277319,0.91374454,0.89602551,0.90137798,0.87905706,0.88030976,0.92186943,0.92329647,0.90688548,0.91687478,1.00243527,1.00333248,0.98692643,0.98795181
459,1.0,1.0,1.0,1.0,0.9626144,0.98230012,0.95432568,0.97962355,1.03807674,1.04876153,1.03001457,1.04701311,1.15191892,1.15294386,1.12982576,1.14371939,1.09632537,1.13556903,1.08383874,1.12665002,1.04614201,1.05985645,1.04242502,1.05921559
160,1.0,1.0,1.0,1.0,0.97496115,0.97772405,0.94992229,0.96900363,0.76648859,0.77008256,0.75172414,0.76163186,0.80674183,0.815283,0.79740348,0.80674183,0.92258295,0.92579379,0.91045309,0.91080985,0.92796719,0.92912074,0.90745963,0.92207126
276,1.0,1.0,1.0,1.0,0.81151787,0.81592126,0.80305647,0.81324469,0.74473045,0.75143273,0.73239437,0.7381253,0.69342899,0.71495274,0.68648218,0.69775652,0.7427756,0.74313236,0.71994292,0.72529433,0.90258908,0.90322994,0.88592669,0.8900282
443,1.0,1.0,1.0,1.0,1.00198584,1.0080297,0.9905025,0.99309273,1.06109762,1.06974259,1.06022341,1.06022341,1.23459743,1.24131648,1.21352921,1.2161485,1.16767749,1.17766679,1.1630396,1.16625045,1.06536785,1.07075109,1.06306075,1.06549603
191,1.0,1.0,1.0,1.0,0.96356415,0.97349335,0.9621827,0.97332067,0.81515299,0.82408936,0.8084507,0.81262749,0.80059219,0.80252819,0.7857875,0.79307596,0.9529076,0.95647521,0.94719943,0.95148056,0.9611638,0.96680338,0.94424507,0.94514227
385,1.0,1.0,1.0,1.0,0.86228631,0.86340874,0.85771024,0.85960974,0.94987858,0.95356969,0.94220495,0.94327343,0.94260335,0.95308051,0.93440383,0.93930076,1.07991438,1.08312522,1.07670353,1.08027114,1.00897206,1.01115099,0.99500128,0.99653935
293,1.0,1.0,1.0,1.0,0.87230185,0.87860473,0.86686237,0.87014333,0.81932977,0.8348713,0.8078679,0.81835843,0.80936112,0.82735452,0.80810842,0.82450746,0.80128434,0.82054941,0.7998573,0.81912237,0.90515252,0.91668803,0.90374263,0.91643168
413,1.0,1.0,1.0,1.0,0.9233293,0.93204973,0.91788983,0.92738733,0.99135503,0.99805731,0.98183584,0.98766391,1.08256463,1.08700604,1.07140417,1.07220134,1.18373172,1.20228327,1.17945059,1.19193721,1.03268393,1.03998975,1.02755704,1.03332479
343,1.0,1.0,1.0,1.0,0.8164393,0.82205146,0.81065446,0.81298567,0.93929092,0.94638174,0.92763477,0.93035454,0.90001139,0.91105797,0.89363398,0.89636716,0.95540492,0.96539422,0.95041027,0.95397788,0.99243784,0.99820559,0.97923609,0.98320943
257,1.0,1.0,1.0,1.0,0.83862891,0.84363668,0.82334657,0.83059921,0.86614862,0.86789704,0.843322,0.84351627,0.79250655,0.80856394,0.76916069,0.78237103,0.76489476,0.77381377,0.75668926,0.7698894,0.92066137,0.93501666,0.90566521,0.92207126
308,1.0,1.0,1.0,1.0,0.94595061,0.95337593,0.93766189,0.93809359,0.91092763,0.91772705,0.90315687,0.90947062,0.89807539,0.90593327,0.89443116,0.89978362,0.92008562,0.92971816,0.9175883,0.91901534,0.98410664,0.98692643,0.97205845,0.97282748
149,1.0,1.0,1.0,1.0,0.99499223,0.99654637,0.946555,0.97159385,0.81418164,0.81728995,0.79728023,0.80777076,0.83566792,0.84102038,0.80890559,0.8235964,0.95326436,0.95825901,0.93649661,0.95825901,0.94257883,0.94629582,0.92783902,0.93399128
130,1.0,1.0,1.0,1.0,1.10956657,1.11008461,1.09955103,1.10291832,0.80155415,0.80301117,0.79844585,0.8028169,0.92848195,0.93383442,0.92130737,0.9268876,0.9982162,1.00891902,0.99785944,1.00535141,0.90451166,0.90476801,0.89682133,0.90271725
151,1.0,1.0,1.0,1.0,1.00120877,1.0042307,0.9843723,0.98704887,0.83652258,0.83904808,0.81554153,0.81554153,0.85138367,0.85969707,0.8479672,0.84876438,0.96753478,0.96896183,0.96039957,0.96575098,0.95129454,0.95360164,0.94142528,0.94655217
359,1.0,1.0,1.0,1.0,0.85330686,0.85779658,0.85028492,0.85071663,0.94307916,0.95065566,0.93977659,0.94113647,0.86459401,0.8774627,0.86277189,0.870402,1.0,1.01070282,0.99500535,1.00927578,1.02768521,1.03499103,1.02332735,1.03499103
99,1.0,1.0,1.0,1.0,1.122086,1.12812986,1.11656018,1.12122259,0.77532783,0.77921321,0.77076251,0.77416221,1.03074821,1.04247808,1.02710397,1.03120374,1.08954691,1.09454156,1.08526579,1.08811987,0.88490131,0.89028454,0.87169956,0.88092797
372,1.0,1.0,1.0,1.0,0.81505785,0.81635296,0.8084096,0.81134519,0.91685284,0.91908694,0.90024284,0.90247693,0.88873705,0.89374786,0.87575447,0.87666553,1.04673564,1.05066001,1.03032465,1.03175169,0.98359395,0.98385029,0.97039221,0.97385286
87,1.0,1.0,1.0,1.0,1.11336557,1.11336557,1.09791055,1.10006907,0.77153958,0.77523069,0.74890724,0.7541525,1.00671905,1.00763011,0.9968113,0.99920282,1.14841242,1.14876918,1.13877988,1.14234748,0.89720584,0.89759036,0.88246603,0.88387593
458,1.0,1.0,1.0,1.0,0.98031428,0.9862718,0.97737869,0.98126403,1.04429335,1.05186984,1.03972802,1.04924721,1.15806856,1.17537866,1.15499374,1.16900125,1.117731,1.12807706,1.11023903,1.1277203,1.05754935,1.06254806,1.05562676,1.05665214
330,1.0,1.0,1.0,1.0,0.80935935,0.81782076,0.79873942,0.81151787,0.91520155,0.9186984,0.89674599,0.90228266,0.87621,0.880082,0.86163307,0.87472953,0.85979308,0.87085266,0.85444167,0.87013914,0.99000256,0.99987183,0.98513202,0.99359139
214,1.0,1.0,1.0,1.0,0.99913659,1.00863409,0.99853221,1.003799,0.88237008,0.89247207,0.88139874,0.88470131,0.89693657,0.91675208,0.89340622,0.89955586,0.99429183,1.00285408,0.99286479,0.99964324,1.003717,1.01448347,1.00153807,1.01076647
466,1.0,1.0,1.0,1.0,0.93066828,0.95916077,0.91374547,0.95916077,1.0109762,1.05157844,0.98746965,1.04983001,1.07436511,1.12174012,1.05022207,1.119918,1.06457367,1.08312522,1.06029254,1.07634677,1.04934632,1.07613432,1.04357857,1.06767496
121,1.0,1.0,1.0,1.0,1.09169401,1.09385253,1.08590917,1.09160767,0.78436134,0.78960661,0.78076736,0.78863526,0.93463159,0.93747865,0.93132901,0.935201,1.01284338,1.02211916,1.0099893,1.01890831,0.87464753,0.8756729,0.86670085,0.87349398
497,1.0,1.0,1.0,1.0,1.01243309,1.01709549,1.00578484,1.00604386,1.01971831,1.02865469,1.0185527,1.01991258,0.99692518,1.00148047,0.98747295,0.98758684,1.01248662,1.01605423,1.00927578,1.00963254,1.00422968,1.0106383,1.00269162,1.00320431
20,1.0,1.0,1.0,1.0,1.02685201,1.03824901,1.02270765,1.03626317,0.70461389,0.71510442,0.70169985,0.7108305,0.97574308,0.99533083,0.97278214,0.99202824,0.94791295,0.95611844,0.94612915,0.94933999,0.85695975,0.87298129,0.85247372,0.87080236
188,1.0,1.0,1.0,1.0,0.9564842,0.96503195,0.9446555,0.96477292,0.78339,0.80718796,0.76755707,0.79844585,0.75481152,0.75913905,0.7331739,0.73841248,0.9546914,0.95611844,0.94220478,0.95076704,0.93847731,0.93860549,0.92860805,0.93155601
71,1.0,1.0,1.0,1.0,1.11051632,1.11267484,1.09065792,1.09644276,0.73336571,0.73355998,0.72491501,0.72540068,0.93440383,0.94340052,0.92836807,0.94271723,1.15412059,1.1630396,1.14092044,1.14520157,0.87169956,0.8969495,0.84324532,0.84362984
106,1.0,1.0,1.0,1.0,1.1102573,1.12398549,1.10922121,1.11535141,0.77367654,0.77989315,0.77144245,0.77523069,0.99316707,1.01901834,0.99191436,1.01389363,1.08847663,1.09489832,1.08455227,1.08919015,0.89259164,0.89746219,0.88977185,0.89336068
270,1.0,1.0,1.0,1.0,0.83405284,0.84035572,0.82187878,0.82766362,0.83885381,0.85449247,0.83322001,0.85303545,0.73864025,0.74843412,0.71859697,0.73260449,0.78772743,0.79771673,0.78130574,0.78665715,0.94437324,0.9565496,0.93245322,0.94975647
348,1.0,1.0,1.0,1.0,0.86012778,0.86116387,0.84709031,0.8519254,0.96755707,0.97124818,0.95968917,0.9704711,0.8608359,0.90194739,0.84409521,0.89431728,0.99536211,1.00285408,0.98858366,0.99892972,1.01332992,1.02114842,1.01192002,1.0189695
435,1.0,1.0,1.0,1.0,0.98385426,0.98981178,0.97936453,0.98160939,1.06352598,1.06546867,1.05701797,1.06342885,1.23846942,1.25122423,1.22036215,1.23493907,1.19800214,1.19942918,1.18872636,1.19407777,1.06344527,1.06395796,1.05024353,1.05588311
102,1.0,1.0,1.0,1.0,1.11077534,1.11975479,1.10827146,1.11811432,0.76600291,0.77115104,0.76134046,0.76386595,1.03302585,1.04316137,1.0301788,1.0301788,1.07206564,1.07563325,1.06207635,1.06350339,0.87631377,0.88054345,0.87157139,0.87528839
