,date,close,open,high,low,volume,percent,code
0,2015-01-01,106.25,108.29,108.65,105.41,64.29M,-2.82%,AAPL
1,2015-01-02,106.26,106.54,107.43,104.63,65.80M,0.01%,AAPL
2,2015-01-03,107.75,107.2,108.2,106.69,40.11M,1.40%,AAPL
3,2015-01-04,111.89,109.23,112.15,108.7,59.36M,3.84%,AAPL
4,2015-01-05,112.01,112.67,113.25,110.21,53.70M,0.11%,AAPL
5,2015-01-06,109.25,112.6,112.63,108.8,49.65M,-2.46%,AAPL
6,2015-01-07,110.22,111.43,112.8,108.91,67.09M,0.89%,AAPL
7,2015-01-08,109.8,109.04,110.49,108.5,48.96M,-0.38%,AAPL
8,2015-01-09,106.82,110.0,110.06,106.66,60.01M,-2.71%,AAPL
9,2015-01-10,105.99,107.03,107.58,105.2,78.51M,-0.78%,AAPL
10,2015-01-11,108.72,107.84,108.87,106.5,49.90M,2.58%,AAPL
11,2015-01-12,109.55,108.95,111.06,108.27,48.58M,0.76%,AAPL
12,2015-01-13,112.4,110.26,112.47,109.72,53.80M,2.60%,AAPL
13,2015-01-14,112.98,112.3,113.75,111.53,46.46M,0.52%,AAPL
14,2015-01-15,113.1,113.74,114.36,112.8,55.61M,0.11%,AAPL
15,2015-01-16,109.14,112.42,112.48,109.03,95.57M,-3.50%,AAPL
16,2015-01-17,115.31,117.62,118.12,115.31,146.48M,5.65%,AAPL
17,2015-01-18,118.9,116.32,119.19,115.56,84.44M,3.11%,AAPL
18,2015-01-19,117.16,118.4,120.0,116.85,83.75M,-1.46%,AAPL
19,2015-01-20,118.63,118.05,119.17,116.08,62.74M,1.25%,AAPL
20,2015-01-21,118.65,118.5,119.09,117.61,51.92M,0.02%,AAPL
21,2015-01-22,119.56,118.5,120.51,118.31,70.15M,0.77%,AAPL
22,2015-01-23,119.94,120.02,120.23,119.25,42.25M,0.32%,AAPL
23,2015-01-24,118.93,120.02,120.25,118.45,43.71M,-0.84%,AAPL
24,2015-01-25,119.72,118.55,119.84,118.43,38.89M,0.66%,AAPL
25,2015-01-26,122.02,120.17,122.15,120.16,62.01M,1.92%,AAPL
26,2015-01-27,124.88,122.77,124.92,122.5,73.56M,2.34%,AAPL
27,2015-01-28,126.46,126.06,127.48,125.57,74.47M,1.27%,AAPL
28,2015-01-29,127.08,127.28,127.28,125.65,54.27M,0.49%,AAPL
29,2015-01-30,127.83,127.49,128.88,126.92,63.15M,0.59%,AAPL
30,2015-01-31,128.72,127.62,128.78,127.45,44.89M,0.70%,AAPL
31,2015-02-01,128.45,128.48,129.03,128.33,37.36M,-0.21%,AAPL
32,2015-02-02,129.5,128.62,129.5,128.05,48.95M,0.82%,AAPL
33,2015-02-03,133.0,130.02,133.0,129.66,70.97M,2.70%,AAPL
34,2015-02-04,132.17,132.94,133.6,131.17,69.23M,-0.62%,AAPL
35,2015-02-05,128.79,131.56,131.6,128.15,74.71M,-2.56%,AAPL
36,2015-02-06,130.41,128.78,130.87,126.61,91.29M,1.26%,AAPL
37,2015-02-07,128.46,130.0,130.57,128.24,62.01M,-1.50%,AAPL
38,2015-02-08,129.09,129.25,130.28,128.3,48.10M,0.49%,AAPL
39,2015-02-09,129.36,128.96,129.52,128.09,37.82M,0.21%,AAPL
40,2015-02-10,128.54,129.1,129.56,128.32,31.67M,-0.63%,AAPL
41,2015-02-11,126.41,128.58,128.75,125.76,56.52M,-1.66%,AAPL
42,2015-02-12,126.6,128.4,129.37,126.26,72.84M,0.15%,AAPL
43,2015-02-13,127.14,127.96,129.57,125.06,88.53M,0.43%,AAPL
44,2015-02-14,124.51,126.41,127.22,123.8,68.86M,-2.07%,AAPL
45,2015-02-15,122.24,124.75,124.77,122.11,68.94M,-1.82%,AAPL
46,2015-02-16,124.45,122.31,124.9,121.63,48.36M,1.81%,AAPL
47,2015-02-17,123.59,124.4,125.4,122.58,51.83M,-0.69%,AAPL
48,2015-02-18,124.95,123.88,124.95,122.87,35.87M,1.10%,AAPL
49,2015-02-19,127.04,125.9,127.32,125.65,51.02M,1.67%,AAPL
50,2015-02-20,128.47,127.0,129.16,126.37,65.27M,1.13%,AAPL
51,2015-02-21,127.5,128.75,129.25,127.4,45.81M,-0.76%,AAPL
52,2015-02-22,125.9,128.25,128.4,125.16,68.70M,-1.25%,AAPL
53,2015-02-23,127.21,127.12,127.85,126.52,37.71M,1.04%,AAPL
54,2015-02-24,126.69,127.23,128.04,126.56,32.84M,-0.41%,AAPL
55,2015-02-25,123.38,126.54,126.82,123.38,51.66M,-2.61%,AAPL
56,2015-02-26,124.24,122.76,124.88,122.6,47.57M,0.70%,AAPL
57,2015-02-27,123.25,124.57,124.7,122.91,39.55M,-0.80%,AAPL
58,2015-02-28,126.37,124.05,126.4,124.0,47.10M,2.53%,AAPL
59,2015-03-01,124.43,126.09,126.49,124.36,42.09M,-1.54%,AAPL
60,2015-03-02,124.25,124.82,125.12,123.1,40.62M,-0.14%,AAPL
61,2015-03-03,125.32,125.03,125.56,124.19,32.22M,0.86%,AAPL
62,2015-03-04,127.35,124.47,127.51,124.33,37.19M,1.62%,AAPL
63,2015-03-05,126.01,127.64,128.12,125.98,35.01M,-1.05%,AAPL
64,2015-03-06,125.6,125.85,126.4,124.97,37.33M,-0.33%,AAPL
65,2015-03-07,126.56,125.85,126.58,124.66,32.48M,0.76%,AAPL
66,2015-03-08,127.1,125.95,127.21,125.26,40.19M,0.43%,AAPL
67,2015-03-09,126.85,128.37,128.57,126.61,36.37M,-0.20%,AAPL
68,2015-03-10,126.3,127.0,127.29,125.91,25.52M,-0.43%,AAPL
69,2015-03-11,126.78,126.41,127.13,126.01,28.97M,0.38%,AAPL
70,2015-03-12,126.17,126.28,127.1,126.11,28.37M,-0.48%,AAPL
71,2015-03-13,124.75,125.55,126.14,124.46,51.96M,-1.13%,AAPL
72,2015-03-14,127.6,125.57,128.12,125.17,47.05M,2.28%,AAPL
73,2015-03-15,126.91,128.1,128.2,126.67,32.44M,-0.54%,AAPL
74,2015-03-16,128.62,126.99,128.87,126.32,37.65M,1.35%,AAPL
75,2015-03-17,129.67,128.3,130.42,128.14,45.77M,0.82%,AAPL
76,2015-03-18,130.28,130.49,130.63,129.23,44.53M,0.47%,AAPL
77,2015-03-19,132.65,132.31,133.13,131.15,96.95M,1.82%,AAPL
78,2015-03-20,130.56,134.46,134.54,129.57,118.92M,-1.58%,AAPL
79,2015-03-21,128.64,130.16,131.59,128.3,63.39M,-1.47%,AAPL
80,2015-03-22,125.15,127.5,127.88,124.58,83.20M,-2.71%,AAPL
81,2015-03-23,128.95,126.1,130.13,125.3,58.51M,3.04%,AAPL
82,2015-03-24,128.7,129.5,130.57,128.26,50.99M,-0.19%,AAPL
83,2015-03-25,125.8,128.15,128.45,125.78,49.27M,-2.25%,AAPL
84,2015-03-26,125.01,126.56,126.75,123.36,72.14M,-0.63%,AAPL
85,2015-03-27,125.26,124.77,126.08,124.02,43.94M,0.20%,AAPL
86,2015-03-28,127.62,126.68,127.62,126.11,55.55M,1.88%,AAPL
87,2015-03-29,126.32,127.39,127.56,125.62,42.04M,-1.02%,AAPL
88,2015-03-30,125.86,125.6,126.88,124.82,48.16M,-0.36%,AAPL
89,2015-03-31,126.01,126.15,127.19,125.87,34.69M,0.12%,AAPL
90,2015-04-01,128.95,127.41,128.95,127.16,45.20M,2.33%,AAPL
91,2015-04-02,128.77,129.07,129.49,128.21,38.21M,-0.14%,AAPL
92,2015-04-03,130.19,128.38,130.72,128.36,50.88M,1.10%,AAPL
93,2015-04-04,130.07,130.69,130.88,129.64,44.63M,-0.09%,AAPL
94,2015-04-05,130.06,130.0,130.98,129.34,36.45M,-0.01%,AAPL
95,2015-04-06,131.39,130.07,131.63,129.83,39.73M,1.02%,AAPL
96,2015-04-07,132.54,131.6,132.97,131.4,45.60M,0.88%,AAPL
97,2015-04-08,129.62,132.6,132.91,129.12,70.70M,-2.20%,AAPL
98,2015-04-09,132.04,130.34,132.26,130.05,45.83M,1.87%,AAPL
99,2015-04-10,131.78,131.86,131.95,131.1,30.73M,-0.20%,AAPL
100,2015-04-11,130.28,131.23,131.45,129.9,50.88M,-1.14%,AAPL
101,2015-04-12,130.53,131.2,131.39,130.05,32.11M,0.19%,AAPL
102,2015-04-13,129.96,129.86,130.66,129.32,33.67M,-0.44%,AAPL
103,2015-04-14,130.12,130.66,130.94,129.9,30.98M,0.12%,AAPL
104,2015-04-15,129.36,129.58,130.58,128.91,38.45M,-0.58%,AAPL
105,2015-04-16,128.65,129.5,129.69,128.36,35.63M,-0.55%,AAPL
106,2015-04-17,127.8,128.9,129.21,126.83,52.67M,-0.66%,AAPL
107,2015-04-18,127.42,126.7,128.08,125.62,56.08M,-0.30%,AAPL
108,2015-04-19,128.88,127.92,129.34,127.85,39.09M,1.15%,AAPL
109,2015-04-20,128.59,129.18,130.18,128.47,35.39M,-0.23%,AAPL
110,2015-04-21,127.17,128.19,128.33,127.11,36.89M,-1.10%,AAPL
111,2015-04-22,126.92,126.1,127.24,125.71,43.99M,-0.20%,AAPL
112,2015-04-23,127.6,127.03,127.85,126.37,31.49M,0.54%,AAPL
113,2015-04-24,127.3,127.72,127.88,126.74,32.92M,-0.24%,AAPL
114,2015-04-25,127.88,127.23,128.31,127.22,35.41M,0.46%,AAPL
115,2015-04-26,126.6,127.71,127.82,126.4,54.72M,-1.00%,AAPL
116,2015-04-27,127.61,127.49,128.06,127.08,34.04M,0.80%,AAPL
117,2015-04-28,127.03,127.48,127.61,126.88,30.27M,-0.45%,AAPL
118,2015-04-29,128.11,127.21,129.8,127.12,55.28M,0.85%,AAPL
119,2015-04-30,127.5,128.86,129.2,127.5,31.94M,-0.48%,AAPL
120,2015-05-01,126.75,127.67,127.99,126.51,44.07M,-0.59%,AAPL
121,2015-05-02,124.53,125.46,126.47,124.48,49.16M,-1.75%,AAPL
122,2015-05-03,125.42,125.57,126.12,124.86,44.37M,0.71%,AAPL
123,2015-05-04,126.6,126.9,126.94,125.99,30.24M,0.94%,AAPL
124,2015-05-05,126.44,126.43,126.69,125.77,27.21M,-0.13%,AAPL
125,2015-05-06,126.0,124.94,126.23,124.85,28.06M,-0.35%,AAPL
126,2015-05-07,125.69,125.89,126.15,123.77,46.95M,-0.25%,AAPL
127,2015-05-08,122.57,124.48,124.64,122.54,60.76M,-2.48%,AAPL
128,2015-05-09,120.07,123.85,124.06,119.22,78.60M,-2.04%,AAPL
129,2015-05-10,123.28,121.94,123.85,121.21,61.35M,2.67%,AAPL
130,2015-05-11,125.66,125.03,125.75,124.32,41.44M,1.93%,AAPL
131,2015-05-12,125.61,126.04,126.37,125.04,31.77M,-0.04%,AAPL
132,2015-05-13,126.82,125.72,127.15,125.58,33.65M,0.96%,AAPL
133,2015-05-14,128.51,127.74,128.57,127.35,36.22M,1.33%,AAPL
134,2015-05-15,129.62,129.08,129.62,128.31,46.16M,0.86%,AAPL
135,2015-05-16,132.07,130.97,132.97,130.7,58.90M,1.89%,AAPL
136,2015-05-17,130.75,132.85,132.92,130.32,76.76M,-1.00%,AAPL
137,2015-05-18,125.22,121.99,125.5,121.99,115.45M,-4.23%,AAPL
138,2015-05-19,125.16,126.2,127.09,125.06,51.00M,-0.05%,AAPL
139,2015-05-20,124.5,125.32,125.74,123.9,42.16M,-0.53%,AAPL
140,2015-05-21,122.77,123.09,123.61,122.12,44.46M,-1.39%,AAPL
141,2015-05-22,123.38,123.38,123.91,122.55,33.62M,0.50%,AAPL
142,2015-05-23,122.99,123.15,123.5,122.27,37.01M,-0.32%,AAPL
143,2015-05-24,122.37,122.32,122.57,121.71,33.63M,-0.50%,AAPL
144,2015-05-25,121.3,122.6,122.64,120.91,42.88M,-0.87%,AAPL
145,2015-05-26,118.44,121.5,122.57,117.52,69.98M,-2.36%,AAPL
146,2015-05-27,114.64,117.42,117.7,113.25,124.14M,-3.21%,AAPL
147,2015-05-28,115.4,112.95,117.44,112.1,99.31M,0.66%,AAPL
148,2015-05-29,115.13,115.97,116.5,114.11,52.90M,-0.23%,AAPL
149,2015-05-30,115.52,114.58,116.25,114.5,38.67M,0.34%,AAPL
150,2015-05-31,119.72,116.53,119.99,116.53,54.95M,3.64%,AAPL
151,2015-06-01,113.49,117.81,118.18,113.33,97.08M,-5.20%,AAPL
152,2015-06-02,115.24,112.53,115.42,109.63,101.69M,1.54%,AAPL
153,2015-06-03,115.15,116.04,116.4,114.54,48.54M,-0.08%,AAPL
154,2015-06-04,115.96,114.32,116.31,114.01,42.93M,0.70%,AAPL
155,2015-06-05,117.16,116.04,117.65,115.5,40.88M,1.03%,AAPL
156,2015-06-06,116.5,116.43,117.44,116.01,34.56M,-0.56%,AAPL
157,2015-06-07,115.01,116.1,116.52,114.68,48.29M,-1.28%,AAPL
158,2015-06-08,112.65,114.08,114.35,111.63,68.50M,-2.05%,AAPL
159,2015-06-09,105.76,110.43,111.9,105.64,128.28M,-6.12%,AAPL
160,2015-06-10,103.12,94.87,108.8,92.0,162.21M,-2.50%,AAPL
161,2015-06-11,103.74,111.11,111.11,103.5,103.60M,0.60%,AAPL
162,2015-06-12,109.69,107.08,109.89,105.05,96.77M,5.74%,AAPL
163,2015-06-13,112.92,112.23,113.24,110.02,84.62M,2.94%,AAPL
164,2015-06-14,113.29,112.17,113.31,111.54,53.16M,0.33%,AAPL
165,2015-06-15,112.76,112.03,114.53,112.0,56.23M,-0.47%,AAPL
166,2015-06-16,107.72,110.15,111.88,107.36,76.85M,-4.47%,AAPL
167,2015-06-17,112.34,110.23,112.34,109.13,61.89M,4.29%,AAPL
168,2015-06-18,110.37,112.49,112.78,110.04,53.23M,-1.75%,AAPL
169,2015-06-19,109.27,108.97,110.45,108.51,50.00M,-1.00%,AAPL
170,2015-06-20,112.31,111.65,112.56,110.32,54.84M,2.78%,AAPL
171,2015-06-21,110.15,113.76,114.02,109.77,85.01M,-1.92%,AAPL
172,2015-06-22,112.57,110.27,113.28,109.9,62.89M,2.20%,AAPL
173,2015-06-23,114.21,111.79,114.21,111.76,49.92M,1.46%,AAPL
174,2015-06-24,115.31,116.58,116.89,114.86,58.36M,0.96%,AAPL
175,2015-06-25,116.28,115.93,116.53,114.42,43.34M,0.84%,AAPL
176,2015-06-26,116.41,116.25,116.54,115.44,37.17M,0.11%,AAPL
177,2015-06-27,113.92,115.66,116.49,113.72,64.11M,-2.14%,AAPL
178,2015-06-28,113.45,112.21,114.3,111.87,74.29M,-0.41%,AAPL
179,2015-06-29,115.21,113.67,115.37,113.66,50.22M,1.55%,AAPL
180,2015-06-30,113.4,113.38,114.18,112.52,50.35M,-1.57%,AAPL
181,2015-07-01,114.32,113.63,114.72,113.3,35.76M,0.81%,AAPL
182,2015-07-02,115.0,113.25,115.5,112.37,50.22M,0.59%,AAPL
183,2015-07-03,114.71,116.44,116.69,114.02,56.15M,-0.25%,AAPL
184,2015-07-04,112.44,113.85,114.57,112.44,52.11M,-1.98%,AAPL
185,2015-07-05,109.06,112.83,113.51,107.86,73.37M,-3.01%,AAPL
186,2015-07-06,110.3,110.17,111.54,108.73,66.47M,1.14%,AAPL
187,2015-07-07,109.58,109.07,109.62,107.31,63.93M,-0.65%,AAPL
188,2015-07-08,110.38,108.01,111.01,107.55,58.02M,0.73%,AAPL
189,2015-07-09,110.78,109.88,111.37,109.07,52.06M,0.36%,AAPL
190,2015-07-10,111.31,110.63,111.74,109.77,48.86M,0.48%,AAPL
191,2015-07-11,110.78,111.74,111.77,109.41,46.77M,-0.48%,AAPL
192,2015-07-12,109.5,110.19,110.19,108.21,61.98M,-1.16%,AAPL
193,2015-07-13,112.12,110.0,112.28,109.49,52.77M,2.39%,AAPL
194,2015-07-14,111.6,112.73,112.75,111.44,30.47M,-0.46%,AAPL
195,2015-07-15,111.79,110.82,112.45,110.68,33.05M,0.17%,AAPL
196,2015-07-16,110.21,111.29,111.52,109.56,44.46M,-1.41%,AAPL
197,2015-07-17,111.86,110.93,112.1,110.49,37.67M,1.50%,AAPL
198,2015-07-18,111.04,111.78,112.0,110.53,39.23M,-0.73%,AAPL
199,2015-07-19,111.73,110.8,111.75,110.11,29.76M,0.62%,AAPL
200,2015-07-20,113.77,111.34,114.17,110.82,48.97M,1.83%,AAPL
201,2015-07-21,113.76,114.0,115.58,113.7,42.33M,-0.01%,AAPL
202,2015-07-22,115.5,114.33,115.5,114.1,41.65M,1.53%,AAPL
203,2015-07-23,119.08,116.7,119.23,116.33,59.37M,3.10%,AAPL
204,2015-07-24,115.28,118.08,118.13,114.92,66.33M,-3.19%,AAPL
205,2015-07-25,114.55,115.4,116.54,113.99,69.88M,-0.63%,AAPL
206,2015-07-26,119.27,116.93,119.3,116.06,85.55M,4.12%,AAPL
207,2015-07-27,120.53,118.7,120.69,118.27,51.23M,1.06%,AAPL
208,2015-07-28,119.5,120.99,121.22,119.45,49.37M,-0.85%,AAPL
209,2015-07-29,121.18,119.87,121.36,119.61,32.20M,1.41%,AAPL
210,2015-07-30,122.57,120.79,123.49,120.7,45.52M,1.15%,AAPL
211,2015-07-31,122.0,123.13,123.82,121.62,44.89M,-0.47%,AAPL
212,2015-08-01,120.92,121.85,122.69,120.18,39.55M,-0.89%,AAPL
213,2015-08-02,121.06,121.11,121.81,120.62,33.04M,0.12%,AAPL
214,2015-08-03,120.57,120.96,121.81,120.05,33.87M,-0.40%,AAPL
215,2015-08-04,116.77,116.9,118.07,116.06,59.13M,-3.15%,AAPL
216,2015-08-05,116.11,116.37,117.42,115.21,45.22M,-0.57%,AAPL
217,2015-08-06,115.72,116.26,116.82,115.65,32.53M,-0.34%,AAPL
218,2015-08-07,112.34,115.2,115.57,112.27,45.81M,-2.92%,AAPL
219,2015-08-08,114.17,111.38,114.24,111.0,38.11M,1.63%,AAPL
220,2015-08-09,113.69,114.92,115.05,113.32,27.62M,-0.42%,AAPL
221,2015-08-10,117.29,115.76,117.49,115.5,46.67M,3.17%,AAPL
222,2015-08-11,118.78,117.64,119.75,116.76,43.30M,1.27%,AAPL
223,2015-08-12,119.3,119.2,119.92,118.85,34.29M,0.44%,AAPL
224,2015-08-13,117.75,119.27,119.73,117.34,32.48M,-1.30%,AAPL
225,2015-08-14,118.88,117.33,119.35,117.12,42.80M,0.96%,AAPL
226,2015-08-15,118.03,119.21,119.23,117.92,21.39M,-0.72%,AAPL
227,2015-08-16,117.81,118.29,118.41,117.6,13.05M,-0.19%,AAPL
228,2015-08-17,118.3,117.99,119.41,117.75,39.18M,0.42%,AAPL
229,2015-08-18,117.34,118.75,118.81,116.86,34.85M,-0.81%,AAPL
230,2015-08-19,116.28,117.05,118.11,116.08,33.39M,-0.90%,AAPL
231,2015-08-20,115.2,116.55,116.79,114.22,41.57M,-0.93%,AAPL
232,2015-08-21,119.03,115.29,119.25,115.11,57.78M,3.32%,AAPL
233,2015-08-22,118.28,118.98,119.86,117.81,32.08M,-0.63%,AAPL
234,2015-08-23,118.23,117.52,118.6,116.86,34.31M,-0.04%,AAPL
235,2015-08-24,115.62,117.64,117.69,115.08,46.36M,-2.21%,AAPL
236,2015-08-25,116.17,116.04,116.94,115.51,29.21M,0.48%,AAPL
237,2015-08-26,113.18,115.19,115.39,112.85,46.89M,-2.57%,AAPL
238,2015-08-27,112.48,112.18,112.68,109.79,65.00M,-0.62%,AAPL
239,2015-08-28,110.49,111.94,112.8,110.35,53.32M,-1.77%,AAPL
240,2015-08-29,111.34,111.07,111.99,108.8,56.24M,0.77%,AAPL
241,2015-08-30,108.98,112.02,112.25,108.98,44.77M,-2.12%,AAPL
242,2015-08-31,106.03,108.91,109.52,105.81,96.45M,-2.71%,AAPL
243,2015-09-01,107.33,107.28,107.37,105.57,47.59M,1.23%,AAPL
244,2015-09-02,107.23,107.4,107.72,106.45,32.79M,-0.09%,AAPL
245,2015-09-03,108.61,107.27,108.85,107.2,32.66M,1.29%,AAPL
246,2015-09-04,108.03,109.0,109.0,107.95,13.60M,-0.53%,AAPL
247,2015-09-05,106.82,107.59,107.69,106.18,26.70M,-1.12%,AAPL
248,2015-09-06,108.74,106.96,109.43,106.86,30.93M,1.80%,AAPL
249,2015-09-07,107.32,108.58,108.7,107.18,25.21M,-1.31%,AAPL
250,2015-09-08,105.26,107.01,107.03,104.82,40.91M,-1.92%,AAPL
251,2015-09-09,105.35,102.61,105.37,102.0,67.65M,0.09%,AAPL
252,2015-09-10,102.71,105.75,105.85,102.41,55.79M,-2.51%,AAPL
253,2015-09-11,100.7,100.56,102.37,99.87,68.46M,-1.96%,AAPL
254,2015-09-12,96.45,98.68,100.13,96.43,81.09M,-4.22%,AAPL
255,2015-09-13,96.96,98.55,99.11,96.76,70.80M,0.53%,AAPL
256,2015-09-14,98.53,98.97,99.06,97.34,49.74M,1.62%,AAPL
257,2015-09-15,99.96,100.55,100.69,98.84,49.15M,1.45%,AAPL
258,2015-09-16,97.39,100.32,101.19,97.3,62.44M,-2.57%,AAPL
259,2015-09-17,99.52,97.96,100.48,95.74,63.17M,2.19%,AAPL
260,2015-09-18,97.13,96.2,97.71,95.36,79.83M,-2.40%,AAPL
261,2015-09-19,96.66,98.41,98.65,95.5,53.09M,-0.48%,AAPL
262,2015-09-20,96.79,95.1,98.19,93.42,72.33M,0.13%,AAPL
263,2015-09-21,96.3,97.06,97.88,94.94,52.16M,-0.51%,AAPL
264,2015-09-22,101.42,98.63,101.46,98.37,65.80M,5.32%,AAPL
265,2015-09-23,99.44,101.52,101.53,99.21,51.79M,-1.95%,AAPL
266,2015-09-24,99.99,99.93,100.88,98.07,75.08M,0.55%,AAPL
267,2015-09-25,93.42,96.04,96.63,93.34,133.37M,-6.57%,AAPL
268,2015-09-26,94.09,93.79,94.52,92.39,55.68M,0.72%,AAPL
269,2015-09-27,97.34,94.79,97.34,94.35,64.42M,3.45%,AAPL
270,2015-09-28,96.43,96.47,96.71,95.4,40.94M,-0.93%,AAPL
271,2015-09-29,94.48,95.42,96.04,94.28,37.36M,-2.02%,AAPL
272,2015-09-30,96.35,95.0,96.84,94.08,45.96M,1.98%,AAPL
273,2015-10-01,96.6,95.86,97.33,95.19,46.47M,0.26%,AAPL
274,2015-10-02,94.02,96.52,96.92,93.69,46.42M,-2.67%,AAPL
275,2015-10-03,95.01,93.13,95.7,93.04,54.02M,1.05%,AAPL
276,2015-10-04,94.99,94.29,95.94,93.93,44.33M,-0.02%,AAPL
277,2015-10-05,94.27,95.92,96.35,94.1,42.34M,-0.76%,AAPL
278,2015-10-06,93.7,93.79,94.72,92.59,50.07M,-0.60%,AAPL
279,2015-10-07,93.99,94.19,94.5,93.01,40.35M,0.31%,AAPL
280,2015-10-08,96.64,95.02,96.85,94.61,49.06M,2.82%,AAPL
281,2015-10-09,98.12,96.67,98.21,96.15,44.86M,1.53%,AAPL
282,2015-10-10,96.26,98.84,98.89,96.09,39.02M,-1.90%,AAPL
283,2015-10-11,96.04,96.0,96.76,95.8,35.37M,-0.23%,AAPL
284,2015-10-12,96.88,96.31,96.9,95.92,34.28M,0.87%,AAPL
285,2015-10-13,94.69,96.4,96.5,94.55,31.94M,-2.26%,AAPL
286,2015-10-14,96.1,93.98,96.38,93.32,36.26M,1.49%,AAPL
287,2015-10-15,96.76,96.05,96.76,95.25,27.58M,0.69%,AAPL
288,2015-10-16,96.91,97.2,98.02,96.58,28.99M,0.16%,AAPL
289,2015-10-17,96.95,96.95,96.95,96.95,-,0.04%,AAPL
290,2015-10-18,96.69,96.86,98.23,96.65,35.22M,-0.27%,AAPL
291,2015-10-19,100.53,97.65,100.77,97.42,50.41M,3.97%,AAPL
292,2015-10-20,100.75,100.51,100.89,99.64,33.17M,0.22%,AAPL
293,2015-10-21,101.5,100.58,101.71,100.45,36.96M,0.74%,AAPL
294,2015-10-22,103.01,102.37,103.75,101.37,46.06M,1.49%,AAPL
295,2015-10-23,101.87,102.39,102.83,100.96,35.92M,-1.11%,AAPL
296,2015-10-24,101.03,100.78,101.76,100.4,31.56M,-0.82%,AAPL
297,2015-10-25,101.12,101.31,101.58,100.27,27.20M,0.09%,AAPL
298,2015-10-26,101.17,101.41,102.24,100.15,33.51M,0.05%,AAPL
299,2015-10-27,102.26,102.24,102.28,101.5,27.41M,1.08%,AAPL
300,2015-10-28,102.52,101.91,102.91,101.78,25.08M,0.25%,AAPL
301,2015-10-29,104.58,103.96,105.18,103.85,40.07M,2.01%,AAPL
302,2015-10-30,105.97,104.61,106.31,104.59,38.30M,1.33%,AAPL
303,2015-10-31,105.8,105.52,106.47,104.96,34.42M,-0.16%,AAPL
304,2015-11-01,105.92,106.34,106.5,105.19,44.21M,0.11%,AAPL
305,2015-11-02,105.91,105.93,107.65,105.14,35.50M,-0.01%,AAPL
306,2015-11-03,106.72,105.25,107.29,105.21,32.44M,0.76%,AAPL
307,2015-11-04,106.13,106.48,107.07,105.9,25.70M,-0.55%,AAPL
308,2015-11-05,105.67,105.47,106.25,104.89,26.13M,-0.43%,AAPL
309,2015-11-06,105.19,106.0,106.19,105.06,19.41M,-0.45%,AAPL
310,2015-11-07,107.68,104.89,107.79,104.88,31.19M,2.37%,AAPL
311,2015-11-08,109.56,108.65,110.42,108.6,45.60M,1.75%,AAPL
312,2015-11-09,108.99,109.72,109.9,108.88,25.89M,-0.52%,AAPL
313,2015-11-10,109.99,108.78,110.0,108.2,25.87M,0.92%,AAPL
314,2015-11-11,111.12,110.42,112.19,110.27,37.36M,1.03%,AAPL
315,2015-11-12,109.81,109.51,110.73,109.42,26.58M,-1.18%,AAPL
316,2015-11-13,110.96,110.23,110.98,109.2,26.40M,1.05%,AAPL
317,2015-11-14,108.54,109.95,110.42,108.12,31.80M,-2.18%,AAPL
318,2015-11-15,108.66,108.91,109.77,108.17,23.58M,0.11%,AAPL
319,2015-11-16,109.02,108.97,110.61,108.83,29.41M,0.33%,AAPL
320,2015-11-17,110.44,109.34,110.5,108.66,27.23M,1.30%,AAPL
321,2015-11-18,112.04,110.8,112.34,110.8,33.26M,1.45%,AAPL
322,2015-11-19,112.1,111.62,112.39,111.33,25.47M,0.05%,AAPL
323,2015-11-20,109.85,112.11,112.3,109.73,46.94M,-2.01%,AAPL
324,2015-11-21,107.48,108.89,108.95,106.94,60.82M,-2.16%,AAPL
325,2015-11-22,106.91,107.88,108.0,106.23,32.38M,-0.53%,AAPL
326,2015-11-23,107.13,106.64,108.09,106.06,30.61M,0.21%,AAPL
327,2015-11-24,105.97,106.93,106.93,105.52,31.55M,-1.08%,AAPL
328,2015-11-25,105.68,105.01,106.48,104.62,33.68M,-0.27%,AAPL
329,2015-11-26,105.08,105.0,105.65,104.51,28.03M,-0.57%,AAPL
330,2015-11-27,104.35,103.91,105.3,103.91,56.02M,-0.69%,AAPL
331,2015-11-28,97.82,96.0,98.71,95.68,114.60M,-6.26%,AAPL
332,2015-11-29,94.83,97.61,97.88,94.25,82.24M,-3.06%,AAPL
333,2015-11-30,93.74,93.99,94.72,92.51,68.53M,-1.15%,AAPL
334,2015-12-01,93.64,93.97,94.08,92.4,48.16M,-0.11%,AAPL
335,2015-12-02,95.18,94.2,95.74,93.68,56.83M,1.64%,AAPL
336,2015-12-03,94.19,95.2,95.9,93.82,41.03M,-1.04%,AAPL
337,2015-12-04,93.24,94.0,94.07,92.68,35.89M,-1.01%,AAPL
338,2015-12-05,92.72,93.37,93.45,91.85,43.70M,-0.56%,AAPL
339,2015-12-06,92.79,93.0,93.77,92.59,32.94M,0.08%,AAPL
340,2015-12-07,93.42,93.33,93.57,92.11,33.69M,0.68%,AAPL
341,2015-12-08,92.51,93.48,93.57,92.46,28.72M,-0.97%,AAPL
342,2015-12-09,90.34,92.72,92.78,89.47,76.31M,-2.35%,AAPL
343,2015-12-10,90.52,90.0,91.67,90.0,44.39M,0.20%,AAPL
344,2015-12-11,93.88,92.39,94.39,91.65,61.26M,3.71%,AAPL
345,2015-12-12,93.49,94.55,94.7,93.01,46.92M,-0.42%,AAPL
346,2015-12-13,94.56,94.16,95.21,93.89,42.06M,1.14%,AAPL
347,2015-12-14,94.2,94.64,94.64,93.57,30.44M,-0.38%,AAPL
348,2015-12-15,95.22,94.64,95.43,94.52,32.03M,1.08%,AAPL
349,2015-12-16,96.43,95.87,97.19,95.67,38.02M,1.27%,AAPL
350,2015-12-17,97.9,97.22,98.09,96.84,35.14M,1.52%,AAPL
351,2015-12-18,99.62,98.67,99.74,98.11,38.64M,1.76%,AAPL
352,2015-12-19,100.41,99.68,100.73,98.64,56.33M,0.79%,AAPL
353,2015-12-20,100.35,99.44,100.47,99.25,36.34M,-0.06%,AAPL
354,2015-12-21,99.86,99.6,100.4,98.82,42.31M,-0.49%,AAPL
355,2015-12-22,98.46,99.02,99.54,98.33,29.17M,-1.40%,AAPL
356,2015-12-23,97.72,97.6,97.84,96.63,40.19M,-0.75%,AAPL
357,2015-12-24,97.92,97.79,98.27,97.45,28.50M,0.20%,AAPL
358,2015-12-25,98.63,97.99,101.89,97.55,23.29M,0.73%,AAPL
359,2015-12-26,99.03,99.25,99.87,98.96,22.41M,0.41%,AAPL
360,2015-12-27,98.94,99.02,99.56,98.68,20.85M,-0.09%,AAPL
361,2015-12-28,99.65,98.5,99.99,98.46,26.60M,0.72%,AAPL
362,2015-12-29,98.83,98.53,99.35,98.48,31.71M,-0.82%,AAPL
363,2015-12-30,97.34,98.69,99.12,97.1,38.02M,-1.51%,AAPL
364,2015-12-31,97.46,97.32,98.47,96.75,31.93M,0.12%,AAPL
365,2016-01-01,97.14,97.82,98.41,97.03,29.45M,-0.33%,AAPL
366,2016-01-02,97.55,96.45,97.75,96.07,31.33M,0.42%,AAPL
367,2016-01-03,95.33,96.62,96.65,95.3,61.01M,-2.28%,AAPL
368,2016-01-04,95.1,96.0,96.57,95.03,34.41M,-0.24%,AAPL
369,2016-01-05,95.91,94.94,96.35,94.68,35.55M,0.85%,AAPL
370,2016-01-06,95.55,96.25,96.89,95.35,29.22M,-0.38%,AAPL
371,2016-01-07,96.1,95.94,96.29,95.25,32.24M,0.58%,AAPL
372,2016-01-08,93.4,92.91,94.66,92.65,75.31M,-2.81%,AAPL
373,2016-01-09,92.04,93.0,93.05,91.5,46.62M,-1.46%,AAPL
374,2016-01-10,93.59,92.9,93.66,92.14,40.44M,1.68%,AAPL
375,2016-01-11,94.4,93.97,94.55,93.63,36.53M,0.87%,AAPL
376,2016-01-12,95.6,94.44,95.77,94.3,35.84M,1.27%,AAPL
377,2016-01-13,95.89,95.49,96.47,95.33,26.03M,0.30%,AAPL
378,2016-01-14,94.99,95.39,95.4,94.46,27.71M,-0.94%,AAPL
379,2016-01-15,95.53,94.6,95.66,94.37,30.95M,0.57%,AAPL
380,2016-01-16,95.94,95.7,96.5,95.62,25.14M,0.43%,AAPL
381,2016-01-17,96.68,96.49,96.89,96.05,28.91M,0.77%,AAPL
382,2016-01-18,96.98,96.75,97.65,96.73,23.79M,0.31%,AAPL
383,2016-01-19,97.42,97.17,97.7,97.12,24.17M,0.45%,AAPL
384,2016-01-20,96.87,97.41,97.67,96.84,25.89M,-0.56%,AAPL
385,2016-01-21,98.79,97.39,98.99,97.32,38.92M,1.98%,AAPL
386,2016-01-22,98.78,98.92,99.3,98.5,30.14M,-0.01%,AAPL
387,2016-01-23,99.83,98.7,100.13,98.6,36.49M,1.06%,AAPL
388,2016-01-24,99.87,99.56,100.0,99.34,23.78M,0.04%,AAPL
389,2016-01-25,99.96,100.0,100.46,99.73,26.28M,0.09%,AAPL
390,2016-01-26,99.43,99.83,101.0,99.13,32.70M,-0.53%,AAPL
391,2016-01-27,98.66,99.26,99.3,98.31,28.31M,-0.77%,AAPL
392,2016-01-28,97.34,98.25,98.84,96.92,40.38M,-1.34%,AAPL
393,2016-01-29,96.67,96.82,97.97,96.42,56.24M,-0.69%,AAPL
394,2016-01-30,102.95,104.27,104.35,102.75,92.34M,6.50%,AAPL
395,2016-01-31,104.34,102.83,104.45,102.82,39.87M,1.35%,AAPL
396,2016-02-01,104.21,104.19,104.55,103.68,27.73M,-0.12%,AAPL
397,2016-02-02,106.05,104.41,106.15,104.41,38.17M,1.77%,AAPL
398,2016-02-03,104.48,106.05,106.07,104.0,33.82M,-1.48%,AAPL
399,2016-02-04,105.79,104.81,105.84,104.77,30.20M,1.25%,AAPL
400,2016-02-05,105.87,105.58,106.0,105.28,27.41M,0.08%,AAPL
401,2016-02-06,107.48,106.27,107.65,106.18,40.55M,1.52%,AAPL
402,2016-02-07,108.37,107.52,108.37,107.16,28.04M,0.83%,AAPL
403,2016-02-08,108.81,108.23,108.94,108.01,26.32M,0.41%,AAPL
404,2016-02-09,108.0,108.71,108.9,107.76,24.01M,-0.74%,AAPL
405,2016-02-10,107.93,108.52,108.93,107.85,27.48M,-0.06%,AAPL
406,2016-02-11,108.18,107.78,108.44,107.78,18.66M,0.23%,AAPL
407,2016-02-12,109.48,108.14,109.54,108.08,25.87M,1.20%,AAPL
408,2016-02-13,109.38,109.63,110.23,109.21,33.79M,-0.09%,AAPL
409,2016-02-14,109.22,109.1,109.37,108.34,25.36M,-0.15%,AAPL
410,2016-02-15,109.08,109.23,109.6,109.02,21.98M,-0.13%,AAPL
411,2016-02-16,109.36,108.77,109.69,108.36,25.37M,0.26%,AAPL
412,2016-02-17,108.51,108.86,109.1,107.85,25.82M,-0.78%,AAPL
413,2016-02-18,108.85,108.59,109.32,108.53,21.26M,0.31%,AAPL
414,2016-02-19,108.03,108.56,108.75,107.68,23.68M,-0.75%,AAPL
415,2016-02-20,107.57,107.39,107.88,106.68,25.09M,-0.43%,AAPL
416,2016-02-21,106.94,107.41,107.95,106.31,27.77M,-0.59%,AAPL
417,2016-02-22,106.82,106.62,107.44,106.29,24.97M,-0.11%,AAPL
418,2016-02-23,106.0,105.8,106.5,105.5,24.86M,-0.77%,AAPL
419,2016-02-24,106.1,105.66,106.57,105.64,29.66M,0.09%,AAPL
420,2016-02-25,106.73,106.14,106.8,105.62,26.70M,0.59%,AAPL
421,2016-02-26,107.73,107.7,108.0,106.82,26.80M,0.94%,AAPL
422,2016-02-27,107.7,107.9,108.3,107.51,26.88M,-0.03%,AAPL
423,2016-02-28,108.36,107.83,108.76,107.07,42.36M,0.61%,AAPL
424,2016-02-29,105.52,107.25,107.27,105.24,53.00M,-2.62%,AAPL
425,2016-03-01,103.13,104.64,105.72,103.13,46.56M,-2.26%,AAPL
426,2016-03-02,105.44,102.65,105.72,102.53,45.29M,2.24%,AAPL
427,2016-03-03,107.95,107.51,108.79,107.24,62.18M,2.38%,AAPL
428,2016-03-04,111.77,108.73,113.03,108.6,112.34M,3.54%,AAPL
429,2016-03-05,115.57,113.86,115.73,113.49,90.61M,3.40%,AAPL
430,2016-03-06,114.92,115.12,116.13,114.04,79.89M,-0.56%,AAPL
431,2016-03-07,113.58,115.19,116.18,113.25,47.02M,-1.17%,AAPL
432,2016-03-08,113.57,113.05,114.12,112.51,34.51M,-0.01%,AAPL
433,2016-03-09,113.55,113.85,113.99,112.44,36.00M,-0.02%,AAPL
434,2016-03-10,114.62,114.35,114.94,114.0,31.07M,0.94%,AAPL
435,2016-03-11,112.71,114.42,114.79,111.55,52.48M,-1.67%,AAPL
436,2016-03-12,112.88,111.64,113.39,111.55,29.87M,0.15%,AAPL
437,2016-03-13,113.09,113.0,113.18,112.34,24.61M,0.19%,AAPL
438,2016-03-14,113.95,113.69,114.64,113.43,29.64M,0.76%,AAPL
439,2016-03-15,112.18,113.16,113.8,111.8,35.89M,-1.55%,AAPL
440,2016-03-16,113.05,112.46,113.37,111.8,36.38M,0.78%,AAPL
441,2016-03-17,112.52,112.71,113.05,112.28,21.70M,-0.47%,AAPL
442,2016-03-18,113.0,113.06,114.31,112.63,29.74M,0.43%,AAPL
443,2016-03-19,113.05,113.4,113.66,112.69,21.45M,0.04%,AAPL
444,2016-03-20,113.89,113.7,114.34,113.13,28.78M,0.74%,AAPL
445,2016-03-21,114.06,114.31,114.56,113.51,24.36M,0.15%,AAPL
446,2016-03-22,116.05,115.02,116.75,114.72,36.24M,1.74%,AAPL
447,2016-03-23,116.3,117.7,118.69,116.2,64.04M,0.22%,AAPL
448,2016-03-24,117.34,117.35,117.98,116.75,37.59M,0.89%,AAPL
449,2016-03-25,116.98,116.79,117.44,115.72,35.19M,-0.31%,AAPL
450,2016-03-26,117.63,117.88,118.17,117.13,35.65M,0.56%,AAPL
451,2016-03-27,117.55,117.33,117.84,116.78,23.62M,-0.07%,AAPL
452,2016-03-28,117.47,118.18,118.21,117.45,24.55M,-0.07%,AAPL
453,2016-03-29,117.12,117.25,117.76,113.8,20.03M,-0.30%,AAPL
454,2016-03-30,117.06,116.86,117.38,116.33,24.13M,-0.05%,AAPL
455,2016-03-31,116.6,116.81,116.91,116.28,23.19M,-0.39%,AAPL
456,2016-04-01,117.65,117.1,117.74,117.0,23.54M,0.90%,AAPL
457,2016-04-02,118.25,117.95,118.36,117.31,48.13M,0.51%,AAPL
458,2016-04-03,115.59,114.31,115.7,113.31,66.13M,-2.25%,AAPL
459,2016-04-04,114.48,115.39,115.86,114.1,34.56M,-0.96%,AAPL
460,2016-04-05,113.72,113.87,115.21,113.45,37.86M,-0.66%,AAPL
461,2016-04-06,113.54,113.65,114.23,113.2,26.42M,-0.16%,AAPL
462,2016-04-07,111.49,113.46,113.77,110.53,43.83M,-1.81%,AAPL
463,2016-04-08,111.59,111.4,112.35,111.23,28.33M,0.09%,AAPL
464,2016-04-09,109.83,110.98,111.46,109.55,26.93M,-1.58%,AAPL
465,2016-04-10,108.84,108.53,110.25,108.11,30.84M,-0.90%,AAPL
466,2016-04-11,110.41,110.08,110.51,109.46,32.56M,1.44%,AAPL
467,2016-04-12,111.06,110.31,111.72,109.7,24.25M,0.59%,AAPL
468,2016-04-13,110.88,109.88,111.32,108.05,59.18M,-0.16%,AAPL
469,2016-04-14,107.79,111.09,111.09,105.83,57.13M,-2.79%,AAPL
470,2016-04-15,108.43,107.12,108.87,106.55,34.14M,0.59%,AAPL
471,2016-04-16,105.71,107.71,107.81,104.08,51.18M,-2.51%,AAPL
472,2016-04-17,107.11,106.57,107.68,106.16,32.26M,1.32%,AAPL
473,2016-04-18,109.99,106.7,110.23,106.6,58.84M,2.69%,AAPL
474,2016-04-19,109.95,109.81,110.35,108.83,27.63M,-0.04%,AAPL
475,2016-04-20,110.06,109.72,110.54,109.66,28.43M,0.10%,AAPL
476,2016-04-21,111.73,110.12,111.99,110.01,29.26M,1.52%,AAPL
477,2016-04-22,111.8,111.95,112.42,111.4,25.97M,0.06%,AAPL
478,2016-04-23,111.23,111.36,111.51,110.33,27.43M,-0.51%,AAPL
479,2016-04-24,111.79,111.13,111.87,110.95,11.48M,0.50%,AAPL
480,2016-04-25,111.57,111.43,112.47,111.39,27.19M,-0.20%,AAPL
481,2016-04-26,111.46,110.78,112.03,110.07,28.53M,-0.10%,AAPL
482,2016-04-27,110.52,111.6,112.2,110.27,36.16M,-0.84%,AAPL
483,2016-04-28,109.49,110.36,110.94,109.03,37.09M,-0.93%,AAPL
484,2016-04-29,109.9,109.17,110.09,108.85,26.53M,0.37%,AAPL
485,2016-04-30,109.11,110.0,110.03,108.25,34.32M,-0.72%,AAPL
486,2016-05-01,109.95,109.5,110.36,109.19,26.20M,0.77%,AAPL
487,2016-05-02,111.03,109.26,111.19,109.16,30.00M,0.98%,AAPL
488,2016-05-03,112.12,110.86,112.43,110.6,27.07M,0.98%,AAPL
489,2016-05-04,113.95,112.31,114.7,112.31,34.40M,1.63%,AAPL
490,2016-05-05,113.3,113.29,115.0,112.49,26.37M,-0.57%,AAPL
491,2016-05-06,115.19,113.84,115.92,113.75,43.73M,1.67%,AAPL
492,2016-05-07,115.19,115.04,116.2,114.98,34.03M,0.00%,AAPL
493,2016-05-08,115.82,115.38,116.73,115.23,46.52M,0.55%,AAPL
494,2016-05-09,115.97,116.47,116.5,115.64,44.35M,0.13%,AAPL
495,2016-05-10,116.64,115.8,117.38,115.75,27.78M,0.58%,AAPL
496,2016-05-11,116.95,116.74,117.5,116.68,21.42M,0.27%,AAPL
497,2016-05-12,117.06,116.8,117.4,116.78,23.78M,0.09%,AAPL
498,2016-05-13,116.29,116.35,116.51,115.64,26.09M,-0.66%,AAPL
499,2016-05-14,116.52,115.59,116.52,115.59,14.25M,0.20%,AAPL
500,2016-05-15,117.26,116.52,117.8,116.49,18.30M,0.64%,AAPL
501,2016-05-16,116.76,117.52,118.02,116.2,20.91M,-0.43%,AAPL
502,2016-05-17,116.73,116.45,117.11,116.4,15.04M,-0.03%,AAPL
503,2016-05-18,115.82,116.65,117.2,115.43,30.59M,-0.78%,AAPL
504,2016-05-19,116.15,115.8,116.33,114.76,28.78M,0.28%,AAPL
505,2016-05-20,116.02,115.85,116.51,115.75,21.12M,-0.11%,AAPL
506,2016-05-21,116.61,115.92,116.86,115.81,22.19M,0.51%,AAPL
507,2016-05-22,117.91,116.78,118.16,116.47,31.75M,1.11%,AAPL
508,2016-05-23,118.99,117.95,119.43,117.94,33.56M,0.92%,AAPL
509,2016-05-24,119.11,118.77,119.38,118.3,24.46M,0.10%,AAPL
510,2016-05-25,119.75,118.74,119.93,118.6,27.59M,0.54%,AAPL
511,2016-05-26,119.25,118.89,119.3,118.21,27.09M,-0.42%,AAPL
512,2016-05-27,119.04,119.11,119.62,118.81,26.11M,-0.18%,AAPL
513,2016-05-28,120.0,118.34,120.24,118.22,34.44M,0.81%,AAPL
514,2016-05-29,119.99,120.0,120.5,119.71,23.71M,-0.01%,AAPL
515,2016-05-30,119.78,119.4,120.09,119.37,25.60M,-0.18%,AAPL
516,2016-05-31,120.0,120.45,120.45,119.73,32.60M,0.18%,AAPL
517,2016-06-01,120.08,120.0,120.81,119.77,22.05M,0.07%,AAPL
518,2016-06-02,119.97,119.55,120.1,119.5,23.21M,-0.09%,AAPL
519,2016-06-03,121.88,120.42,122.1,120.28,32.59M,1.59%,AAPL
520,2016-06-04,121.94,121.67,122.44,121.6,26.34M,0.05%,AAPL
521,2016-06-05,121.95,122.14,122.35,121.6,20.56M,0.01%,AAPL
522,2016-06-06,121.63,120.93,121.63,120.66,30.38M,-0.26%,AAPL
523,2016-06-07,121.35,121.15,121.39,120.62,49.20M,-0.23%,AAPL
524,2016-06-08,128.75,127.03,130.49,127.01,111.99M,6.10%,AAPL
525,2016-06-09,128.53,127.97,129.39,127.78,33.71M,-0.17%,AAPL
526,2016-06-10,129.08,128.31,129.19,128.16,24.51M,0.43%,AAPL
527,2016-06-11,130.29,129.13,130.5,128.9,26.85M,0.94%,AAPL
528,2016-06-12,131.53,130.54,132.09,130.45,38.18M,0.95%,AAPL
529,2016-06-13,132.04,131.35,132.22,131.22,23.00M,0.39%,AAPL
530,2016-06-14,132.42,131.65,132.44,131.12,28.35M,0.29%,AAPL
531,2016-06-15,132.12,132.46,132.94,132.05,20.07M,-0.23%,AAPL
532,2016-06-16,133.29,133.08,133.82,132.75,23.04M,0.89%,AAPL
533,2016-06-17,135.02,133.47,135.09,133.25,33.23M,1.30%,AAPL
534,2016-06-18,135.51,135.52,136.27,134.62,35.62M,0.36%,AAPL
535,2016-06-19,135.34,135.67,135.9,134.84,22.58M,-0.13%,AAPL
536,2016-06-20,135.72,135.1,135.83,135.1,22.20M,0.28%,AAPL
537,2016-06-21,136.7,136.23,136.75,135.98,24.51M,0.72%,AAPL
538,2016-06-22,137.11,136.43,137.12,136.11,20.84M,0.30%,AAPL
539,2016-06-23,136.53,137.38,137.48,136.3,20.79M,-0.42%,AAPL
540,2016-06-24,136.66,135.91,136.66,135.28,21.78M,0.10%,AAPL
541,2016-06-25,136.93,137.14,137.44,136.28,20.26M,0.20%,AAPL
542,2016-06-26,136.99,137.08,137.44,136.7,23.48M,0.04%,AAPL
543,2016-06-27,139.79,137.89,140.15,137.59,36.41M,2.04%,AAPL
544,2016-06-28,138.96,140.0,140.28,138.76,26.21M,-0.59%,AAPL
545,2016-06-29,139.78,138.78,139.83,138.59,21.57M,0.59%,AAPL
546,2016-06-30,139.34,139.37,139.77,138.6,21.75M,-0.31%,AAPL
547,2016-07-01,139.52,139.06,139.98,138.79,17.45M,0.13%,AAPL
548,2016-07-02,139.0,138.95,139.8,138.82,18.71M,-0.37%,AAPL
549,2016-07-03,138.68,138.74,138.79,137.05,22.16M,-0.23%,AAPL
550,2016-07-04,139.14,139.25,139.36,138.64,19.61M,0.33%,AAPL
551,2016-07-05,139.2,138.85,139.43,138.82,17.42M,0.04%,AAPL
552,2016-07-06,138.99,139.3,139.65,138.84,15.31M,-0.15%,AAPL
553,2016-07-07,140.46,139.41,140.75,139.03,25.69M,1.06%,AAPL
554,2016-07-08,140.69,140.72,141.02,140.26,19.23M,0.16%,AAPL
555,2016-07-09,139.99,141.0,141.0,139.89,43.88M,-0.50%,AAPL
556,2016-07-10,141.46,140.4,141.5,140.23,21.54M,1.05%,AAPL
557,2016-07-11,139.84,142.11,142.8,139.73,39.53M,-1.15%,AAPL
558,2016-07-12,141.42,139.84,141.6,139.76,25.86M,1.13%,AAPL
559,2016-07-13,140.92,141.26,141.58,140.61,20.35M,-0.35%,AAPL
560,2016-07-14,140.64,141.5,141.74,140.35,22.40M,-0.20%,AAPL
561,2016-07-15,140.88,139.39,141.22,138.62,23.58M,0.17%,AAPL
562,2016-07-16,143.8,140.91,144.04,140.62,33.37M,2.07%,AAPL
563,2016-07-17,144.12,143.68,144.49,143.19,29.19M,0.22%,AAPL
564,2016-07-18,143.93,144.19,144.5,143.5,21.21M,-0.13%,AAPL
565,2016-07-19,143.66,143.72,144.27,143.01,19.66M,-0.19%,AAPL
566,2016-07-20,143.7,143.71,144.12,143.05,19.99M,0.03%,AAPL
567,2016-07-21,144.77,143.25,144.89,143.17,19.89M,0.74%,AAPL
568,2016-07-22,144.02,144.22,145.46,143.81,27.72M,-0.52%,AAPL
569,2016-07-23,143.66,144.29,144.52,143.45,21.15M,-0.25%,AAPL
570,2016-07-24,143.34,143.73,144.18,143.27,16.67M,-0.22%,AAPL
571,2016-07-25,143.17,143.6,143.88,142.9,18.93M,-0.12%,AAPL
572,2016-07-26,141.63,142.94,143.35,140.06,30.38M,-1.08%,AAPL
573,2016-07-27,141.8,141.6,142.15,141.01,20.35M,0.12%,AAPL
574,2016-07-28,141.05,141.91,142.38,141.05,17.82M,-0.53%,AAPL
575,2016-07-29,141.83,141.48,141.88,140.87,16.58M,0.55%,AAPL
576,2016-07-30,141.2,141.41,142.04,141.11,14.70M,-0.44%,AAPL
577,2016-07-31,140.68,141.88,142.0,140.45,17.33M,-0.37%,AAPL
578,2016-08-01,142.44,141.22,142.92,141.16,23.32M,1.25%,AAPL
579,2016-08-02,142.27,142.44,142.68,141.85,17.32M,-0.12%,AAPL
580,2016-08-03,143.64,143.5,143.95,143.18,17.13M,0.96%,AAPL
581,2016-08-04,144.53,143.91,144.9,143.87,18.87M,0.62%,AAPL
582,2016-08-05,143.68,144.47,144.6,143.38,20.04M,-0.59%,AAPL
583,2016-08-06,143.79,143.92,144.16,143.31,14.25M,0.08%,AAPL
584,2016-08-07,143.65,144.09,144.3,143.27,20.86M,-0.10%,AAPL
585,2016-08-08,146.58,145.1,147.2,144.96,33.60M,2.04%,AAPL
586,2016-08-09,147.51,147.54,148.09,146.84,45.35M,0.63%,AAPL
587,2016-08-10,147.06,145.59,147.49,144.27,45.70M,-0.31%,AAPL
588,2016-08-11,146.53,146.52,147.14,145.81,23.37M,-0.36%,AAPL
589,2016-08-12,148.96,146.76,148.98,146.76,27.33M,1.66%,AAPL
590,2016-08-13,153.01,149.03,153.7,149.03,48.75M,2.72%,AAPL
591,2016-08-14,153.99,153.87,154.88,153.45,39.13M,0.64%,AAPL
592,2016-08-15,153.26,153.63,153.94,152.11,25.81M,-0.47%,AAPL
593,2016-08-16,153.95,152.45,154.07,152.31,27.26M,0.45%,AAPL
594,2016-08-17,156.1,154.7,156.42,154.67,32.53M,1.40%,AAPL
595,2016-08-18,155.7,156.01,156.65,155.05,26.01M,-0.26%,AAPL
596,2016-08-19,155.47,155.94,156.06,154.72,20.05M,-0.15%,AAPL
597,2016-08-20,150.25,153.6,154.57,149.71,50.77M,-3.36%,AAPL
598,2016-08-21,152.54,151.27,153.34,151.13,33.57M,1.52%,AAPL
599,2016-08-22,153.06,153.38,153.98,152.63,26.96M,0.34%,AAPL
600,2016-08-23,153.99,154.0,154.58,152.91,22.97M,0.61%,AAPL
601,2016-08-24,153.8,154.9,154.9,153.31,19.92M,-0.12%,AAPL
602,2016-08-25,153.34,153.84,154.17,152.67,19.22M,-0.30%,AAPL
603,2016-08-26,153.87,153.73,154.35,153.03,19.24M,0.35%,AAPL
604,2016-08-27,153.61,154.0,154.24,153.31,21.93M,-0.17%,AAPL
605,2016-08-28,153.67,153.42,154.43,153.33,20.13M,0.04%,AAPL
606,2016-08-29,152.76,153.97,154.17,152.38,24.45M,-0.59%,AAPL
607,2016-08-30,153.18,153.17,153.33,152.22,16.40M,0.27%,AAPL
608,2016-08-31,155.45,153.58,155.45,152.89,27.77M,1.48%,AAPL
609,2016-09-01,153.93,154.34,154.45,153.46,25.33M,-0.98%,AAPL
610,2016-09-02,154.45,153.9,155.81,153.78,26.62M,0.34%,AAPL
611,2016-09-03,155.37,155.02,155.98,154.48,21.07M,0.60%,AAPL
612,2016-09-04,154.99,155.25,155.54,154.4,21.25M,-0.24%,AAPL
613,2016-09-05,148.98,155.19,155.19,146.02,64.88M,-3.88%,AAPL
614,2016-09-06,145.42,145.74,146.09,142.51,72.31M,-2.39%,AAPL
615,2016-09-07,146.59,147.16,147.45,145.15,34.17M,0.80%,AAPL
616,2016-09-08,145.16,147.5,147.5,143.84,31.53M,-0.98%,AAPL
617,2016-09-09,144.29,143.32,144.48,142.21,32.17M,-0.60%,AAPL
618,2016-09-10,142.27,143.78,144.5,142.2,50.36M,-1.40%,AAPL
619,2016-09-11,146.34,143.66,146.74,143.66,32.54M,2.86%,AAPL
620,2016-09-12,145.01,146.87,146.87,144.94,24.90M,-0.91%,AAPL
621,2016-09-13,145.87,145.52,146.07,144.61,21.27M,0.59%,AAPL
622,2016-09-14,145.63,145.77,146.7,145.12,19.11M,-0.16%,AAPL
623,2016-09-15,146.28,145.13,147.16,145.11,35.44M,0.45%,AAPL
624,2016-09-16,145.82,147.17,148.28,145.38,25.69M,-0.31%,AAPL
625,2016-09-17,143.73,145.01,146.16,143.62,24.76M,-1.43%,AAPL
626,2016-09-18,145.83,144.49,146.11,143.16,22.08M,1.46%,AAPL
627,2016-09-19,143.68,144.71,145.13,142.28,31.50M,-1.47%,AAPL
628,2016-09-20,144.02,144.45,144.96,143.78,23.02M,0.24%,AAPL
629,2016-09-21,143.5,144.88,145.3,143.1,14.28M,-0.36%,AAPL
630,2016-09-22,144.09,143.69,144.79,142.72,21.57M,0.41%,AAPL
631,2016-09-23,142.73,143.02,143.5,142.41,24.13M,-0.94%,AAPL
632,2016-09-24,144.18,142.9,144.75,142.9,19.20M,1.02%,AAPL
633,2016-09-25,145.06,144.11,145.95,143.37,21.09M,0.61%,AAPL
634,2016-09-26,145.53,144.73,145.85,144.38,19.78M,0.32%,AAPL
635,2016-09-27,145.74,145.87,146.18,144.82,24.88M,0.14%,AAPL
636,2016-09-28,147.77,145.5,148.49,145.44,25.20M,1.39%,AAPL
637,2016-09-29,149.04,147.97,149.33,147.33,20.13M,0.86%,AAPL
638,2016-09-30,149.56,148.82,150.9,148.57,23.79M,0.35%,AAPL
639,2016-10-01,150.08,149.2,150.13,148.67,17.87M,0.35%,AAPL
640,2016-10-02,151.02,150.48,151.42,149.95,20.92M,0.63%,AAPL
641,2016-10-03,150.34,151.5,151.74,150.19,17.24M,-0.45%,AAPL
642,2016-10-04,150.27,149.99,150.44,148.88,26.25M,-0.05%,AAPL
643,2016-10-05,152.09,150.58,152.44,149.9,21.49M,1.21%,AAPL
644,2016-10-06,152.74,151.8,153.84,151.8,18.85M,0.43%,AAPL
645,2016-10-07,153.46,153.35,153.93,153.06,15.78M,0.47%,AAPL
646,2016-10-08,150.56,153.75,153.99,147.3,32.48M,-1.89%,AAPL
647,2016-10-09,149.5,149.89,150.23,149.19,17.21M,-0.70%,AAPL
648,2016-10-10,148.73,149.9,150.33,148.13,19.85M,-0.52%,AAPL
649,2016-10-11,150.05,149.1,150.22,148.41,35.37M,0.89%,AAPL
650,2016-10-12,157.14,159.28,159.75,156.16,69.94M,4.73%,AAPL
651,2016-10-13,155.57,157.05,157.21,155.02,27.10M,-1.00%,AAPL
652,2016-10-14,156.39,156.07,157.4,155.69,20.56M,0.53%,AAPL
653,2016-10-15,158.81,157.06,158.92,156.67,21.87M,1.55%,AAPL
654,2016-10-16,160.08,158.6,161.83,158.27,36.21M,0.80%,AAPL
655,2016-10-17,161.06,159.26,161.27,159.11,26.13M,0.61%,AAPL
656,2016-10-18,155.32,159.9,160.0,154.63,40.80M,-3.56%,AAPL
657,2016-10-19,157.48,156.6,158.57,156.07,26.26M,1.39%,AAPL
658,2016-10-20,159.85,159.32,160.21,158.75,22.12M,1.50%,AAPL
659,2016-10-21,161.6,160.66,162.19,160.14,29.47M,1.09%,AAPL
660,2016-10-22,160.95,161.94,162.51,160.15,27.67M,-0.40%,AAPL
661,2016-10-23,157.86,160.52,160.71,157.84,27.94M,-1.92%,AAPL
662,2016-10-24,157.5,157.86,159.5,156.72,27.43M,-0.23%,AAPL
663,2016-10-25,157.21,157.5,157.89,155.11,26.37M,-0.18%,AAPL
664,2016-10-26,159.78,158.23,160.0,158.02,21.60M,1.63%,AAPL
665,2016-10-27,159.98,159.07,160.47,158.88,19.40M,0.13%,AAPL
666,2016-10-28,159.27,160.43,160.74,158.55,19.82M,-0.44%,AAPL
667,2016-10-29,159.86,159.65,160.56,159.27,25.48M,0.37%,AAPL
668,2016-10-30,161.47,160.14,162.0,159.93,25.97M,1.01%,AAPL
669,2016-10-31,162.91,160.1,163.12,160.0,29.52M,0.89%,AAPL
670,2016-11-01,163.35,163.8,163.89,162.61,27.27M,0.27%,AAPL
671,2016-11-02,164.0,163.64,164.52,163.48,26.79M,0.40%,AAPL
672,2016-11-03,164.05,164.8,164.94,163.63,16.59M,0.03%,AAPL
673,2016-11-04,162.08,163.75,164.25,160.56,29.54M,-1.20%,AAPL
674,2016-11-05,161.91,162.71,162.99,160.52,21.65M,-0.10%,AAPL
675,2016-11-06,161.26,162.09,162.24,160.36,21.93M,-0.40%,AAPL
676,2016-11-07,158.63,160.86,161.15,158.53,28.61M,-1.63%,AAPL
677,2016-11-08,161.5,160.5,162.05,159.89,31.58M,1.81%,AAPL
678,2016-11-09,160.86,162.61,163.96,158.77,71.71M,-0.40%,AAPL
679,2016-11-10,159.65,159.87,159.96,157.91,44.91M,-0.75%,AAPL
680,2016-11-11,158.28,158.99,159.4,158.09,23.76M,-0.86%,AAPL
681,2016-11-12,159.88,158.47,160.97,158.0,49.11M,1.01%,AAPL
682,2016-11-13,158.67,160.11,160.5,158.0,28.27M,-0.76%,AAPL
683,2016-11-14,158.73,159.51,159.77,158.44,20.81M,0.04%,AAPL
684,2016-11-15,156.07,157.9,158.26,153.83,52.95M,-1.68%,AAPL
685,2016-11-16,153.39,155.8,155.8,152.75,37.51M,-1.72%,AAPL
686,2016-11-17,151.89,152.02,152.27,150.56,46.65M,-0.98%,AAPL
687,2016-11-18,150.55,149.99,151.83,149.16,44.39M,-0.88%,AAPL
688,2016-11-19,153.14,151.78,153.92,151.69,36.66M,1.72%,AAPL
689,2016-11-20,154.23,153.8,154.72,153.54,25.50M,0.71%,AAPL
690,2016-11-21,153.28,153.89,154.28,152.7,22.01M,-0.62%,AAPL
691,2016-11-22,154.12,153.21,154.13,152.0,26.30M,0.55%,AAPL
692,2016-11-23,153.81,154.26,154.45,152.72,18.70M,-0.20%,AAPL
693,2016-11-24,154.48,154.01,155.09,153.91,16.23M,0.44%,AAPL
694,2016-11-25,153.48,153.63,153.86,152.46,20.16M,-0.65%,AAPL
695,2016-11-26,155.39,154.18,155.44,154.05,21.28M,1.24%,AAPL
696,2016-11-27,155.3,154.97,155.49,154.56,17.41M,-0.06%,AAPL
697,2016-11-28,155.84,155.81,156.73,155.49,16.26M,0.35%,AAPL
698,2016-11-29,155.9,156.06,158.0,155.1,15.62M,0.04%,AAPL
699,2016-11-30,156.55,155.97,156.98,155.75,16.91M,0.42%,AAPL
700,2016-12-01,156.0,156.35,157.37,155.73,16.13M,-0.35%,AAPL
701,2016-12-02,156.99,156.73,157.28,156.41,16.39M,0.63%,AAPL
702,2016-12-03,159.88,157.9,160.0,157.65,24.12M,1.84%,AAPL
703,2016-12-04,160.47,159.78,160.87,159.23,19.00M,0.37%,AAPL
704,2016-12-05,159.76,160.42,160.71,159.6,16.37M,-0.44%,AAPL
705,2016-12-06,155.98,156.75,157.08,155.02,42.58M,-2.37%,AAPL
706,2016-12-07,156.25,156.61,157.75,155.96,23.97M,0.17%,AAPL
707,2016-12-08,156.17,156.89,157.69,155.5,21.98M,-0.05%,AAPL
708,2016-12-09,157.1,156.29,157.42,156.2,17.76M,0.60%,AAPL
709,2016-12-10,156.41,156.91,157.55,155.27,21.21M,-0.44%,AAPL
710,2016-12-11,157.41,157.23,157.83,156.78,17.00M,0.64%,AAPL
711,2016-12-12,163.05,159.29,163.6,158.7,44.45M,3.58%,AAPL
712,2016-12-13,166.72,163.89,168.07,163.72,44.70M,2.25%,AAPL
713,2016-12-14,169.04,167.9,169.65,166.94,36.05M,1.39%,AAPL
714,2016-12-15,166.89,169.87,169.94,165.61,33.64M,-1.27%,AAPL
715,2016-12-16,168.11,167.64,168.5,165.28,41.39M,0.73%,AAPL
716,2016-12-17,172.5,174.0,174.26,171.12,59.40M,2.61%,AAPL
717,2016-12-18,174.25,172.37,174.99,171.72,35.03M,1.01%,AAPL
718,2016-12-19,174.81,173.91,175.25,173.6,24.36M,0.32%,AAPL
719,2016-12-20,176.24,174.66,176.24,174.33,24.41M,0.82%,AAPL
720,2016-12-21,175.88,175.11,176.09,173.14,29.48M,-0.20%,AAPL
721,2016-12-22,174.67,175.11,175.38,174.27,25.15M,-0.69%,AAPL
722,2016-12-23,173.97,173.5,174.5,173.4,16.98M,-0.40%,AAPL
723,2016-12-24,171.34,173.04,173.48,171.18,24.78M,-1.51%,AAPL
724,2016-12-25,169.08,169.97,170.32,168.38,29.16M,-1.32%,AAPL
725,2016-12-26,171.1,171.18,171.87,170.3,23.64M,1.19%,AAPL
726,2016-12-27,170.15,171.04,171.39,169.64,21.90M,-0.56%,AAPL
727,2016-12-28,169.98,170.29,170.56,169.56,16.26M,-0.10%,AAPL
728,2016-12-29,173.14,170.78,173.7,170.78,25.13M,1.86%,AAPL
729,2016-12-30,174.96,173.36,175.0,173.05,25.59M,1.05%,AAPL
730,2016-12-31,174.97,175.1,175.5,174.65,14.03M,0.01%,AAPL
731,2017-01-01,174.09,175.05,175.08,173.34,20.72M,-0.50%,AAPL
732,2017-01-02,173.07,174.3,174.87,171.86,26.43M,-0.59%,AAPL
733,2017-01-03,169.48,172.63,172.92,167.16,41.67M,-2.07%,AAPL
734,2017-01-04,171.85,170.43,172.14,168.44,41.53M,1.40%,AAPL
735,2017-01-05,171.05,169.95,171.67,168.5,39.76M,-0.47%,AAPL
736,2017-01-06,169.8,172.48,172.62,169.63,32.54M,-0.73%,AAPL
737,2017-01-07,169.64,169.06,171.52,168.4,27.35M,-0.09%,AAPL
738,2017-01-08,169.01,167.5,170.2,166.46,28.56M,-0.37%,AAPL
739,2017-01-09,169.32,169.03,170.44,168.91,25.67M,0.18%,AAPL
740,2017-01-10,169.37,170.49,171.0,168.82,23.36M,0.03%,AAPL
741,2017-01-11,172.67,169.2,172.89,168.79,35.27M,1.95%,AAPL
742,2017-01-12,171.7,172.15,172.39,171.46,19.41M,-0.56%,AAPL
743,2017-01-13,172.27,172.5,173.54,172.0,23.82M,0.33%,AAPL
744,2017-01-14,172.22,172.4,173.13,171.65,20.48M,-0.03%,AAPL
745,2017-01-15,173.97,173.63,174.17,172.46,40.17M,1.02%,AAPL
746,2017-01-16,176.42,174.88,177.2,174.86,29.42M,1.41%,AAPL
747,2017-01-17,174.54,175.03,175.39,174.09,27.44M,-1.07%,AAPL
748,2017-01-18,174.35,174.87,175.42,173.25,23.48M,-0.11%,AAPL
749,2017-01-19,175.01,174.17,176.02,174.1,20.95M,0.38%,AAPL
750,2017-01-20,175.01,174.68,175.42,174.5,16.35M,0.00%,AAPL
751,2017-01-21,170.57,170.8,171.47,169.68,33.19M,-2.54%,AAPL
752,2017-01-22,170.6,170.1,170.78,169.71,21.50M,0.02%,AAPL
753,2017-01-23,171.08,171.0,171.85,170.48,16.48M,0.28%,AAPL
754,2017-01-24,169.23,170.52,170.59,169.22,26.00M,-1.08%,AAPL
