,date_column
0,2015-01-01
1,2015-01-02
2,2015-01-03
3,2015-01-04
4,2015-01-05
5,2015-01-06
6,2015-01-07
7,2015-01-08
8,2015-01-09
9,2015-01-10
10,2015-01-11
11,2015-01-12
12,2015-01-13
13,2015-01-14
14,2015-01-15
15,2015-01-16
16,2015-01-17
17,2015-01-18
18,2015-01-19
19,2015-01-20
20,2015-01-21
21,2015-01-22
22,2015-01-23
23,2015-01-24
24,2015-01-25
25,2015-01-26
26,2015-01-27
27,2015-01-28
28,2015-01-29
29,2015-01-30
30,2015-01-31
31,2015-02-01
32,2015-02-02
33,2015-02-03
34,2015-02-04
35,2015-02-05
36,2015-02-06
37,2015-02-07
38,2015-02-08
39,2015-02-09
40,2015-02-10
41,2015-02-11
42,2015-02-12
43,2015-02-13
44,2015-02-14
45,2015-02-15
46,2015-02-16
47,2015-02-17
48,2015-02-18
49,2015-02-19
50,2015-02-20
51,2015-02-21
52,2015-02-22
53,2015-02-23
54,2015-02-24
55,2015-02-25
56,2015-02-26
57,2015-02-27
58,2015-02-28
59,2015-03-01
60,2015-03-02
61,2015-03-03
62,2015-03-04
63,2015-03-05
64,2015-03-06
65,2015-03-07
66,2015-03-08
67,2015-03-09
68,2015-03-10
69,2015-03-11
70,2015-03-12
71,2015-03-13
72,2015-03-14
73,2015-03-15
74,2015-03-16
75,2015-03-17
76,2015-03-18
77,2015-03-19
78,2015-03-20
79,2015-03-21
80,2015-03-22
81,2015-03-23
82,2015-03-24
83,2015-03-25
84,2015-03-26
85,2015-03-27
86,2015-03-28
87,2015-03-29
88,2015-03-30
89,2015-03-31
90,2015-04-01
91,2015-04-02
92,2015-04-03
93,2015-04-04
94,2015-04-05
95,2015-04-06
96,2015-04-07
97,2015-04-08
98,2015-04-09
99,2015-04-10
100,2015-04-11
101,2015-04-12
102,2015-04-13
103,2015-04-14
104,2015-04-15
105,2015-04-16
106,2015-04-17
107,2015-04-18
108,2015-04-19
109,2015-04-20
110,2015-04-21
111,2015-04-22
112,2015-04-23
113,2015-04-24
114,2015-04-25
115,2015-04-26
116,2015-04-27
117,2015-04-28
118,2015-04-29
119,2015-04-30
120,2015-05-01
121,2015-05-02
122,2015-05-03
123,2015-05-04
124,2015-05-05
125,2015-05-06
126,2015-05-07
127,2015-05-08
128,2015-05-09
129,2015-05-10
130,2015-05-11
131,2015-05-12
132,2015-05-13
133,2015-05-14
134,2015-05-15
135,2015-05-16
136,2015-05-17
137,2015-05-18
138,2015-05-19
139,2015-05-20
140,2015-05-21
141,2015-05-22
142,2015-05-23
143,2015-05-24
144,2015-05-25
145,2015-05-26
146,2015-05-27
147,2015-05-28
148,2015-05-29
149,2015-05-30
150,2015-05-31
151,2015-06-01
152,2015-06-02
153,2015-06-03
154,2015-06-04
155,2015-06-05
156,2015-06-06
157,2015-06-07
158,2015-06-08
159,2015-06-09
160,2015-06-10
161,2015-06-11
162,2015-06-12
163,2015-06-13
164,2015-06-14
165,2015-06-15
166,2015-06-16
167,2015-06-17
168,2015-06-18
169,2015-06-19
170,2015-06-20
171,2015-06-21
172,2015-06-22
173,2015-06-23
174,2015-06-24
175,2015-06-25
176,2015-06-26
177,2015-06-27
178,2015-06-28
179,2015-06-29
180,2015-06-30
181,2015-07-01
182,2015-07-02
183,2015-07-03
184,2015-07-04
185,2015-07-05
186,2015-07-06
187,2015-07-07
188,2015-07-08
189,2015-07-09
190,2015-07-10
191,2015-07-11
192,2015-07-12
193,2015-07-13
194,2015-07-14
195,2015-07-15
196,2015-07-16
197,2015-07-17
198,2015-07-18
199,2015-07-19
200,2015-07-20
201,2015-07-21
202,2015-07-22
203,2015-07-23
204,2015-07-24
205,2015-07-25
206,2015-07-26
207,2015-07-27
208,2015-07-28
209,2015-07-29
210,2015-07-30
211,2015-07-31
212,2015-08-01
213,2015-08-02
214,2015-08-03
215,2015-08-04
216,2015-08-05
217,2015-08-06
218,2015-08-07
219,2015-08-08
220,2015-08-09
221,2015-08-10
222,2015-08-11
223,2015-08-12
224,2015-08-13
225,2015-08-14
226,2015-08-15
227,2015-08-16
228,2015-08-17
229,2015-08-18
230,2015-08-19
231,2015-08-20
232,2015-08-21
233,2015-08-22
234,2015-08-23
235,2015-08-24
236,2015-08-25
237,2015-08-26
238,2015-08-27
239,2015-08-28
240,2015-08-29
241,2015-08-30
242,2015-08-31
243,2015-09-01
244,2015-09-02
245,2015-09-03
246,2015-09-04
247,2015-09-05
248,2015-09-06
249,2015-09-07
250,2015-09-08
251,2015-09-09
252,2015-09-10
253,2015-09-11
254,2015-09-12
255,2015-09-13
256,2015-09-14
257,2015-09-15
258,2015-09-16
259,2015-09-17
260,2015-09-18
261,2015-09-19
262,2015-09-20
263,2015-09-21
264,2015-09-22
265,2015-09-23
266,2015-09-24
267,2015-09-25
268,2015-09-26
269,2015-09-27
270,2015-09-28
271,2015-09-29
272,2015-09-30
273,2015-10-01
274,2015-10-02
275,2015-10-03
276,2015-10-04
277,2015-10-05
278,2015-10-06
279,2015-10-07
280,2015-10-08
281,2015-10-09
282,2015-10-10
283,2015-10-11
284,2015-10-12
285,2015-10-13
286,2015-10-14
287,2015-10-15
288,2015-10-16
289,2015-10-17
290,2015-10-18
291,2015-10-19
292,2015-10-20
293,2015-10-21
294,2015-10-22
295,2015-10-23
296,2015-10-24
297,2015-10-25
298,2015-10-26
299,2015-10-27
300,2015-10-28
301,2015-10-29
302,2015-10-30
303,2015-10-31
304,2015-11-01
305,2015-11-02
306,2015-11-03
307,2015-11-04
308,2015-11-05
309,2015-11-06
310,2015-11-07
311,2015-11-08
312,2015-11-09
313,2015-11-10
314,2015-11-11
315,2015-11-12
316,2015-11-13
317,2015-11-14
318,2015-11-15
319,2015-11-16
320,2015-11-17
321,2015-11-18
322,2015-11-19
323,2015-11-20
324,2015-11-21
325,2015-11-22
326,2015-11-23
327,2015-11-24
328,2015-11-25
329,2015-11-26
330,2015-11-27
331,2015-11-28
332,2015-11-29
333,2015-11-30
334,2015-12-01
335,2015-12-02
336,2015-12-03
337,2015-12-04
338,2015-12-05
339,2015-12-06
340,2015-12-07
341,2015-12-08
342,2015-12-09
343,2015-12-10
344,2015-12-11
345,2015-12-12
346,2015-12-13
347,2015-12-14
348,2015-12-15
349,2015-12-16
350,2015-12-17
351,2015-12-18
352,2015-12-19
353,2015-12-20
354,2015-12-21
355,2015-12-22
356,2015-12-23
357,2015-12-24
358,2015-12-25
359,2015-12-26
360,2015-12-27
361,2015-12-28
362,2015-12-29
363,2015-12-30
364,2015-12-31
365,2016-01-01
366,2016-01-02
367,2016-01-03
368,2016-01-04
369,2016-01-05
370,2016-01-06
371,2016-01-07
372,2016-01-08
373,2016-01-09
374,2016-01-10
375,2016-01-11
376,2016-01-12
377,2016-01-13
378,2016-01-14
379,2016-01-15
380,2016-01-16
381,2016-01-17
382,2016-01-18
383,2016-01-19
384,2016-01-20
385,2016-01-21
386,2016-01-22
387,2016-01-23
388,2016-01-24
389,2016-01-25
390,2016-01-26
391,2016-01-27
392,2016-01-28
393,2016-01-29
394,2016-01-30
395,2016-01-31
396,2016-02-01
397,2016-02-02
398,2016-02-03
399,2016-02-04
400,2016-02-05
401,2016-02-06
402,2016-02-07
403,2016-02-08
404,2016-02-09
405,2016-02-10
406,2016-02-11
407,2016-02-12
408,2016-02-13
409,2016-02-14
410,2016-02-15
411,2016-02-16
412,2016-02-17
413,2016-02-18
414,2016-02-19
415,2016-02-20
416,2016-02-21
417,2016-02-22
418,2016-02-23
419,2016-02-24
420,2016-02-25
421,2016-02-26
422,2016-02-27
423,2016-02-28
424,2016-02-29
425,2016-03-01
426,2016-03-02
427,2016-03-03
428,2016-03-04
429,2016-03-05
430,2016-03-06
431,2016-03-07
432,2016-03-08
433,2016-03-09
434,2016-03-10
435,2016-03-11
436,2016-03-12
437,2016-03-13
438,2016-03-14
439,2016-03-15
440,2016-03-16
441,2016-03-17
442,2016-03-18
443,2016-03-19
444,2016-03-20
445,2016-03-21
446,2016-03-22
447,2016-03-23
448,2016-03-24
449,2016-03-25
450,2016-03-26
451,2016-03-27
452,2016-03-28
453,2016-03-29
454,2016-03-30
455,2016-03-31
456,2016-04-01
457,2016-04-02
458,2016-04-03
459,2016-04-04
460,2016-04-05
461,2016-04-06
462,2016-04-07
463,2016-04-08
464,2016-04-09
465,2016-04-10
466,2016-04-11
467,2016-04-12
468,2016-04-13
469,2016-04-14
470,2016-04-15
471,2016-04-16
472,2016-04-17
473,2016-04-18
474,2016-04-19
475,2016-04-20
476,2016-04-21
477,2016-04-22
478,2016-04-23
479,2016-04-24
480,2016-04-25
481,2016-04-26
482,2016-04-27
483,2016-04-28
484,2016-04-29
485,2016-04-30
486,2016-05-01
487,2016-05-02
488,2016-05-03
489,2016-05-04
490,2016-05-05
491,2016-05-06
492,2016-05-07
493,2016-05-08
494,2016-05-09
495,2016-05-10
496,2016-05-11
497,2016-05-12
498,2016-05-13
499,2016-05-14
500,2016-05-15
501,2016-05-16
502,2016-05-17
503,2016-05-18
504,2016-05-19
505,2016-05-20
506,2016-05-21
507,2016-05-22
508,2016-05-23
509,2016-05-24
510,2016-05-25
511,2016-05-26
512,2016-05-27
513,2016-05-28
514,2016-05-29
515,2016-05-30
516,2016-05-31
517,2016-06-01
518,2016-06-02
519,2016-06-03
520,2016-06-04
521,2016-06-05
522,2016-06-06
523,2016-06-07
524,2016-06-08
525,2016-06-09
526,2016-06-10
527,2016-06-11
528,2016-06-12
529,2016-06-13
530,2016-06-14
531,2016-06-15
532,2016-06-16
533,2016-06-17
534,2016-06-18
535,2016-06-19
536,2016-06-20
537,2016-06-21
538,2016-06-22
539,2016-06-23
540,2016-06-24
541,2016-06-25
542,2016-06-26
543,2016-06-27
544,2016-06-28
545,2016-06-29
546,2016-06-30
547,2016-07-01
548,2016-07-02
549,2016-07-03
550,2016-07-04
551,2016-07-05
552,2016-07-06
553,2016-07-07
554,2016-07-08
555,2016-07-09
556,2016-07-10
557,2016-07-11
558,2016-07-12
559,2016-07-13
560,2016-07-14
561,2016-07-15
562,2016-07-16
563,2016-07-17
564,2016-07-18
565,2016-07-19
566,2016-07-20
567,2016-07-21
568,2016-07-22
569,2016-07-23
570,2016-07-24
571,2016-07-25
572,2016-07-26
573,2016-07-27
574,2016-07-28
575,2016-07-29
576,2016-07-30
577,2016-07-31
578,2016-08-01
579,2016-08-02
580,2016-08-03
581,2016-08-04
582,2016-08-05
583,2016-08-06
584,2016-08-07
585,2016-08-08
586,2016-08-09
587,2016-08-10
588,2016-08-11
589,2016-08-12
590,2016-08-13
591,2016-08-14
592,2016-08-15
593,2016-08-16
594,2016-08-17
595,2016-08-18
596,2016-08-19
597,2016-08-20
598,2016-08-21
599,2016-08-22
600,2016-08-23
601,2016-08-24
602,2016-08-25
603,2016-08-26
604,2016-08-27
605,2016-08-28
606,2016-08-29
607,2016-08-30
608,2016-08-31
609,2016-09-01
610,2016-09-02
611,2016-09-03
612,2016-09-04
613,2016-09-05
614,2016-09-06
615,2016-09-07
616,2016-09-08
617,2016-09-09
618,2016-09-10
619,2016-09-11
620,2016-09-12
621,2016-09-13
622,2016-09-14
623,2016-09-15
624,2016-09-16
625,2016-09-17
626,2016-09-18
627,2016-09-19
628,2016-09-20
629,2016-09-21
630,2016-09-22
631,2016-09-23
632,2016-09-24
633,2016-09-25
634,2016-09-26
635,2016-09-27
636,2016-09-28
637,2016-09-29
638,2016-09-30
639,2016-10-01
640,2016-10-02
641,2016-10-03
642,2016-10-04
643,2016-10-05
644,2016-10-06
645,2016-10-07
646,2016-10-08
647,2016-10-09
648,2016-10-10
649,2016-10-11
650,2016-10-12
651,2016-10-13
652,2016-10-14
653,2016-10-15
654,2016-10-16
655,2016-10-17
656,2016-10-18
657,2016-10-19
658,2016-10-20
659,2016-10-21
660,2016-10-22
661,2016-10-23
662,2016-10-24
663,2016-10-25
664,2016-10-26
665,2016-10-27
666,2016-10-28
667,2016-10-29
668,2016-10-30
669,2016-10-31
670,2016-11-01
671,2016-11-02
672,2016-11-03
673,2016-11-04
674,2016-11-05
675,2016-11-06
676,2016-11-07
677,2016-11-08
678,2016-11-09
679,2016-11-10
680,2016-11-11
681,2016-11-12
682,2016-11-13
683,2016-11-14
684,2016-11-15
685,2016-11-16
686,2016-11-17
687,2016-11-18
688,2016-11-19
689,2016-11-20
690,2016-11-21
691,2016-11-22
692,2016-11-23
693,2016-11-24
694,2016-11-25
695,2016-11-26
696,2016-11-27
697,2016-11-28
698,2016-11-29
699,2016-11-30
700,2016-12-01
701,2016-12-02
702,2016-12-03
703,2016-12-04
704,2016-12-05
705,2016-12-06
706,2016-12-07
707,2016-12-08
708,2016-12-09
709,2016-12-10
710,2016-12-11
711,2016-12-12
712,2016-12-13
713,2016-12-14
714,2016-12-15
715,2016-12-16
716,2016-12-17
717,2016-12-18
718,2016-12-19
719,2016-12-20
720,2016-12-21
721,2016-12-22
722,2016-12-23
723,2016-12-24
724,2016-12-25
725,2016-12-26
726,2016-12-27
727,2016-12-28
728,2016-12-29
729,2016-12-30
730,2016-12-31
731,2017-01-01
732,2017-01-02
733,2017-01-03
734,2017-01-04
735,2017-01-05
736,2017-01-06
737,2017-01-07
738,2017-01-08
739,2017-01-09
740,2017-01-10
741,2017-01-11
742,2017-01-12
743,2017-01-13
744,2017-01-14
745,2017-01-15
746,2017-01-16
747,2017-01-17
748,2017-01-18
749,2017-01-19
750,2017-01-20
751,2017-01-21
752,2017-01-22
753,2017-01-23
754,2017-01-24
755,2017-01-25
756,2017-01-26
757,2017-01-27
758,2017-01-28
759,2017-01-29
760,2017-01-30
761,2017-01-31
762,2017-02-01
763,2017-02-02
764,2017-02-03
765,2017-02-04
766,2017-02-05
767,2017-02-06
768,2017-02-07
769,2017-02-08
770,2017-02-09
771,2017-02-10
772,2017-02-11
773,2017-02-12
774,2017-02-13
775,2017-02-14
776,2017-02-15
777,2017-02-16
778,2017-02-17
779,2017-02-18
780,2017-02-19
781,2017-02-20
782,2017-02-21
783,2017-02-22
784,2017-02-23
785,2017-02-24
786,2017-02-25
787,2017-02-26
788,2017-02-27
789,2017-02-28
790,2017-03-01
791,2017-03-02
792,2017-03-03
793,2017-03-04
794,2017-03-05
795,2017-03-06
796,2017-03-07
797,2017-03-08
798,2017-03-09
799,2017-03-10
800,2017-03-11
801,2017-03-12
802,2017-03-13
803,2017-03-14
804,2017-03-15
805,2017-03-16
806,2017-03-17
807,2017-03-18
808,2017-03-19
809,2017-03-20
810,2017-03-21
811,2017-03-22
812,2017-03-23
813,2017-03-24
814,2017-03-25
815,2017-03-26
816,2017-03-27
817,2017-03-28
818,2017-03-29
819,2017-03-30
820,2017-03-31
821,2017-04-01
822,2017-04-02
823,2017-04-03
824,2017-04-04
825,2017-04-05
826,2017-04-06
827,2017-04-07
828,2017-04-08
829,2017-04-09
830,2017-04-10
831,2017-04-11
832,2017-04-12
833,2017-04-13
834,2017-04-14
835,2017-04-15
836,2017-04-16
837,2017-04-17
838,2017-04-18
839,2017-04-19
840,2017-04-20
841,2017-04-21
842,2017-04-22
843,2017-04-23
844,2017-04-24
845,2017-04-25
846,2017-04-26
847,2017-04-27
848,2017-04-28
849,2017-04-29
850,2017-04-30
851,2017-05-01
852,2017-05-02
853,2017-05-03
854,2017-05-04
855,2017-05-05
856,2017-05-06
857,2017-05-07
858,2017-05-08
859,2017-05-09
860,2017-05-10
861,2017-05-11
862,2017-05-12
863,2017-05-13
864,2017-05-14
865,2017-05-15
866,2017-05-16
867,2017-05-17
868,2017-05-18
869,2017-05-19
870,2017-05-20
871,2017-05-21
872,2017-05-22
873,2017-05-23
874,2017-05-24
875,2017-05-25
876,2017-05-26
877,2017-05-27
878,2017-05-28
879,2017-05-29
880,2017-05-30
881,2017-05-31
882,2017-06-01
883,2017-06-02
884,2017-06-03
885,2017-06-04
886,2017-06-05
887,2017-06-06
888,2017-06-07
889,2017-06-08
890,2017-06-09
891,2017-06-10
892,2017-06-11
893,2017-06-12
894,2017-06-13
895,2017-06-14
896,2017-06-15
897,2017-06-16
898,2017-06-17
899,2017-06-18
900,2017-06-19
901,2017-06-20
902,2017-06-21
903,2017-06-22
904,2017-06-23
905,2017-06-24
906,2017-06-25
907,2017-06-26
908,2017-06-27
909,2017-06-28
910,2017-06-29
911,2017-06-30
912,2017-07-01
913,2017-07-02
914,2017-07-03
915,2017-07-04
916,2017-07-05
917,2017-07-06
918,2017-07-07
919,2017-07-08
920,2017-07-09
921,2017-07-10
922,2017-07-11
923,2017-07-12
924,2017-07-13
925,2017-07-14
926,2017-07-15
927,2017-07-16
928,2017-07-17
929,2017-07-18
930,2017-07-19
931,2017-07-20
932,2017-07-21
933,2017-07-22
934,2017-07-23
935,2017-07-24
936,2017-07-25
937,2017-07-26
938,2017-07-27
939,2017-07-28
940,2017-07-29
941,2017-07-30
942,2017-07-31
943,2017-08-01
944,2017-08-02
945,2017-08-03
946,2017-08-04
947,2017-08-05
948,2017-08-06
949,2017-08-07
950,2017-08-08
951,2017-08-09
952,2017-08-10
953,2017-08-11
954,2017-08-12
955,2017-08-13
956,2017-08-14
957,2017-08-15
958,2017-08-16
959,2017-08-17
960,2017-08-18
961,2017-08-19
962,2017-08-20
963,2017-08-21
964,2017-08-22
965,2017-08-23
966,2017-08-24
967,2017-08-25
968,2017-08-26
969,2017-08-27
970,2017-08-28
971,2017-08-29
972,2017-08-30
973,2017-08-31
974,2017-09-01
975,2017-09-02
976,2017-09-03
977,2017-09-04
978,2017-09-05
979,2017-09-06
980,2017-09-07
981,2017-09-08
982,2017-09-09
983,2017-09-10
984,2017-09-11
985,2017-09-12
986,2017-09-13
987,2017-09-14
988,2017-09-15
989,2017-09-16
990,2017-09-17
991,2017-09-18
992,2017-09-19
993,2017-09-20
994,2017-09-21
995,2017-09-22
996,2017-09-23
997,2017-09-24
998,2017-09-25
999,2017-09-26
1000,2017-09-27
1001,2017-09-28
1002,2017-09-29
1003,2017-09-30
1004,2017-10-01
1005,2017-10-02
1006,2017-10-03
1007,2017-10-04
1008,2017-10-05
1009,2017-10-06
1010,2017-10-07
1011,2017-10-08
1012,2017-10-09
1013,2017-10-10
1014,2017-10-11
1015,2017-10-12
1016,2017-10-13
1017,2017-10-14
1018,2017-10-15
1019,2017-10-16
1020,2017-10-17
1021,2017-10-18
1022,2017-10-19
1023,2017-10-20
1024,2017-10-21
1025,2017-10-22
1026,2017-10-23
1027,2017-10-24
1028,2017-10-25
1029,2017-10-26
1030,2017-10-27
1031,2017-10-28
1032,2017-10-29
1033,2017-10-30
1034,2017-10-31
1035,2017-11-01
1036,2017-11-02
1037,2017-11-03
1038,2017-11-04
1039,2017-11-05
1040,2017-11-06
1041,2017-11-07
1042,2017-11-08
1043,2017-11-09
1044,2017-11-10
1045,2017-11-11
1046,2017-11-12
1047,2017-11-13
1048,2017-11-14
1049,2017-11-15
1050,2017-11-16
1051,2017-11-17
1052,2017-11-18
1053,2017-11-19
1054,2017-11-20
1055,2017-11-21
1056,2017-11-22
1057,2017-11-23
1058,2017-11-24
1059,2017-11-25
1060,2017-11-26
1061,2017-11-27
1062,2017-11-28
1063,2017-11-29
1064,2017-11-30
1065,2017-12-01
1066,2017-12-02
1067,2017-12-03
1068,2017-12-04
1069,2017-12-05
1070,2017-12-06
1071,2017-12-07
1072,2017-12-08
1073,2017-12-09
1074,2017-12-10
1075,2017-12-11
1076,2017-12-12
1077,2017-12-13
1078,2017-12-14
1079,2017-12-15
1080,2017-12-16
1081,2017-12-17
1082,2017-12-18
1083,2017-12-19
1084,2017-12-20
1085,2017-12-21
1086,2017-12-22
1087,2017-12-23
1088,2017-12-24
1089,2017-12-25
1090,2017-12-26
1091,2017-12-27
1092,2017-12-28
1093,2017-12-29
1094,2017-12-30
1095,2017-12-31
1096,2018-01-01
1097,2018-01-02
1098,2018-01-03
1099,2018-01-04
1100,2018-01-05
1101,2018-01-06
1102,2018-01-07
1103,2018-01-08
1104,2018-01-09
1105,2018-01-10
1106,2018-01-11
1107,2018-01-12
1108,2018-01-13
1109,2018-01-14
1110,2018-01-15
1111,2018-01-16
1112,2018-01-17
1113,2018-01-18
1114,2018-01-19
1115,2018-01-20
1116,2018-01-21
1117,2018-01-22
1118,2018-01-23
1119,2018-01-24
1120,2018-01-25
1121,2018-01-26
1122,2018-01-27
1123,2018-01-28
1124,2018-01-29
1125,2018-01-30
1126,2018-01-31
1127,2018-02-01
1128,2018-02-02
1129,2018-02-03
1130,2018-02-04
1131,2018-02-05
1132,2018-02-06
1133,2018-02-07
1134,2018-02-08
1135,2018-02-09
1136,2018-02-10
1137,2018-02-11
1138,2018-02-12
1139,2018-02-13
1140,2018-02-14
1141,2018-02-15
1142,2018-02-16
1143,2018-02-17
1144,2018-02-18
1145,2018-02-19
1146,2018-02-20
1147,2018-02-21
1148,2018-02-22
1149,2018-02-23
1150,2018-02-24
1151,2018-02-25
1152,2018-02-26
1153,2018-02-27
1154,2018-02-28
1155,2018-03-01
1156,2018-03-02
1157,2018-03-03
1158,2018-03-04
1159,2018-03-05
1160,2018-03-06
1161,2018-03-07
1162,2018-03-08
1163,2018-03-09
1164,2018-03-10
1165,2018-03-11
1166,2018-03-12
1167,2018-03-13
1168,2018-03-14
1169,2018-03-15
1170,2018-03-16
1171,2018-03-17
1172,2018-03-18
1173,2018-03-19
1174,2018-03-20
1175,2018-03-21
1176,2018-03-22
1177,2018-03-23
1178,2018-03-24
1179,2018-03-25
1180,2018-03-26
1181,2018-03-27
1182,2018-03-28
1183,2018-03-29
1184,2018-03-30
1185,2018-03-31
1186,2018-04-01
1187,2018-04-02
1188,2018-04-03
1189,2018-04-04
1190,2018-04-05
1191,2018-04-06
1192,2018-04-07
1193,2018-04-08
1194,2018-04-09
1195,2018-04-10
1196,2018-04-11
1197,2018-04-12
1198,2018-04-13
1199,2018-04-14
1200,2018-04-15
1201,2018-04-16
1202,2018-04-17
1203,2018-04-18
1204,2018-04-19
1205,2018-04-20
1206,2018-04-21
1207,2018-04-22
1208,2018-04-23
1209,2018-04-24
1210,2018-04-25
1211,2018-04-26
1212,2018-04-27
1213,2018-04-28
1214,2018-04-29
1215,2018-04-30
1216,2018-05-01
1217,2018-05-02
1218,2018-05-03
1219,2018-05-04
1220,2018-05-05
1221,2018-05-06
1222,2018-05-07
1223,2018-05-08
1224,2018-05-09
1225,2018-05-10
1226,2018-05-11
1227,2018-05-12
1228,2018-05-13
1229,2018-05-14
1230,2018-05-15
1231,2018-05-16
1232,2018-05-17
1233,2018-05-18
1234,2018-05-19
1235,2018-05-20
1236,2018-05-21
1237,2018-05-22
1238,2018-05-23
1239,2018-05-24
1240,2018-05-25
1241,2018-05-26
1242,2018-05-27
1243,2018-05-28
1244,2018-05-29
1245,2018-05-30
1246,2018-05-31
1247,2018-06-01
1248,2018-06-02
1249,2018-06-03
1250,2018-06-04
1251,2018-06-05
1252,2018-06-06
1253,2018-06-07
1254,2018-06-08
1255,2018-06-09
1256,2018-06-10
1257,2018-06-11
1258,2018-06-12
1259,2018-06-13
1260,2018-06-14
1261,2018-06-15
1262,2018-06-16
1263,2018-06-17
1264,2018-06-18
1265,2018-06-19
1266,2018-06-20
1267,2018-06-21
1268,2018-06-22
1269,2018-06-23
1270,2018-06-24
1271,2018-06-25
1272,2018-06-26
1273,2018-06-27
1274,2018-06-28
1275,2018-06-29
1276,2018-06-30
1277,2018-07-01
1278,2018-07-02
1279,2018-07-03
1280,2018-07-04
1281,2018-07-05
1282,2018-07-06
1283,2018-07-07
1284,2018-07-08
1285,2018-07-09
1286,2018-07-10
1287,2018-07-11
1288,2018-07-12
1289,2018-07-13
1290,2018-07-14
1291,2018-07-15
1292,2018-07-16
1293,2018-07-17
1294,2018-07-18
1295,2018-07-19
1296,2018-07-20
1297,2018-07-21
1298,2018-07-22
1299,2018-07-23
1300,2018-07-24
1301,2018-07-25
1302,2018-07-26
1303,2018-07-27
1304,2018-07-28
1305,2018-07-29
1306,2018-07-30
1307,2018-07-31
1308,2018-08-01
1309,2018-08-02
1310,2018-08-03
1311,2018-08-04
1312,2018-08-05
1313,2018-08-06
1314,2018-08-07
1315,2018-08-08
1316,2018-08-09
1317,2018-08-10
1318,2018-08-11
1319,2018-08-12
1320,2018-08-13
1321,2018-08-14
1322,2018-08-15
1323,2018-08-16
1324,2018-08-17
1325,2018-08-18
1326,2018-08-19
1327,2018-08-20
1328,2018-08-21
1329,2018-08-22
1330,2018-08-23
1331,2018-08-24
1332,2018-08-25
1333,2018-08-26
1334,2018-08-27
1335,2018-08-28
1336,2018-08-29
1337,2018-08-30
1338,2018-08-31
1339,2018-09-01
1340,2018-09-02
1341,2018-09-03
1342,2018-09-04
1343,2018-09-05
1344,2018-09-06
1345,2018-09-07
1346,2018-09-08
1347,2018-09-09
1348,2018-09-10
1349,2018-09-11
1350,2018-09-12
1351,2018-09-13
1352,2018-09-14
1353,2018-09-15
1354,2018-09-16
1355,2018-09-17
1356,2018-09-18
1357,2018-09-19
1358,2018-09-20
1359,2018-09-21
1360,2018-09-22
1361,2018-09-23
1362,2018-09-24
1363,2018-09-25
1364,2018-09-26
1365,2018-09-27
1366,2018-09-28
1367,2018-09-29
1368,2018-09-30
1369,2018-10-01
1370,2018-10-02
1371,2018-10-03
1372,2018-10-04
1373,2018-10-05
1374,2018-10-06
1375,2018-10-07
1376,2018-10-08
1377,2018-10-09
1378,2018-10-10
1379,2018-10-11
1380,2018-10-12
1381,2018-10-13
1382,2018-10-14
1383,2018-10-15
1384,2018-10-16
1385,2018-10-17
1386,2018-10-18
1387,2018-10-19
1388,2018-10-20
1389,2018-10-21
1390,2018-10-22
1391,2018-10-23
1392,2018-10-24
1393,2018-10-25
1394,2018-10-26
1395,2018-10-27
1396,2018-10-28
1397,2018-10-29
1398,2018-10-30
1399,2018-10-31
1400,2018-11-01
1401,2018-11-02
1402,2018-11-03
1403,2018-11-04
1404,2018-11-05
1405,2018-11-06
1406,2018-11-07
1407,2018-11-08
1408,2018-11-09
1409,2018-11-10
1410,2018-11-11
1411,2018-11-12
1412,2018-11-13
1413,2018-11-14
1414,2018-11-15
1415,2018-11-16
1416,2018-11-17
1417,2018-11-18
1418,2018-11-19
1419,2018-11-20
1420,2018-11-21
1421,2018-11-22
1422,2018-11-23
1423,2018-11-24
1424,2018-11-25
1425,2018-11-26
1426,2018-11-27
1427,2018-11-28
1428,2018-11-29
1429,2018-11-30
1430,2018-12-01
1431,2018-12-02
1432,2018-12-03
1433,2018-12-04
1434,2018-12-05
1435,2018-12-06
1436,2018-12-07
1437,2018-12-08
1438,2018-12-09
1439,2018-12-10
1440,2018-12-11
1441,2018-12-12
1442,2018-12-13
1443,2018-12-14
1444,2018-12-15
1445,2018-12-16
1446,2018-12-17
1447,2018-12-18
1448,2018-12-19
1449,2018-12-20
1450,2018-12-21
1451,2018-12-22
1452,2018-12-23
1453,2018-12-24
1454,2018-12-25
1455,2018-12-26
1456,2018-12-27
1457,2018-12-28
1458,2018-12-29
1459,2018-12-30
1460,2018-12-31
1461,2019-01-01
1462,2019-01-02
1463,2019-01-03
1464,2019-01-04
1465,2019-01-05
1466,2019-01-06
1467,2019-01-07
1468,2019-01-08
1469,2019-01-09
1470,2019-01-10
1471,2019-01-11
1472,2019-01-12
1473,2019-01-13
1474,2019-01-14
1475,2019-01-15
1476,2019-01-16
1477,2019-01-17
1478,2019-01-18
1479,2019-01-19
1480,2019-01-20
1481,2019-01-21
1482,2019-01-22
1483,2019-01-23
1484,2019-01-24
1485,2019-01-25
1486,2019-01-26
1487,2019-01-27
1488,2019-01-28
1489,2019-01-29
1490,2019-01-30
1491,2019-01-31
1492,2019-02-01
1493,2019-02-02
1494,2019-02-03
1495,2019-02-04
1496,2019-02-05
1497,2019-02-06
1498,2019-02-07
1499,2019-02-08
1500,2019-02-09
1501,2019-02-10
1502,2019-02-11
1503,2019-02-12
1504,2019-02-13
1505,2019-02-14
1506,2019-02-15
1507,2019-02-16
1508,2019-02-17
1509,2019-02-18
1510,2019-02-19
1511,2019-02-20
1512,2019-02-21
1513,2019-02-22
1514,2019-02-23
1515,2019-02-24
1516,2019-02-25
1517,2019-02-26
1518,2019-02-27
1519,2019-02-28
1520,2019-03-01
1521,2019-03-02
1522,2019-03-03
1523,2019-03-04
1524,2019-03-05
1525,2019-03-06
1526,2019-03-07
1527,2019-03-08
1528,2019-03-09
1529,2019-03-10
1530,2019-03-11
1531,2019-03-12
1532,2019-03-13
1533,2019-03-14
1534,2019-03-15
1535,2019-03-16
1536,2019-03-17
1537,2019-03-18
1538,2019-03-19
1539,2019-03-20
1540,2019-03-21
1541,2019-03-22
1542,2019-03-23
1543,2019-03-24
1544,2019-03-25
1545,2019-03-26
1546,2019-03-27
1547,2019-03-28
1548,2019-03-29
1549,2019-03-30
1550,2019-03-31
1551,2019-04-01
1552,2019-04-02
1553,2019-04-03
1554,2019-04-04
1555,2019-04-05
1556,2019-04-06
1557,2019-04-07
1558,2019-04-08
1559,2019-04-09
1560,2019-04-10
1561,2019-04-11
1562,2019-04-12
1563,2019-04-13
1564,2019-04-14
1565,2019-04-15
1566,2019-04-16
1567,2019-04-17
1568,2019-04-18
1569,2019-04-19
1570,2019-04-20
1571,2019-04-21
1572,2019-04-22
1573,2019-04-23
1574,2019-04-24
1575,2019-04-25
1576,2019-04-26
1577,2019-04-27
1578,2019-04-28
1579,2019-04-29
1580,2019-04-30
1581,2019-05-01
1582,2019-05-02
1583,2019-05-03
1584,2019-05-04
1585,2019-05-05
1586,2019-05-06
1587,2019-05-07
1588,2019-05-08
1589,2019-05-09
1590,2019-05-10
1591,2019-05-11
1592,2019-05-12
1593,2019-05-13
1594,2019-05-14
1595,2019-05-15
1596,2019-05-16
1597,2019-05-17
1598,2019-05-18
1599,2019-05-19
1600,2019-05-20
1601,2019-05-21
1602,2019-05-22
1603,2019-05-23
1604,2019-05-24
1605,2019-05-25
1606,2019-05-26
1607,2019-05-27
1608,2019-05-28
1609,2019-05-29
1610,2019-05-30
1611,2019-05-31
1612,2019-06-01
1613,2019-06-02
1614,2019-06-03
1615,2019-06-04
1616,2019-06-05
1617,2019-06-06
1618,2019-06-07
1619,2019-06-08
1620,2019-06-09
1621,2019-06-10
1622,2019-06-11
1623,2019-06-12
1624,2019-06-13
1625,2019-06-14
1626,2019-06-15
1627,2019-06-16
1628,2019-06-17
1629,2019-06-18
1630,2019-06-19
1631,2019-06-20
1632,2019-06-21
1633,2019-06-22
1634,2019-06-23
1635,2019-06-24
1636,2019-06-25
1637,2019-06-26
1638,2019-06-27
1639,2019-06-28
1640,2019-06-29
1641,2019-06-30
1642,2019-07-01
1643,2019-07-02
1644,2019-07-03
1645,2019-07-04
1646,2019-07-05
1647,2019-07-06
1648,2019-07-07
1649,2019-07-08
1650,2019-07-09
1651,2019-07-10
1652,2019-07-11
1653,2019-07-12
1654,2019-07-13
1655,2019-07-14
1656,2019-07-15
1657,2019-07-16
1658,2019-07-17
1659,2019-07-18
1660,2019-07-19
1661,2019-07-20
1662,2019-07-21
1663,2019-07-22
1664,2019-07-23
1665,2019-07-24
1666,2019-07-25
1667,2019-07-26
1668,2019-07-27
1669,2019-07-28
1670,2019-07-29
1671,2019-07-30
1672,2019-07-31
1673,2019-08-01
1674,2019-08-02
1675,2019-08-03
1676,2019-08-04
1677,2019-08-05
1678,2019-08-06
1679,2019-08-07
1680,2019-08-08
1681,2019-08-09
1682,2019-08-10
1683,2019-08-11
1684,2019-08-12
1685,2019-08-13
1686,2019-08-14
1687,2019-08-15
1688,2019-08-16
1689,2019-08-17
1690,2019-08-18
1691,2019-08-19
1692,2019-08-20
1693,2019-08-21
1694,2019-08-22
1695,2019-08-23
1696,2019-08-24
1697,2019-08-25
1698,2019-08-26
1699,2019-08-27
1700,2019-08-28
1701,2019-08-29
1702,2019-08-30
1703,2019-08-31
1704,2019-09-01
1705,2019-09-02
1706,2019-09-03
1707,2019-09-04
1708,2019-09-05
1709,2019-09-06
1710,2019-09-07
1711,2019-09-08
1712,2019-09-09
1713,2019-09-10
1714,2019-09-11
1715,2019-09-12
1716,2019-09-13
1717,2019-09-14
1718,2019-09-15
1719,2019-09-16
1720,2019-09-17
1721,2019-09-18
1722,2019-09-19
1723,2019-09-20
1724,2019-09-21
1725,2019-09-22
1726,2019-09-23
1727,2019-09-24
1728,2019-09-25
1729,2019-09-26
1730,2019-09-27
1731,2019-09-28
1732,2019-09-29
1733,2019-09-30
1734,2019-10-01
1735,2019-10-02
1736,2019-10-03
1737,2019-10-04
1738,2019-10-05
1739,2019-10-06
1740,2019-10-07
1741,2019-10-08
1742,2019-10-09
1743,2019-10-10
1744,2019-10-11
1745,2019-10-12
1746,2019-10-13
1747,2019-10-14
1748,2019-10-15
1749,2019-10-16
1750,2019-10-17
1751,2019-10-18
1752,2019-10-19
1753,2019-10-20
1754,2019-10-21
1755,2019-10-22
1756,2019-10-23
1757,2019-10-24
1758,2019-10-25
1759,2019-10-26
1760,2019-10-27
1761,2019-10-28
1762,2019-10-29
1763,2019-10-30
1764,2019-10-31
1765,2019-11-01
1766,2019-11-02
1767,2019-11-03
1768,2019-11-04
1769,2019-11-05
1770,2019-11-06
1771,2019-11-07
1772,2019-11-08
1773,2019-11-09
1774,2019-11-10
1775,2019-11-11
1776,2019-11-12
1777,2019-11-13
1778,2019-11-14
1779,2019-11-15
1780,2019-11-16
1781,2019-11-17
1782,2019-11-18
1783,2019-11-19
1784,2019-11-20
1785,2019-11-21
1786,2019-11-22
1787,2019-11-23
1788,2019-11-24
1789,2019-11-25
1790,2019-11-26
1791,2019-11-27
1792,2019-11-28
1793,2019-11-29
1794,2019-11-30
1795,2019-12-01
1796,2019-12-02
1797,2019-12-03
1798,2019-12-04
1799,2019-12-05
1800,2019-12-06
1801,2019-12-07
1802,2019-12-08
1803,2019-12-09
1804,2019-12-10
1805,2019-12-11
1806,2019-12-12
1807,2019-12-13
1808,2019-12-14
1809,2019-12-15
1810,2019-12-16
1811,2019-12-17
1812,2019-12-18
1813,2019-12-19
1814,2019-12-20
1815,2019-12-21
1816,2019-12-22
1817,2019-12-23
1818,2019-12-24
1819,2019-12-25
1820,2019-12-26
1821,2019-12-27
1822,2019-12-28
1823,2019-12-29
1824,2019-12-30
1825,2019-12-31
1826,2020-01-01
1827,2020-01-02
1828,2020-01-03
1829,2020-01-04
1830,2020-01-05
1831,2020-01-06
1832,2020-01-07
1833,2020-01-08
1834,2020-01-09
1835,2020-01-10
1836,2020-01-11
1837,2020-01-12
1838,2020-01-13
1839,2020-01-14
1840,2020-01-15
1841,2020-01-16
1842,2020-01-17
1843,2020-01-18
1844,2020-01-19
1845,2020-01-20
1846,2020-01-21
1847,2020-01-22
1848,2020-01-23
1849,2020-01-24
1850,2020-01-25
1851,2020-01-26
1852,2020-01-27
1853,2020-01-28
1854,2020-01-29
1855,2020-01-30
1856,2020-01-31
1857,2020-02-01
1858,2020-02-02
1859,2020-02-03
1860,2020-02-04
1861,2020-02-05
1862,2020-02-06
1863,2020-02-07
1864,2020-02-08
1865,2020-02-09
1866,2020-02-10
1867,2020-02-11
1868,2020-02-12
1869,2020-02-13
1870,2020-02-14
1871,2020-02-15
1872,2020-02-16
1873,2020-02-17
1874,2020-02-18
1875,2020-02-19
1876,2020-02-20
1877,2020-02-21
1878,2020-02-22
1879,2020-02-23
1880,2020-02-24
1881,2020-02-25
1882,2020-02-26
1883,2020-02-27
1884,2020-02-28
1885,2020-02-29
1886,2020-03-01
1887,2020-03-02
1888,2020-03-03
1889,2020-03-04
1890,2020-03-05
1891,2020-03-06
1892,2020-03-07
1893,2020-03-08
1894,2020-03-09
1895,2020-03-10
1896,2020-03-11
1897,2020-03-12
1898,2020-03-13
1899,2020-03-14
1900,2020-03-15
1901,2020-03-16
1902,2020-03-17
1903,2020-03-18
1904,2020-03-19
1905,2020-03-20
1906,2020-03-21
1907,2020-03-22
1908,2020-03-23
1909,2020-03-24
1910,2020-03-25
1911,2020-03-26
1912,2020-03-27
1913,2020-03-28
1914,2020-03-29
1915,2020-03-30
1916,2020-03-31
1917,2020-04-01
1918,2020-04-02
1919,2020-04-03
1920,2020-04-04
1921,2020-04-05
1922,2020-04-06
1923,2020-04-07
1924,2020-04-08
1925,2020-04-09
1926,2020-04-10
1927,2020-04-11
1928,2020-04-12
1929,2020-04-13
1930,2020-04-14
1931,2020-04-15
1932,2020-04-16
1933,2020-04-17
1934,2020-04-18
1935,2020-04-19
1936,2020-04-20
1937,2020-04-21
1938,2020-04-22
1939,2020-04-23
1940,2020-04-24
1941,2020-04-25
1942,2020-04-26
1943,2020-04-27
1944,2020-04-28
1945,2020-04-29
1946,2020-04-30
1947,2020-05-01
1948,2020-05-02
1949,2020-05-03
1950,2020-05-04
1951,2020-05-05
1952,2020-05-06
1953,2020-05-07
1954,2020-05-08
1955,2020-05-09
1956,2020-05-10
1957,2020-05-11
1958,2020-05-12
1959,2020-05-13
1960,2020-05-14
1961,2020-05-15
1962,2020-05-16
1963,2020-05-17
1964,2020-05-18
1965,2020-05-19
1966,2020-05-20
1967,2020-05-21
1968,2020-05-22
1969,2020-05-23
1970,2020-05-24
1971,2020-05-25
1972,2020-05-26
1973,2020-05-27
1974,2020-05-28
1975,2020-05-29
1976,2020-05-30
1977,2020-05-31
1978,2020-06-01
1979,2020-06-02
1980,2020-06-03
1981,2020-06-04
1982,2020-06-05
1983,2020-06-06
1984,2020-06-07
1985,2020-06-08
1986,2020-06-09
1987,2020-06-10
1988,2020-06-11
1989,2020-06-12
1990,2020-06-13
1991,2020-06-14
1992,2020-06-15
1993,2020-06-16
1994,2020-06-17
1995,2020-06-18
1996,2020-06-19
1997,2020-06-20
1998,2020-06-21
1999,2020-06-22
2000,2020-06-23
2001,2020-06-24
2002,2020-06-25
2003,2020-06-26
2004,2020-06-27
2005,2020-06-28
2006,2020-06-29
2007,2020-06-30
2008,2020-07-01
2009,2020-07-02
2010,2020-07-03
2011,2020-07-04
2012,2020-07-05
2013,2020-07-06
2014,2020-07-07
2015,2020-07-08
2016,2020-07-09
2017,2020-07-10
2018,2020-07-11
2019,2020-07-12
2020,2020-07-13
2021,2020-07-14
2022,2020-07-15
2023,2020-07-16
2024,2020-07-17
2025,2020-07-18
2026,2020-07-19
2027,2020-07-20
2028,2020-07-21
2029,2020-07-22
2030,2020-07-23
2031,2020-07-24
2032,2020-07-25
2033,2020-07-26
2034,2020-07-27
2035,2020-07-28
2036,2020-07-29
2037,2020-07-30
2038,2020-07-31
2039,2020-08-01
2040,2020-08-02
2041,2020-08-03
2042,2020-08-04
2043,2020-08-05
2044,2020-08-06
2045,2020-08-07
2046,2020-08-08
2047,2020-08-09
2048,2020-08-10
2049,2020-08-11
2050,2020-08-12
2051,2020-08-13
2052,2020-08-14
2053,2020-08-15
2054,2020-08-16
2055,2020-08-17
2056,2020-08-18
2057,2020-08-19
2058,2020-08-20
2059,2020-08-21
2060,2020-08-22
2061,2020-08-23
2062,2020-08-24
2063,2020-08-25
2064,2020-08-26
2065,2020-08-27
2066,2020-08-28
2067,2020-08-29
2068,2020-08-30
2069,2020-08-31
2070,2020-09-01
2071,2020-09-02
2072,2020-09-03
2073,2020-09-04
2074,2020-09-05
2075,2020-09-06
2076,2020-09-07
2077,2020-09-08
2078,2020-09-09
2079,2020-09-10
2080,2020-09-11
2081,2020-09-12
2082,2020-09-13
2083,2020-09-14
2084,2020-09-15
2085,2020-09-16
2086,2020-09-17
2087,2020-09-18
2088,2020-09-19
2089,2020-09-20
2090,2020-09-21
2091,2020-09-22
2092,2020-09-23
2093,2020-09-24
2094,2020-09-25
2095,2020-09-26
2096,2020-09-27
2097,2020-09-28
2098,2020-09-29
2099,2020-09-30
2100,2020-10-01
2101,2020-10-02
2102,2020-10-03
2103,2020-10-04
2104,2020-10-05
2105,2020-10-06
2106,2020-10-07
2107,2020-10-08
2108,2020-10-09
2109,2020-10-10
2110,2020-10-11
2111,2020-10-12
2112,2020-10-13
2113,2020-10-14
2114,2020-10-15
2115,2020-10-16
2116,2020-10-17
2117,2020-10-18
2118,2020-10-19
2119,2020-10-20
2120,2020-10-21
2121,2020-10-22
2122,2020-10-23
2123,2020-10-24
2124,2020-10-25
2125,2020-10-26
2126,2020-10-27
2127,2020-10-28
2128,2020-10-29
2129,2020-10-30
2130,2020-10-31
2131,2020-11-01
2132,2020-11-02
2133,2020-11-03
2134,2020-11-04
2135,2020-11-05
2136,2020-11-06
2137,2020-11-07
2138,2020-11-08
2139,2020-11-09
2140,2020-11-10
2141,2020-11-11
2142,2020-11-12
2143,2020-11-13
2144,2020-11-14
2145,2020-11-15
2146,2020-11-16
2147,2020-11-17
2148,2020-11-18
2149,2020-11-19
2150,2020-11-20
2151,2020-11-21
2152,2020-11-22
2153,2020-11-23
2154,2020-11-24
2155,2020-11-25
2156,2020-11-26
2157,2020-11-27
2158,2020-11-28
2159,2020-11-29
2160,2020-11-30
2161,2020-12-01
2162,2020-12-02
2163,2020-12-03
2164,2020-12-04
2165,2020-12-05
2166,2020-12-06
2167,2020-12-07
2168,2020-12-08
2169,2020-12-09
2170,2020-12-10
2171,2020-12-11
2172,2020-12-12
2173,2020-12-13
2174,2020-12-14
2175,2020-12-15
2176,2020-12-16
2177,2020-12-17
2178,2020-12-18
2179,2020-12-19
2180,2020-12-20
2181,2020-12-21
2182,2020-12-22
2183,2020-12-23
2184,2020-12-24
2185,2020-12-25
2186,2020-12-26
2187,2020-12-27
2188,2020-12-28
2189,2020-12-29
2190,2020-12-30
2191,2020-12-31
2192,2021-01-01
2193,2021-01-02
2194,2021-01-03
2195,2021-01-04
2196,2021-01-05
2197,2021-01-06
2198,2021-01-07
2199,2021-01-08
2200,2021-01-09
2201,2021-01-10
2202,2021-01-11
2203,2021-01-12
2204,2021-01-13
2205,2021-01-14
2206,2021-01-15
2207,2021-01-16
2208,2021-01-17
2209,2021-01-18
2210,2021-01-19
2211,2021-01-20
2212,2021-01-21
2213,2021-01-22
2214,2021-01-23
2215,2021-01-24
2216,2021-01-25
2217,2021-01-26
2218,2021-01-27
2219,2021-01-28
2220,2021-01-29
2221,2021-01-30
2222,2021-01-31
2223,2021-02-01
2224,2021-02-02
2225,2021-02-03
2226,2021-02-04
2227,2021-02-05
2228,2021-02-06
2229,2021-02-07
2230,2021-02-08
2231,2021-02-09
2232,2021-02-10
2233,2021-02-11
2234,2021-02-12
2235,2021-02-13
2236,2021-02-14
2237,2021-02-15
2238,2021-02-16
2239,2021-02-17
2240,2021-02-18
2241,2021-02-19
2242,2021-02-20
2243,2021-02-21
2244,2021-02-22
2245,2021-02-23
2246,2021-02-24
2247,2021-02-25
2248,2021-02-26
2249,2021-02-27
2250,2021-02-28
2251,2021-03-01
2252,2021-03-02
2253,2021-03-03
2254,2021-03-04
2255,2021-03-05
2256,2021-03-06
2257,2021-03-07
2258,2021-03-08
2259,2021-03-09
2260,2021-03-10
2261,2021-03-11
2262,2021-03-12
2263,2021-03-13
2264,2021-03-14
2265,2021-03-15
2266,2021-03-16
2267,2021-03-17
2268,2021-03-18
2269,2021-03-19
2270,2021-03-20
2271,2021-03-21
2272,2021-03-22
2273,2021-03-23
2274,2021-03-24
2275,2021-03-25
2276,2021-03-26
2277,2021-03-27
2278,2021-03-28
2279,2021-03-29
2280,2021-03-30
2281,2021-03-31
2282,2021-04-01
2283,2021-04-02
2284,2021-04-03
2285,2021-04-04
2286,2021-04-05
2287,2021-04-06
2288,2021-04-07
2289,2021-04-08
2290,2021-04-09
2291,2021-04-10
2292,2021-04-11
2293,2021-04-12
2294,2021-04-13
2295,2021-04-14
2296,2021-04-15
2297,2021-04-16
2298,2021-04-17
2299,2021-04-18
2300,2021-04-19
2301,2021-04-20
2302,2021-04-21
2303,2021-04-22
2304,2021-04-23
2305,2021-04-24
2306,2021-04-25
2307,2021-04-26
2308,2021-04-27
2309,2021-04-28
2310,2021-04-29
2311,2021-04-30
2312,2021-05-01
2313,2021-05-02
2314,2021-05-03
2315,2021-05-04
2316,2021-05-05
2317,2021-05-06
2318,2021-05-07
2319,2021-05-08
2320,2021-05-09
2321,2021-05-10
2322,2021-05-11
2323,2021-05-12
2324,2021-05-13
2325,2021-05-14
2326,2021-05-15
2327,2021-05-16
2328,2021-05-17
2329,2021-05-18
2330,2021-05-19
2331,2021-05-20
2332,2021-05-21
2333,2021-05-22
2334,2021-05-23
2335,2021-05-24
2336,2021-05-25
2337,2021-05-26
2338,2021-05-27
2339,2021-05-28
2340,2021-05-29
2341,2021-05-30
2342,2021-05-31
2343,2021-06-01
2344,2021-06-02
2345,2021-06-03
2346,2021-06-04
2347,2021-06-05
2348,2021-06-06
2349,2021-06-07
2350,2021-06-08
2351,2021-06-09
2352,2021-06-10
2353,2021-06-11
2354,2021-06-12
2355,2021-06-13
2356,2021-06-14
2357,2021-06-15
2358,2021-06-16
2359,2021-06-17
2360,2021-06-18
2361,2021-06-19
2362,2021-06-20
2363,2021-06-21
2364,2021-06-22
2365,2021-06-23
2366,2021-06-24
2367,2021-06-25
2368,2021-06-26
2369,2021-06-27
2370,2021-06-28
2371,2021-06-29
2372,2021-06-30
2373,2021-07-01
2374,2021-07-02
2375,2021-07-03
2376,2021-07-04
2377,2021-07-05
2378,2021-07-06
2379,2021-07-07
2380,2021-07-08
2381,2021-07-09
2382,2021-07-10
2383,2021-07-11
2384,2021-07-12
2385,2021-07-13
2386,2021-07-14
2387,2021-07-15
2388,2021-07-16
2389,2021-07-17
2390,2021-07-18
2391,2021-07-19
2392,2021-07-20
2393,2021-07-21
2394,2021-07-22
2395,2021-07-23
2396,2021-07-24
2397,2021-07-25
2398,2021-07-26
2399,2021-07-27
2400,2021-07-28
2401,2021-07-29
2402,2021-07-30
2403,2021-07-31
2404,2021-08-01
2405,2021-08-02
2406,2021-08-03
2407,2021-08-04
2408,2021-08-05
2409,2021-08-06
2410,2021-08-07
2411,2021-08-08
2412,2021-08-09
2413,2021-08-10
2414,2021-08-11
2415,2021-08-12
2416,2021-08-13
2417,2021-08-14
2418,2021-08-15
2419,2021-08-16
2420,2021-08-17
2421,2021-08-18
2422,2021-08-19
2423,2021-08-20
2424,2021-08-21
2425,2021-08-22
2426,2021-08-23
2427,2021-08-24
2428,2021-08-25
2429,2021-08-26
2430,2021-08-27
2431,2021-08-28
2432,2021-08-29
2433,2021-08-30
2434,2021-08-31
2435,2021-09-01
2436,2021-09-02
2437,2021-09-03
2438,2021-09-04
2439,2021-09-05
2440,2021-09-06
2441,2021-09-07
2442,2021-09-08
2443,2021-09-09
2444,2021-09-10
2445,2021-09-11
2446,2021-09-12
2447,2021-09-13
2448,2021-09-14
2449,2021-09-15
2450,2021-09-16
2451,2021-09-17
2452,2021-09-18
2453,2021-09-19
2454,2021-09-20
2455,2021-09-21
2456,2021-09-22
2457,2021-09-23
2458,2021-09-24
2459,2021-09-25
2460,2021-09-26
2461,2021-09-27
2462,2021-09-28
2463,2021-09-29
2464,2021-09-30
2465,2021-10-01
2466,2021-10-02
2467,2021-10-03
2468,2021-10-04
2469,2021-10-05
2470,2021-10-06
2471,2021-10-07
2472,2021-10-08
2473,2021-10-09
2474,2021-10-10
2475,2021-10-11
2476,2021-10-12
2477,2021-10-13
2478,2021-10-14
2479,2021-10-15
2480,2021-10-16
2481,2021-10-17
2482,2021-10-18
2483,2021-10-19
2484,2021-10-20
2485,2021-10-21
2486,2021-10-22
2487,2021-10-23
2488,2021-10-24
2489,2021-10-25
2490,2021-10-26
2491,2021-10-27
2492,2021-10-28
2493,2021-10-29
2494,2021-10-30
2495,2021-10-31
2496,2021-11-01
2497,2021-11-02
2498,2021-11-03
2499,2021-11-04
2500,2021-11-05
2501,2021-11-06
2502,2021-11-07
2503,2021-11-08
2504,2021-11-09
2505,2021-11-10
2506,2021-11-11
2507,2021-11-12
2508,2021-11-13
2509,2021-11-14
2510,2021-11-15
2511,2021-11-16
2512,2021-11-17
2513,2021-11-18
2514,2021-11-19
2515,2021-11-20
2516,2021-11-21
2517,2021-11-22
2518,2021-11-23
2519,2021-11-24
2520,2021-11-25
2521,2021-11-26
2522,2021-11-27
2523,2021-11-28
2524,2021-11-29
2525,2021-11-30
2526,2021-12-01
2527,2021-12-02
2528,2021-12-03
2529,2021-12-04
2530,2021-12-05
2531,2021-12-06
2532,2021-12-07
2533,2021-12-08
2534,2021-12-09
2535,2021-12-10
2536,2021-12-11
2537,2021-12-12
2538,2021-12-13
2539,2021-12-14
2540,2021-12-15
2541,2021-12-16
2542,2021-12-17
2543,2021-12-18
2544,2021-12-19
2545,2021-12-20
2546,2021-12-21
2547,2021-12-22
2548,2021-12-23
2549,2021-12-24
2550,2021-12-25
2551,2021-12-26
2552,2021-12-27
2553,2021-12-28
2554,2021-12-29
2555,2021-12-30
2556,2021-12-31
2557,2022-01-01
2558,2022-01-02
2559,2022-01-03
2560,2022-01-04
2561,2022-01-05
2562,2022-01-06
2563,2022-01-07
2564,2022-01-08
2565,2022-01-09
2566,2022-01-10
2567,2022-01-11
2568,2022-01-12
2569,2022-01-13
2570,2022-01-14
2571,2022-01-15
2572,2022-01-16
2573,2022-01-17
2574,2022-01-18
2575,2022-01-19
2576,2022-01-20
2577,2022-01-21
2578,2022-01-22
2579,2022-01-23
2580,2022-01-24
2581,2022-01-25
2582,2022-01-26
2583,2022-01-27
2584,2022-01-28
2585,2022-01-29
2586,2022-01-30
2587,2022-01-31
2588,2022-02-01
2589,2022-02-02
2590,2022-02-03
2591,2022-02-04
2592,2022-02-05
2593,2022-02-06
2594,2022-02-07
2595,2022-02-08
2596,2022-02-09
2597,2022-02-10
2598,2022-02-11
2599,2022-02-12
2600,2022-02-13
2601,2022-02-14
2602,2022-02-15
2603,2022-02-16
2604,2022-02-17
2605,2022-02-18
2606,2022-02-19
2607,2022-02-20
2608,2022-02-21
2609,2022-02-22
2610,2022-02-23
2611,2022-02-24
2612,2022-02-25
2613,2022-02-26
2614,2022-02-27
2615,2022-02-28
2616,2022-03-01
2617,2022-03-02
2618,2022-03-03
2619,2022-03-04
2620,2022-03-05
2621,2022-03-06
2622,2022-03-07
2623,2022-03-08
2624,2022-03-09
2625,2022-03-10
2626,2022-03-11
2627,2022-03-12
2628,2022-03-13
2629,2022-03-14
2630,2022-03-15
2631,2022-03-16
2632,2022-03-17
2633,2022-03-18
2634,2022-03-19
2635,2022-03-20
2636,2022-03-21
2637,2022-03-22
2638,2022-03-23
2639,2022-03-24
2640,2022-03-25
2641,2022-03-26
2642,2022-03-27
2643,2022-03-28
2644,2022-03-29
2645,2022-03-30
2646,2022-03-31
2647,2022-04-01
2648,2022-04-02
2649,2022-04-03
2650,2022-04-04
2651,2022-04-05
2652,2022-04-06
2653,2022-04-07
2654,2022-04-08
2655,2022-04-09
2656,2022-04-10
2657,2022-04-11
2658,2022-04-12
2659,2022-04-13
2660,2022-04-14
2661,2022-04-15
2662,2022-04-16
2663,2022-04-17
2664,2022-04-18
2665,2022-04-19
2666,2022-04-20
2667,2022-04-21
2668,2022-04-22
2669,2022-04-23
2670,2022-04-24
2671,2022-04-25
2672,2022-04-26
2673,2022-04-27
2674,2022-04-28
2675,2022-04-29
2676,2022-04-30
2677,2022-05-01
2678,2022-05-02
2679,2022-05-03
2680,2022-05-04
2681,2022-05-05
2682,2022-05-06
2683,2022-05-07
2684,2022-05-08
2685,2022-05-09
2686,2022-05-10
2687,2022-05-11
2688,2022-05-12
2689,2022-05-13
2690,2022-05-14
2691,2022-05-15
2692,2022-05-16
2693,2022-05-17
2694,2022-05-18
2695,2022-05-19
2696,2022-05-20
2697,2022-05-21
2698,2022-05-22
2699,2022-05-23
2700,2022-05-24
2701,2022-05-25
2702,2022-05-26
2703,2022-05-27
2704,2022-05-28
2705,2022-05-29
2706,2022-05-30
2707,2022-05-31
2708,2022-06-01
2709,2022-06-02
2710,2022-06-03
2711,2022-06-04
2712,2022-06-05
2713,2022-06-06
2714,2022-06-07
2715,2022-06-08
2716,2022-06-09
2717,2022-06-10
2718,2022-06-11
2719,2022-06-12
2720,2022-06-13
2721,2022-06-14
2722,2022-06-15
2723,2022-06-16
2724,2022-06-17
2725,2022-06-18
2726,2022-06-19
2727,2022-06-20
2728,2022-06-21
2729,2022-06-22
2730,2022-06-23
2731,2022-06-24
2732,2022-06-25
2733,2022-06-26
2734,2022-06-27
2735,2022-06-28
2736,2022-06-29
2737,2022-06-30
2738,2022-07-01
2739,2022-07-02
2740,2022-07-03
2741,2022-07-04
2742,2022-07-05
2743,2022-07-06
2744,2022-07-07
2745,2022-07-08
2746,2022-07-09
2747,2022-07-10
2748,2022-07-11
2749,2022-07-12
2750,2022-07-13
2751,2022-07-14
2752,2022-07-15
2753,2022-07-16
2754,2022-07-17
2755,2022-07-18
2756,2022-07-19
2757,2022-07-20
2758,2022-07-21
2759,2022-07-22
2760,2022-07-23
2761,2022-07-24
2762,2022-07-25
2763,2022-07-26
2764,2022-07-27
2765,2022-07-28
2766,2022-07-29
2767,2022-07-30
2768,2022-07-31
2769,2022-08-01
2770,2022-08-02
2771,2022-08-03
2772,2022-08-04
2773,2022-08-05
2774,2022-08-06
2775,2022-08-07
2776,2022-08-08
2777,2022-08-09
2778,2022-08-10
2779,2022-08-11
2780,2022-08-12
2781,2022-08-13
2782,2022-08-14
2783,2022-08-15
2784,2022-08-16
2785,2022-08-17
2786,2022-08-18
2787,2022-08-19
2788,2022-08-20
2789,2022-08-21
2790,2022-08-22
2791,2022-08-23
2792,2022-08-24
2793,2022-08-25
2794,2022-08-26
2795,2022-08-27
2796,2022-08-28
2797,2022-08-29
2798,2022-08-30
2799,2022-08-31
2800,2022-09-01
2801,2022-09-02
2802,2022-09-03
2803,2022-09-04
2804,2022-09-05
2805,2022-09-06
2806,2022-09-07
2807,2022-09-08
2808,2022-09-09
2809,2022-09-10
2810,2022-09-11
2811,2022-09-12
2812,2022-09-13
2813,2022-09-14
2814,2022-09-15
2815,2022-09-16
2816,2022-09-17
2817,2022-09-18
2818,2022-09-19
2819,2022-09-20
2820,2022-09-21
2821,2022-09-22
2822,2022-09-23
2823,2022-09-24
2824,2022-09-25
2825,2022-09-26
2826,2022-09-27
2827,2022-09-28
2828,2022-09-29
2829,2022-09-30
2830,2022-10-01
2831,2022-10-02
2832,2022-10-03
2833,2022-10-04
2834,2022-10-05
2835,2022-10-06
2836,2022-10-07
2837,2022-10-08
2838,2022-10-09
2839,2022-10-10
2840,2022-10-11
2841,2022-10-12
2842,2022-10-13
2843,2022-10-14
2844,2022-10-15
2845,2022-10-16
2846,2022-10-17
2847,2022-10-18
2848,2022-10-19
2849,2022-10-20
2850,2022-10-21
2851,2022-10-22
2852,2022-10-23
2853,2022-10-24
2854,2022-10-25
2855,2022-10-26
2856,2022-10-27
2857,2022-10-28
2858,2022-10-29
2859,2022-10-30
2860,2022-10-31
2861,2022-11-01
2862,2022-11-02
2863,2022-11-03
2864,2022-11-04
2865,2022-11-05
2866,2022-11-06
2867,2022-11-07
2868,2022-11-08
2869,2022-11-09
2870,2022-11-10
2871,2022-11-11
2872,2022-11-12
2873,2022-11-13
2874,2022-11-14
2875,2022-11-15
2876,2022-11-16
2877,2022-11-17
2878,2022-11-18
2879,2022-11-19
2880,2022-11-20
2881,2022-11-21
2882,2022-11-22
2883,2022-11-23
2884,2022-11-24
2885,2022-11-25
2886,2022-11-26
2887,2022-11-27
2888,2022-11-28
2889,2022-11-29
2890,2022-11-30
2891,2022-12-01
2892,2022-12-02
2893,2022-12-03
2894,2022-12-04
2895,2022-12-05
2896,2022-12-06
2897,2022-12-07
2898,2022-12-08
2899,2022-12-09
2900,2022-12-10
2901,2022-12-11
2902,2022-12-12
2903,2022-12-13
2904,2022-12-14
2905,2022-12-15
2906,2022-12-16
2907,2022-12-17
2908,2022-12-18
2909,2022-12-19
2910,2022-12-20
2911,2022-12-21
2912,2022-12-22
2913,2022-12-23
2914,2022-12-24
2915,2022-12-25
2916,2022-12-26
2917,2022-12-27
2918,2022-12-28
2919,2022-12-29
2920,2022-12-30
2921,2022-12-31
2922,2023-01-01
2923,2023-01-02
2924,2023-01-03
2925,2023-01-04
2926,2023-01-05
2927,2023-01-06
2928,2023-01-07
2929,2023-01-08
2930,2023-01-09
2931,2023-01-10
2932,2023-01-11
2933,2023-01-12
2934,2023-01-13
2935,2023-01-14
2936,2023-01-15
2937,2023-01-16
2938,2023-01-17
2939,2023-01-18
2940,2023-01-19
2941,2023-01-20
2942,2023-01-21
2943,2023-01-22
2944,2023-01-23
2945,2023-01-24
2946,2023-01-25
2947,2023-01-26
2948,2023-01-27
2949,2023-01-28
2950,2023-01-29
2951,2023-01-30
2952,2023-01-31
2953,2023-02-01
2954,2023-02-02
2955,2023-02-03
2956,2023-02-04
2957,2023-02-05
2958,2023-02-06
2959,2023-02-07
2960,2023-02-08
2961,2023-02-09
2962,2023-02-10
2963,2023-02-11
2964,2023-02-12
2965,2023-02-13
2966,2023-02-14
2967,2023-02-15
2968,2023-02-16
2969,2023-02-17
2970,2023-02-18
2971,2023-02-19
2972,2023-02-20
2973,2023-02-21
2974,2023-02-22
2975,2023-02-23
2976,2023-02-24
2977,2023-02-25
2978,2023-02-26
2979,2023-02-27
2980,2023-02-28
2981,2023-03-01
2982,2023-03-02
2983,2023-03-03
2984,2023-03-04
2985,2023-03-05
2986,2023-03-06
2987,2023-03-07
2988,2023-03-08
2989,2023-03-09
2990,2023-03-10
2991,2023-03-11
2992,2023-03-12
2993,2023-03-13
2994,2023-03-14
2995,2023-03-15
2996,2023-03-16
2997,2023-03-17
2998,2023-03-18
2999,2023-03-19
3000,2023-03-20
3001,2023-03-21
3002,2023-03-22
3003,2023-03-23
3004,2023-03-24
3005,2023-03-25
3006,2023-03-26
3007,2023-03-27
3008,2023-03-28
3009,2023-03-29
3010,2023-03-30
3011,2023-03-31
3012,2023-04-01
3013,2023-04-02
3014,2023-04-03
3015,2023-04-04
3016,2023-04-05
3017,2023-04-06
3018,2023-04-07
3019,2023-04-08
3020,2023-04-09
3021,2023-04-10
3022,2023-04-11
3023,2023-04-12
3024,2023-04-13
3025,2023-04-14
3026,2023-04-15
3027,2023-04-16
3028,2023-04-17
3029,2023-04-18
3030,2023-04-19
3031,2023-04-20
3032,2023-04-21
3033,2023-04-22
3034,2023-04-23
3035,2023-04-24
3036,2023-04-25
3037,2023-04-26
3038,2023-04-27
3039,2023-04-28
3040,2023-04-29
3041,2023-04-30
3042,2023-05-01
3043,2023-05-02
3044,2023-05-03
3045,2023-05-04
3046,2023-05-05
3047,2023-05-06
3048,2023-05-07
3049,2023-05-08
3050,2023-05-09
3051,2023-05-10
3052,2023-05-11
3053,2023-05-12
3054,2023-05-13
3055,2023-05-14
3056,2023-05-15
3057,2023-05-16
3058,2023-05-17
3059,2023-05-18
3060,2023-05-19
3061,2023-05-20
3062,2023-05-21
3063,2023-05-22
3064,2023-05-23
3065,2023-05-24
3066,2023-05-25
3067,2023-05-26
3068,2023-05-27
3069,2023-05-28
3070,2023-05-29
3071,2023-05-30
3072,2023-05-31
3073,2023-06-01
3074,2023-06-02
3075,2023-06-03
3076,2023-06-04
3077,2023-06-05
3078,2023-06-06
3079,2023-06-07
3080,2023-06-08
3081,2023-06-09
3082,2023-06-10
3083,2023-06-11
3084,2023-06-12
3085,2023-06-13
3086,2023-06-14
3087,2023-06-15
3088,2023-06-16
3089,2023-06-17
3090,2023-06-18
3091,2023-06-19
3092,2023-06-20
3093,2023-06-21
3094,2023-06-22
3095,2023-06-23
3096,2023-06-24
3097,2023-06-25
3098,2023-06-26
3099,2023-06-27
3100,2023-06-28
3101,2023-06-29
3102,2023-06-30
3103,2023-07-01
3104,2023-07-02
3105,2023-07-03
3106,2023-07-04
3107,2023-07-05
3108,2023-07-06
3109,2023-07-07
3110,2023-07-08
3111,2023-07-09
3112,2023-07-10
3113,2023-07-11
3114,2023-07-12
3115,2023-07-13
3116,2023-07-14
3117,2023-07-15
3118,2023-07-16
3119,2023-07-17
3120,2023-07-18
3121,2023-07-19
3122,2023-07-20
3123,2023-07-21
3124,2023-07-22
3125,2023-07-23
3126,2023-07-24
3127,2023-07-25
3128,2023-07-26
3129,2023-07-27
3130,2023-07-28
3131,2023-07-29
3132,2023-07-30
3133,2023-07-31
3134,2023-08-01
3135,2023-08-02
3136,2023-08-03
3137,2023-08-04
3138,2023-08-05
3139,2023-08-06
3140,2023-08-07
3141,2023-08-08
3142,2023-08-09
3143,2023-08-10
3144,2023-08-11
3145,2023-08-12
3146,2023-08-13
3147,2023-08-14
3148,2023-08-15
3149,2023-08-16
3150,2023-08-17
3151,2023-08-18
3152,2023-08-19
3153,2023-08-20
3154,2023-08-21
3155,2023-08-22
3156,2023-08-23
3157,2023-08-24
3158,2023-08-25
3159,2023-08-26
3160,2023-08-27
3161,2023-08-28
3162,2023-08-29
3163,2023-08-30
3164,2023-08-31
3165,2023-09-01
3166,2023-09-02
3167,2023-09-03
3168,2023-09-04
3169,2023-09-05
3170,2023-09-06
3171,2023-09-07
3172,2023-09-08
3173,2023-09-09
3174,2023-09-10
3175,2023-09-11
3176,2023-09-12
3177,2023-09-13
3178,2023-09-14
3179,2023-09-15
3180,2023-09-16
3181,2023-09-17
3182,2023-09-18
3183,2023-09-19
3184,2023-09-20
3185,2023-09-21
3186,2023-09-22
3187,2023-09-23
3188,2023-09-24
3189,2023-09-25
3190,2023-09-26
3191,2023-09-27
3192,2023-09-28
3193,2023-09-29
3194,2023-09-30
3195,2023-10-01
3196,2023-10-02
3197,2023-10-03
3198,2023-10-04
3199,2023-10-05
3200,2023-10-06
3201,2023-10-07
3202,2023-10-08
3203,2023-10-09
3204,2023-10-10
3205,2023-10-11
3206,2023-10-12
3207,2023-10-13
3208,2023-10-14
3209,2023-10-15
3210,2023-10-16
3211,2023-10-17
3212,2023-10-18
3213,2023-10-19
3214,2023-10-20
3215,2023-10-21
3216,2023-10-22
3217,2023-10-23
3218,2023-10-24
3219,2023-10-25
3220,2023-10-26
3221,2023-10-27
3222,2023-10-28
3223,2023-10-29
3224,2023-10-30
3225,2023-10-31
3226,2023-11-01
3227,2023-11-02
3228,2023-11-03
3229,2023-11-04
3230,2023-11-05
3231,2023-11-06
3232,2023-11-07
3233,2023-11-08
3234,2023-11-09
3235,2023-11-10
3236,2023-11-11
3237,2023-11-12
3238,2023-11-13
3239,2023-11-14
3240,2023-11-15
3241,2023-11-16
3242,2023-11-17
3243,2023-11-18
3244,2023-11-19
3245,2023-11-20
3246,2023-11-21
3247,2023-11-22
3248,2023-11-23
3249,2023-11-24
3250,2023-11-25
3251,2023-11-26
3252,2023-11-27
3253,2023-11-28
3254,2023-11-29
3255,2023-11-30
3256,2023-12-01
3257,2023-12-02
3258,2023-12-03
3259,2023-12-04
3260,2023-12-05
3261,2023-12-06
3262,2023-12-07
3263,2023-12-08
3264,2023-12-09
3265,2023-12-10
3266,2023-12-11
3267,2023-12-12
3268,2023-12-13
3269,2023-12-14
3270,2023-12-15
3271,2023-12-16
3272,2023-12-17
3273,2023-12-18
3274,2023-12-19
3275,2023-12-20
3276,2023-12-21
3277,2023-12-22
3278,2023-12-23
3279,2023-12-24
3280,2023-12-25
3281,2023-12-26
3282,2023-12-27
3283,2023-12-28
3284,2023-12-29
3285,2023-12-30
3286,2023-12-31
3287,2024-01-01
3288,2024-01-02
3289,2024-01-03
3290,2024-01-04
3291,2024-01-05
3292,2024-01-06
3293,2024-01-07
3294,2024-01-08
3295,2024-01-09
3296,2024-01-10
3297,2024-01-11
3298,2024-01-12
3299,2024-01-13
3300,2024-01-14
3301,2024-01-15
3302,2024-01-16
3303,2024-01-17
3304,2024-01-18
3305,2024-01-19
3306,2024-01-20
3307,2024-01-21
3308,2024-01-22
3309,2024-01-23
3310,2024-01-24
3311,2024-01-25
3312,2024-01-26
3313,2024-01-27
3314,2024-01-28
3315,2024-01-29
3316,2024-01-30
3317,2024-01-31
3318,2024-02-01
3319,2024-02-02
3320,2024-02-03
3321,2024-02-04
3322,2024-02-05
3323,2024-02-06
3324,2024-02-07
3325,2024-02-08
3326,2024-02-09
3327,2024-02-10
3328,2024-02-11
3329,2024-02-12
3330,2024-02-13
3331,2024-02-14
3332,2024-02-15
3333,2024-02-16
3334,2024-02-17
3335,2024-02-18
3336,2024-02-19
3337,2024-02-20
3338,2024-02-21
3339,2024-02-22
3340,2024-02-23
3341,2024-02-24
3342,2024-02-25
3343,2024-02-26
3344,2024-02-27
3345,2024-02-28
3346,2024-02-29
3347,2024-03-01
3348,2024-03-02
3349,2024-03-03
3350,2024-03-04
3351,2024-03-05
3352,2024-03-06
3353,2024-03-07
3354,2024-03-08
3355,2024-03-09
3356,2024-03-10
3357,2024-03-11
3358,2024-03-12
3359,2024-03-13
3360,2024-03-14
3361,2024-03-15
3362,2024-03-16
3363,2024-03-17
3364,2024-03-18
3365,2024-03-19
3366,2024-03-20
3367,2024-03-21
3368,2024-03-22
3369,2024-03-23
3370,2024-03-24
3371,2024-03-25
3372,2024-03-26
3373,2024-03-27
3374,2024-03-28
3375,2024-03-29
3376,2024-03-30
3377,2024-03-31
3378,2024-04-01
3379,2024-04-02
3380,2024-04-03
3381,2024-04-04
3382,2024-04-05
3383,2024-04-06
3384,2024-04-07
3385,2024-04-08
3386,2024-04-09
3387,2024-04-10
3388,2024-04-11
3389,2024-04-12
3390,2024-04-13
3391,2024-04-14
3392,2024-04-15
3393,2024-04-16
3394,2024-04-17
3395,2024-04-18
3396,2024-04-19
3397,2024-04-20
3398,2024-04-21
3399,2024-04-22
3400,2024-04-23
3401,2024-04-24
3402,2024-04-25
3403,2024-04-26
3404,2024-04-27
3405,2024-04-28
3406,2024-04-29
3407,2024-04-30
3408,2024-05-01
3409,2024-05-02
3410,2024-05-03
3411,2024-05-04
3412,2024-05-05
3413,2024-05-06
3414,2024-05-07
3415,2024-05-08
3416,2024-05-09
3417,2024-05-10
3418,2024-05-11
3419,2024-05-12
3420,2024-05-13
3421,2024-05-14
3422,2024-05-15
3423,2024-05-16
3424,2024-05-17
3425,2024-05-18
3426,2024-05-19
3427,2024-05-20
3428,2024-05-21
3429,2024-05-22
3430,2024-05-23
3431,2024-05-24
3432,2024-05-25
3433,2024-05-26
3434,2024-05-27
3435,2024-05-28
3436,2024-05-29
3437,2024-05-30
3438,2024-05-31
3439,2024-06-01
3440,2024-06-02
3441,2024-06-03
3442,2024-06-04
3443,2024-06-05
3444,2024-06-06
3445,2024-06-07
3446,2024-06-08
3447,2024-06-09
3448,2024-06-10
3449,2024-06-11
3450,2024-06-12
3451,2024-06-13
3452,2024-06-14
3453,2024-06-15
3454,2024-06-16
3455,2024-06-17
3456,2024-06-18
3457,2024-06-19
3458,2024-06-20
3459,2024-06-21
3460,2024-06-22
3461,2024-06-23
3462,2024-06-24
3463,2024-06-25
3464,2024-06-26
3465,2024-06-27
3466,2024-06-28
3467,2024-06-29
3468,2024-06-30
3469,2024-07-01
3470,2024-07-02
3471,2024-07-03
3472,2024-07-04
3473,2024-07-05
3474,2024-07-06
3475,2024-07-07
3476,2024-07-08
3477,2024-07-09
3478,2024-07-10
3479,2024-07-11
3480,2024-07-12
3481,2024-07-13
3482,2024-07-14
3483,2024-07-15
3484,2024-07-16
3485,2024-07-17
3486,2024-07-18
3487,2024-07-19
3488,2024-07-20
3489,2024-07-21
3490,2024-07-22
3491,2024-07-23
3492,2024-07-24
3493,2024-07-25
3494,2024-07-26
3495,2024-07-27
3496,2024-07-28
3497,2024-07-29
3498,2024-07-30
3499,2024-07-31
3500,2024-08-01
3501,2024-08-02
3502,2024-08-03
3503,2024-08-04
3504,2024-08-05
3505,2024-08-06
3506,2024-08-07
3507,2024-08-08
3508,2024-08-09
3509,2024-08-10
3510,2024-08-11
3511,2024-08-12
3512,2024-08-13
3513,2024-08-14
3514,2024-08-15
3515,2024-08-16
3516,2024-08-17
3517,2024-08-18
3518,2024-08-19
3519,2024-08-20
3520,2024-08-21
3521,2024-08-22
3522,2024-08-23
3523,2024-08-24
3524,2024-08-25
3525,2024-08-26
3526,2024-08-27
3527,2024-08-28
3528,2024-08-29
3529,2024-08-30
3530,2024-08-31
3531,2024-09-01
3532,2024-09-02
3533,2024-09-03
3534,2024-09-04
3535,2024-09-05
3536,2024-09-06
3537,2024-09-07
3538,2024-09-08
3539,2024-09-09
3540,2024-09-10
3541,2024-09-11
3542,2024-09-12
3543,2024-09-13
3544,2024-09-14
3545,2024-09-15
3546,2024-09-16
3547,2024-09-17
3548,2024-09-18
3549,2024-09-19
3550,2024-09-20
3551,2024-09-21
3552,2024-09-22
3553,2024-09-23
3554,2024-09-24
3555,2024-09-25
3556,2024-09-26
3557,2024-09-27
3558,2024-09-28
3559,2024-09-29
3560,2024-09-30
3561,2024-10-01
3562,2024-10-02
3563,2024-10-03
3564,2024-10-04
3565,2024-10-05
3566,2024-10-06
3567,2024-10-07
3568,2024-10-08
3569,2024-10-09
3570,2024-10-10
3571,2024-10-11
3572,2024-10-12
3573,2024-10-13
3574,2024-10-14
3575,2024-10-15
3576,2024-10-16
3577,2024-10-17
3578,2024-10-18
3579,2024-10-19
3580,2024-10-20
3581,2024-10-21
3582,2024-10-22
3583,2024-10-23
3584,2024-10-24
3585,2024-10-25
3586,2024-10-26
3587,2024-10-27
3588,2024-10-28
3589,2024-10-29
3590,2024-10-30
3591,2024-10-31
3592,2024-11-01
3593,2024-11-02
3594,2024-11-03
3595,2024-11-04
3596,2024-11-05
3597,2024-11-06
3598,2024-11-07
3599,2024-11-08
3600,2024-11-09
3601,2024-11-10
3602,2024-11-11
3603,2024-11-12
3604,2024-11-13
3605,2024-11-14
3606,2024-11-15
3607,2024-11-16
3608,2024-11-17
3609,2024-11-18
3610,2024-11-19
3611,2024-11-20
3612,2024-11-21
3613,2024-11-22
3614,2024-11-23
3615,2024-11-24
3616,2024-11-25
3617,2024-11-26
3618,2024-11-27
3619,2024-11-28
3620,2024-11-29
3621,2024-11-30
3622,2024-12-01
3623,2024-12-02
3624,2024-12-03
3625,2024-12-04
3626,2024-12-05
3627,2024-12-06
3628,2024-12-07
3629,2024-12-08
3630,2024-12-09
3631,2024-12-10
3632,2024-12-11
3633,2024-12-12
3634,2024-12-13
3635,2024-12-14
3636,2024-12-15
3637,2024-12-16
3638,2024-12-17
3639,2024-12-18
3640,2024-12-19
3641,2024-12-20
3642,2024-12-21
3643,2024-12-22
3644,2024-12-23
3645,2024-12-24
3646,2024-12-25
3647,2024-12-26
3648,2024-12-27
3649,2024-12-28
3650,2024-12-29
3651,2024-12-30
3652,2024-12-31
3653,2025-01-01
3654,2025-01-02
3655,2025-01-03
3656,2025-01-04
3657,2025-01-05
3658,2025-01-06
3659,2025-01-07
3660,2025-01-08
3661,2025-01-09
3662,2025-01-10
3663,2025-01-11
3664,2025-01-12
3665,2025-01-13
3666,2025-01-14
3667,2025-01-15
3668,2025-01-16
3669,2025-01-17
3670,2025-01-18
3671,2025-01-19
3672,2025-01-20
3673,2025-01-21
3674,2025-01-22
3675,2025-01-23
3676,2025-01-24
3677,2025-01-25
3678,2025-01-26
3679,2025-01-27
3680,2025-01-28
3681,2025-01-29
3682,2025-01-30
3683,2025-01-31
3684,2025-02-01
3685,2025-02-02
3686,2025-02-03
3687,2025-02-04
3688,2025-02-05
3689,2025-02-06
3690,2025-02-07
3691,2025-02-08
3692,2025-02-09
3693,2025-02-10
3694,2025-02-11
3695,2025-02-12
3696,2025-02-13
3697,2025-02-14
3698,2025-02-15
3699,2025-02-16
3700,2025-02-17
3701,2025-02-18
3702,2025-02-19
3703,2025-02-20
3704,2025-02-21
3705,2025-02-22
3706,2025-02-23
3707,2025-02-24
3708,2025-02-25
3709,2025-02-26
3710,2025-02-27
3711,2025-02-28
3712,2025-03-01
3713,2025-03-02
3714,2025-03-03
3715,2025-03-04
3716,2025-03-05
3717,2025-03-06
3718,2025-03-07
3719,2025-03-08
3720,2025-03-09
3721,2025-03-10
3722,2025-03-11
3723,2025-03-12
3724,2025-03-13
3725,2025-03-14
3726,2025-03-15
3727,2025-03-16
3728,2025-03-17
3729,2025-03-18
3730,2025-03-19
3731,2025-03-20
3732,2025-03-21
3733,2025-03-22
3734,2025-03-23
3735,2025-03-24
3736,2025-03-25
3737,2025-03-26
3738,2025-03-27
3739,2025-03-28
3740,2025-03-29
3741,2025-03-30
3742,2025-03-31
3743,2025-04-01
3744,2025-04-02
3745,2025-04-03
3746,2025-04-04
3747,2025-04-05
3748,2025-04-06
3749,2025-04-07
3750,2025-04-08
3751,2025-04-09
3752,2025-04-10
3753,2025-04-11
3754,2025-04-12
3755,2025-04-13
3756,2025-04-14
3757,2025-04-15
3758,2025-04-16
3759,2025-04-17
3760,2025-04-18
3761,2025-04-19
3762,2025-04-20
3763,2025-04-21
3764,2025-04-22
3765,2025-04-23
3766,2025-04-24
3767,2025-04-25
3768,2025-04-26
3769,2025-04-27
3770,2025-04-28
3771,2025-04-29
3772,2025-04-30
