Price,Close,High,Low,Open,Volume,percent
Ticker,SHOP,SHOP,SHOP,SHOP,SHOP,
Date,,,,,,
2015-05-20,1.7000000476837158,1.7000000476837158,1.7000000476837158,1.7000000476837158,0,
2015-05-21,2.568000078201294,2.874000072479248,2.4110000133514404,2.799999952316284,123039000,51.058823892401975
2015-05-22,2.8310000896453857,3.109999895095825,2.5999999046325684,2.6070001125335693,28412000,10.241433155574708
2015-05-26,2.9649999141693115,3.0339999198913574,2.9079999923706055,2.9800000190734863,8202000,4.733303436267677
2015-05-27,2.75,3.0810000896453857,2.700000047683716,3.066999912261963,7976000,-7.251262070594255
2015-05-28,2.744999885559082,2.7739999294281006,2.6480000019073486,2.755000114440918,4000000,-0.18182234330610392
2015-05-29,2.7200000286102295,2.73799991607666,2.687000036239624,2.7249999046325684,2554000,-0.9107416390205292
2015-06-01,2.7330000400543213,2.74399995803833,2.6600000858306885,2.7200000286102295,2569000,0.4779415921820407
2015-06-02,2.694999933242798,2.746999979019165,2.6649999618530273,2.746999979019165,3798000,-1.390417352894302
2015-06-03,2.74399995803833,2.75,2.6500000953674316,2.6760001182556152,3024000,1.8181827832764341
2015-06-04,2.677999973297119,2.749000072479248,2.5510001182556152,2.742000102996826,3226000,-2.4052472941141767
2015-06-05,2.739000082015991,2.739000082015991,2.609999895095825,2.6659998893737793,1294000,2.2778233505271306
2015-06-08,2.697999954223633,2.747999906539917,2.681999921798706,2.690000057220459,2809000,-1.4969012984541785
2015-06-09,2.8340001106262207,2.8459999561309814,2.6640000343322754,2.6640000343322754,3375000,5.040776823946347
2015-06-10,2.809999942779541,2.888000011444092,2.7950000762939453,2.8450000286102295,2734000,-0.8468654520050967
2015-06-11,3.072999954223633,3.072999954223633,2.8489999771118164,2.8489999771118164,4606000,9.35943120283278
2015-06-12,3.36299991607666,3.369999885559082,3.125,3.131999969482422,8474000,9.437031115293104
2015-06-15,3.549999952316284,3.812000036239624,3.2920000553131104,3.3970000743865967,16943000,5.5605126644719505
2015-06-16,3.811000108718872,3.837899923324585,3.5840001106262207,3.6059999465942383,11095000,7.352117180516915
2015-06-17,3.86299991607666,4.2129998207092285,3.8010001182556152,3.9630000591278076,15952000,1.3644661735595864
2015-06-18,3.555000066757202,3.8889999389648438,3.4326000213623047,3.8420000076293945,11482000,-7.973074191320951
2015-06-19,3.552000045776367,3.6740000247955322,3.255000114440918,3.632999897003174,9797000,-0.08438877424752356
2015-06-22,3.694000005722046,3.8499999046325684,3.6089999675750732,3.6760001182556152,7922000,3.997746568571392
2015-06-23,3.5429999828338623,3.809999942779541,3.5169999599456787,3.7750000953674316,2939000,-4.087710412947565
2015-06-24,3.5959999561309814,3.7428998947143555,3.4140000343322754,3.51200008392334,5644000,1.4959066766556228
2015-06-25,3.4839999675750732,3.6500000953674316,3.4800000190734863,3.634000062942505,2082000,-3.114571466135707
2015-06-26,3.3519999980926514,3.5320000648498535,3.263000011444092,3.486999988555908,3465000,-3.7887477241940415
2015-06-29,3.131999969482422,3.3510000705718994,3.119999885559082,3.252000093460083,3155000,-6.563246680650758
2015-06-30,3.3949999809265137,3.444000005722046,3.1500000953674316,3.1500000953674316,4733000,8.397190740955018
2015-07-01,3.1110000610351562,3.496999979019165,2.98799991607666,3.4030001163482666,10126000,-8.365240691808552
2015-07-02,3.13100004196167,3.1730000972747803,3.062000036239624,3.1510000228881836,3032000,0.642879477149827
2015-07-06,3.052999973297119,3.1740000247955322,3.0380001068115234,3.1070001125335693,1493000,-2.4912190232894815
2015-07-07,3.0759999752044678,3.0829999446868896,2.8499999046325684,3.046999931335449,3489000,0.7533574224866335
2015-07-08,2.9189999103546143,3.0360000133514404,2.9030001163482666,3.002000093460083,1869000,-5.104033358758963
2015-07-09,2.9059998989105225,3.0380001068115234,2.880000114440918,2.9730000495910645,2491000,-0.44535840504744684
2015-07-10,2.9600000381469727,3.0290000438690186,2.9100000858306885,2.931999921798706,2805000,1.8582292193711103
2015-07-13,3.0420000553131104,3.0989999771118164,2.9760000705718994,2.984999895095825,2201000,2.7702708145055155
2015-07-14,3.0859999656677246,3.132699966430664,3.049999952316284,3.078000068664551,1455000,1.446413857809259
2015-07-15,2.934000015258789,3.1010000705718994,2.8910000324249268,3.0889999866485596,3570000,-4.925468311729131
2015-07-16,2.938999891281128,2.986999988555908,2.8931000232696533,2.9059998989105225,1482000,0.17041158815052082
2015-07-17,3.2269999980926514,3.234999895095825,2.9149999618530273,2.931999921798706,16198000,9.799255442843258
2015-07-20,3.375,3.3929998874664307,3.164099931716919,3.236999988555908,4140000,4.5863031296816015
2015-07-21,3.322000026702881,3.4660000801086426,3.2090001106262207,3.3949999809265137,4148000,-1.5703695791739025
2015-07-22,3.2139999866485596,3.3489999771118164,3.135999917984009,3.2990000247955322,2556000,-3.251054761775918
2015-07-23,3.311000108718872,3.443000078201294,3.257999897003174,3.259000062942505,2655000,3.018049859155747
2015-07-24,3.3570001125335693,3.4749999046325684,3.3239998817443848,3.3450000286102295,3577000,1.3893084356465302
2015-07-27,3.2869999408721924,3.3949999809265137,3.2049999237060547,3.3399999141693115,2005000,-2.0852001583207214
2015-07-28,3.4059998989105225,3.447999954223633,3.2829999923706055,3.3499999046325684,1746000,3.620321271035798
2015-07-29,3.4159998893737793,3.484999895095825,3.319999933242798,3.4100000858306885,2008000,0.2935992589564007
2015-07-30,3.812999963760376,4.025000095367432,3.7009999752044678,3.865499973297119,11622000,11.62178241344658
2015-07-31,3.739000082015991,3.825000047683716,3.634999990463257,3.812999963760376,5258000,-1.9407260017754169
2015-08-03,4.035999774932861,4.048999786376953,3.6600000858306885,3.749000072479248,5351000,7.943291960473409
2015-08-04,3.8410000801086426,4.111000061035156,3.812999963760376,4.011000156402588,5725000,-4.831509060910754
2015-08-05,3.8450000286102295,3.996999979019165,3.815999984741211,3.9019999504089355,2911000,0.10413820406569574
2015-08-06,3.628000020980835,3.875,3.5199999809265137,3.8399999141693115,3827000,-5.6436932643620485
2015-08-07,3.5160000324249268,3.627000093460083,3.424999952316284,3.627000093460083,3215000,-3.087099997469922
2015-08-10,3.3469998836517334,3.614000082015991,3.2869999408721924,3.5299999713897705,4799000,-4.806602594273491
2015-08-11,3.5139999389648438,3.559000015258789,3.2964000701904297,3.365999937057495,2693000,4.989544700279636
2015-08-12,3.4730000495910645,3.5209999084472656,3.375,3.484999895095825,2369000,-1.1667583974363183
2015-08-13,3.5309998989105225,3.6489999294281006,3.4509999752044678,3.4790000915527344,2259000,1.6700215517211792
2015-08-14,3.4560000896453857,3.575000047683716,3.4089999198913574,3.5,1437000,-2.124038839204656
2015-08-17,3.440999984741211,3.5,3.3299999237060547,3.4769999980926514,1623000,-0.4340308019411543
2015-08-18,3.259999990463257,3.4179999828338623,3.247999906539917,3.4179999828338623,1870000,-5.260098665521107
2015-08-19,3.109999895095825,3.246999979019165,3.059999942779541,3.236999988555908,4447000,-4.601229932706719
2015-08-20,2.921999931335449,3.109999895095825,2.9149999618530273,3.0759999752044678,2696000,-6.045015115815088
2015-08-21,2.7769999504089355,2.996999979019165,2.7309999465942383,2.875,4042000,-4.962354015533599
2015-08-24,2.628000020980835,2.8489999771118164,2.2699999809265137,2.5510001182556152,4271000,-5.365499895171377
2015-08-25,2.693000078201294,2.9779999256134033,2.684999942779541,2.8289999961853027,3043000,2.473365932325966
2015-08-26,2.822000026702881,2.8570001125335693,2.630000114440918,2.8499999046325684,3901000,4.79019475512783
2015-08-27,2.8510000705718994,2.9600000381469727,2.7799999713897705,2.8940000534057617,2682000,1.0276415164638175
2015-08-28,2.799999952316284,2.9007999897003174,2.7720000743865967,2.8359999656677246,1370000,-1.7888501225250653
2015-08-31,2.753999948501587,2.877000093460083,2.7090001106262207,2.813999891281128,1305000,-1.6428573070740193
2015-09-01,2.6600000858306885,2.7290000915527344,2.6389999389648438,2.7290000915527344,1301000,-3.4132122160003164
2015-09-02,2.6700000762939453,2.7548999786376953,2.6059999465942383,2.6730000972747803,1670000,0.3759394789693671
2015-09-03,2.7149999141693115,2.799999952316284,2.6510000228881836,2.6559998989105225,1325000,1.68538713818418
2015-09-04,2.680999994277954,2.7230000495910645,2.63700008392334,2.697999954223633,1291000,-1.2522991147776885
2015-09-08,2.7139999866485596,2.7644999027252197,2.674499988555908,2.703000068664551,1074000,1.2308837165623698
2015-09-09,2.6010000705718994,2.8510000705718994,2.5889999866485596,2.7899999618530273,3204000,-4.163593096262341
2015-09-10,2.5769999027252197,2.64739990234375,2.558000087738037,2.6050000190734863,1391000,-0.9227284581119877
2015-09-11,2.635999917984009,2.6470000743865967,2.555000066757202,2.555000066757202,1874000,2.289484574539391
2015-09-14,2.7209999561309814,2.7260000705718994,2.6010000705718994,2.627000093460083,2209000,3.224584248545037
2015-09-15,2.811000108718872,2.8459999561309814,2.7100000381469727,2.7139999866485596,2511000,3.3076131583575252
2015-09-16,2.8910000324249268,2.9260001182556152,2.803999900817871,2.812999963760376,1331000,2.845959466807524
2015-09-17,3.555000066757202,3.7950000762939453,2.984999895095825,2.989000082015991,21123000,22.967832130230814
2015-09-18,3.565999984741211,3.746999979019165,3.4519999027252197,3.572499990463257,7867000,0.30942103452737957
2015-09-21,3.4830000400543213,3.700000047683716,3.4749999046325684,3.569999933242798,3935000,-2.3275363163781093
2015-09-22,3.365999937057495,3.450000047683716,3.2809998989105225,3.450000047683716,3327000,-3.3591760451142982
2015-09-23,3.3499999046325684,3.4670000076293945,3.2829999923706055,3.3529999256134033,3400000,-0.4753426240083014
2015-09-24,3.3469998836517334,3.4089999198913574,3.2090001106262207,3.2980000972747803,2446000,-0.08955286764893433
2015-09-25,3.3910000324249268,3.563999891281128,3.312000036239624,3.384999990463257,3552000,1.314614589265739
2015-09-28,3.305000066757202,3.396699905395508,3.25,3.364000082015991,2049000,-2.5361240001589014
2015-09-29,3.364000082015991,3.3984999656677246,3.240999937057495,3.240999937057495,2213000,1.7851744044495188
2015-09-30,3.5199999809265137,3.5764999389648438,3.365999937057495,3.569000005722046,2999000,4.637333386063247
2015-10-01,3.506999969482422,3.575000047683716,3.372999906539917,3.5369999408721924,2480000,-0.36931850893561213
2015-10-02,3.5810000896453857,3.609999895095825,3.4189999103546143,3.4649999141693115,2366000,2.1100690278558876
2015-10-05,3.6760001182556152,3.928999900817871,3.6050000190734863,3.6050000190734863,6644000,2.652890986652756
2015-10-06,3.621000051498413,3.742000102996826,3.500999927520752,3.671999931335449,2809000,-1.496193280409941
2015-10-07,3.7330000400543213,3.736999988555908,3.5901999473571777,3.6010000705718994,2363000,3.0930678531628564
2015-10-08,3.8239998817443848,3.9000000953674316,3.6449999809265137,3.7209999561309814,4720000,2.4377133863823675
2015-10-09,3.7019999027252197,3.887200117111206,3.6600000858306885,3.8399999141693115,1640000,-3.1903761190367086
2015-10-12,3.430999994277954,3.7342000007629395,3.049999952316284,3.7039999961853027,8194000,-7.320365088280245
2015-10-13,3.312000036239624,3.559999942779541,3.305999994277954,3.496999979019165,1912000,-3.468375349367303
2015-10-14,3.364000082015991,3.450000047683716,3.2235000133514404,3.3489999771118164,2947000,1.5700496741360759
2015-10-15,3.4140000343322754,3.441999912261963,3.319999933242798,3.364000082015991,2626000,1.4863243489078526
2015-10-16,3.433000087738037,3.4590001106262207,3.3399999141693115,3.4509999752044678,2690000,0.5565334860776483
2015-10-19,3.3359999656677246,3.489000082015991,3.311000108718872,3.427999973297119,2958000,-2.825520524068048
2015-10-20,3.1500000953674316,3.3529999256134033,3.11899995803833,3.3440001010894775,2847000,-5.575535737844762
2015-10-21,3.194999933242798,3.253999948501587,3.131999969482422,3.1540000438690186,1534000,1.4285662385072895
2015-10-22,3.2009999752044678,3.244999885559082,3.1710000038146973,3.2269999980926514,2293000,0.18779474450818512
2015-10-23,3.1659998893737793,3.2434000968933105,3.1089999675750732,3.197999954223633,1998000,-1.0934109997440045
2015-10-26,3.1070001125335693,3.174999952316284,3.0759999752044678,3.1659998893737793,1080000,-1.8635432375798344
2015-10-27,3.1040000915527344,3.1040000915527344,2.9719998836517334,3.068000078201294,2962000,-0.09655683528084769
2015-10-28,3.111999988555908,3.124000072479248,3.0260000228881836,3.062000036239624,1091000,0.25772863296444903
2015-10-29,3.1589999198913574,3.2019999027252197,3.010999917984009,3.0820000171661377,1715000,1.5102805754590998
2015-10-30,3.2219998836517334,3.249000072479248,3.0999999046325684,3.1489999294281006,2607000,1.9943008976886167
2015-11-02,3.0959999561309814,3.361999988555908,3.0910000801086426,3.2360000610351562,3020000,-3.9106124168430068
2015-11-03,3.1440000534057617,3.174999952316284,2.9639999866485596,3.1050000190734863,5540000,1.550390760817888
2015-11-04,3.174999952316284,3.3929998874664307,2.9630000591278076,3.372999906539917,9637000,0.9860018569955775
2015-11-05,3.1619999408721924,3.3540000915527344,3.134999990463257,3.250999927520752,5636000,-0.40944918549078446
2015-11-06,3.1540000438690186,3.240999937057495,3.1489999294281006,3.1600000858306885,4018000,-0.25300117497684127
2015-11-09,3.0230000019073486,3.1640000343322754,2.9739999771118164,3.1630001068115234,2992000,-4.153457201635669
2015-11-10,2.8589999675750732,3.0450000762939453,2.819999933242798,3.009999990463257,3445000,-5.425075561653991
2015-11-11,2.818000078201294,2.9000000953674316,2.7699999809265137,2.882999897003174,3108000,-1.4340640027552864
2015-11-12,2.885999917984009,2.989000082015991,2.757999897003174,2.799999952316284,5408000,2.4130531545662137
2015-11-13,2.8329999446868896,3.0,2.816999912261963,2.8929998874664307,3688000,-1.8364509633853943
2015-11-16,2.734999895095825,2.86299991607666,2.638000011444092,2.8259999752044678,7292000,-3.4592323157244365
2015-11-17,2.6389999389648438,2.700000047683716,2.552999973297119,2.6500000953674316,26041000,-3.5100533752531637
2015-11-18,2.799999952316284,2.799999952316284,2.6500000953674316,2.687000036239624,19074000,6.100796402996256
2015-11-19,2.944999933242798,2.9719998836517334,2.7839999198913574,2.799999952316284,12337000,5.178570835566032
2015-11-20,2.822999954223633,2.9600000381469727,2.7720000743865967,2.950000047683716,8842000,-4.142613982501131
2015-11-23,2.88700008392334,2.9000000953674316,2.786099910736084,2.815000057220459,3863000,2.2670963775239583
2015-11-24,2.694999933242798,2.8459999561309814,2.680999994277954,2.8459999561309814,11926000,-6.650507277423423
2015-11-25,2.6440000534057617,2.7678000926971436,2.625999927520752,2.7249999046325684,9340000,-1.892388909103604
2015-11-27,2.6710000038146973,2.697999954223633,2.630000114440918,2.680000066757202,3141000,1.021178134022982
2015-11-30,2.634000062942505,2.696000099182129,2.621999979019165,2.690000057220459,5098000,-1.3852467547491365
2015-12-01,2.628000020980835,2.6700000762939453,2.618000030517578,2.618000030517578,4330000,-0.22779202043629043
2015-12-02,2.6410000324249268,2.6570000648498535,2.5799999237060547,2.631999969482422,3855000,0.49467318646518876
2015-12-03,2.683000087738037,2.687999963760376,2.61299991607666,2.6500000953674316,6137000,1.5903087768820212
2015-12-04,2.7119998931884766,2.740000009536743,2.6540000438690186,2.684999942779541,6293000,1.0808723258331376
2015-12-07,2.687999963760376,2.7149999141693115,2.6540000438690186,2.6630001068115234,6162000,-0.8849531848573955
2015-12-08,2.6480000019073486,2.678999900817871,2.6040000915527344,2.640000104904175,4732000,-1.4880938389995158
2015-12-09,2.4809999465942383,2.628000020980835,2.441999912261963,2.628000020980835,9383000,-6.306648610000776
2015-12-10,2.496000051498413,2.5204999446868896,2.4549999237060547,2.4809999465942383,5648000,0.6045991627192882
2015-12-11,2.4760000705718994,2.5280001163482666,2.4539999961853027,2.4630000591278076,1912000,-0.801281270587606
2015-12-14,2.4560000896453857,2.5,2.4159998893737793,2.4630000591278076,2902000,-0.8077536492918647
2015-12-15,2.5360000133514404,2.556999921798706,2.440000057220459,2.4489998817443848,5266000,3.2573257649027854
2015-12-16,2.621000051498413,2.635999917984009,2.5290000438690186,2.549999952316284,6101000,3.3517365023449264
2015-12-17,2.6530001163482666,2.680000066757202,2.615999937057495,2.628999948501587,3737000,1.2209105006144139
2015-12-18,2.5309998989105225,2.63700008392334,2.5309998989105225,2.617000102996826,3531000,-4.59857565350098
2015-12-21,2.444999933242798,2.5739998817443848,2.4059998989105225,2.549999952316284,2729000,-3.3978652351880245
2015-12-22,2.4660000801086426,2.4830000400543213,2.4221999645233154,2.450000047683716,1838000,0.8589017357555573
2015-12-23,2.492000102996826,2.5290000438690186,2.4570000171661377,2.4690001010894775,1418000,1.0543399044430801
2015-12-24,2.5339999198913574,2.5450000762939453,2.493000030517578,2.49399995803833,1039000,1.6853858410368128
2015-12-28,2.4839999675750732,2.5460000038146973,2.4760000705718994,2.5269999504089355,1125000,-1.9731631372122527
2015-12-29,2.5179998874664307,2.568000078201294,2.488100051879883,2.500999927520752,1846000,1.368756857293718
2015-12-30,2.5980000495910645,2.6559998989105225,2.51200008392334,2.51200008392334,2429000,3.177131282763024
2015-12-31,2.5799999237060547,2.619999885559082,2.5220000743865967,2.5850000381469727,2349000,-0.6928454788845406
2016-01-04,2.572000026702881,2.5834999084472656,2.4519999027252197,2.5420000553131104,6018000,-0.3100735364240714
2016-01-05,2.5309998989105225,2.6500000953674316,2.5260000228881836,2.549999952316284,4182000,-1.5940951542258608
2016-01-06,2.5299999713897705,2.5339999198913574,2.4179999828338623,2.494999885559082,2566000,-0.039507212986544804
2016-01-07,2.4670000076293945,2.558000087738037,2.4630000591278076,2.5,4160000,-2.4901171728381133
2016-01-08,2.493000030517578,2.5369999408721924,2.4700000286102295,2.5,1374000,1.0539125580776743
2016-01-11,2.38700008392334,2.503000020980835,2.3529999256134033,2.494999885559082,2945000,-4.2519031406602625
2016-01-12,2.374000072479248,2.4719998836517334,2.3410000801086426,2.4149999618530273,3698000,-0.5446171339350991
2016-01-13,2.138000011444092,2.3924999237060547,2.125,2.372999906539917,5105000,-9.941030068659328
2016-01-14,2.063999891281128,2.1440000534057617,1.9850000143051147,2.1440000534057617,8137000,-3.461184273473472
2016-01-15,1.9889999628067017,2.0239999294281006,1.8480000495910645,2.0239999294281006,9212000,-3.6337176562482143
2016-01-19,2.0299999713897705,2.1549999713897705,2.0179998874664307,2.1429998874664307,8835000,2.0613378255278203
2016-01-20,2.052999973297119,2.0950000286102295,1.8609999418258667,2.0,5026000,1.1330050360346844
2016-01-21,2.2790000438690186,2.3399999141693115,2.055999994277954,2.0929999351501465,11028000,11.008284145710112
2016-01-22,2.306999921798706,2.371000051498413,2.2639999389648438,2.3469998836517334,7820000,1.2286036590921867
2016-01-25,2.312999963760376,2.368000030517578,2.2660000324249268,2.312999963760376,3380000,0.2600798511077418
2016-01-26,2.309000015258789,2.3510000705718994,2.2385001182556152,2.3440001010894775,1756000,-0.1729333577283776
2016-01-27,2.200000047683716,2.3239998817443848,2.200000047683716,2.2920000553131104,2890000,-4.720656858153238
2016-01-28,2.25,2.2899999618530273,2.2009999752044678,2.2269999980926514,3153000,2.2727250560256484
2016-01-29,2.322000026702881,2.3299999237060547,2.236999988555908,2.249000072479248,5384000,3.20000118679471
2016-02-01,2.3529999256134033,2.371000051498413,2.2860000133514404,2.3259999752044678,3734000,1.3350516173137539
2016-02-02,2.26200008392334,2.3515000343322754,2.2190001010894775,2.3269999027252197,5387000,-3.8673967091750194
2016-02-03,2.299999952316284,2.302999973297119,2.171999931335449,2.2890000343322754,5558000,1.6799233856364504
2016-02-04,2.3480000495910645,2.378999948501587,2.2809998989105225,2.2860000133514404,3637000,2.0869607943443835
2016-02-05,2.187000036239624,2.3434998989105225,2.127000093460083,2.3329999446868896,13918000,-6.856899912735548
2016-02-08,2.0380001068115234,2.174999952316284,1.9919999837875366,2.1519999504089355,6237000,-6.812982485555619
2016-02-09,1.9850000143051147,2.1029999256134033,1.968999981880188,2.0320000648498535,3927000,-2.600593215342273
2016-02-10,1.996999979019165,2.056999921798706,1.9845000505447388,2.000999927520752,1602000,0.6045322230514572
2016-02-11,1.937000036239624,1.9989999532699585,1.8899999856948853,1.9500000476837158,2126000,-3.004503926385127
2016-02-12,1.9329999685287476,1.9850000143051147,1.8580000400543213,1.9390000104904175,4952000,-0.20650839628489903
2016-02-16,2.049999952316284,2.1419999599456787,1.9819999933242798,2.053999900817871,11851000,6.052766978397206
2016-02-17,2.236999988555908,2.4809999465942383,2.1640000343322754,2.428999900817871,34914000,9.12195319947855
2016-02-18,2.059000015258789,2.316999912261963,2.055000066757202,2.2990000247955322,14585000,-7.957084229223743
2016-02-19,2.056999921798706,2.075000047683716,1.9839999675750732,2.0220000743865967,6386000,-0.09713906970668651
2016-02-22,2.121000051498413,2.1389999389648438,2.061000108718872,2.0799999237060547,7640000,3.111333599067101
2016-02-23,2.003999948501587,2.13700008392334,1.9509999752044678,2.1059999465942383,13058000,-5.516270634419351
2016-02-24,2.1019999980926514,2.11899995803833,1.968000054359436,1.9769999980926514,9715000,4.8902221611502705
2016-02-25,2.1659998893737793,2.183000087738037,2.0769999027252197,2.132999897003174,12715000,3.0447141455376414
2016-02-26,2.200000047683716,2.2119998931884766,2.131999969482422,2.1689999103546143,11062000,1.569721147112646
2016-02-29,2.23799991607666,2.2899999618530273,2.190000057220459,2.203000068664551,6481000,1.72726670769634
2016-03-01,2.2690000534057617,2.2869999408721924,2.2009999752044678,2.2669999599456787,6927000,1.3851715143692545
2016-03-02,2.436000108718872,2.444000005722046,2.246999979019165,2.2639999389648438,14958000,7.360072780185423
2016-03-03,2.427000045776367,2.571000099182129,2.367500066757202,2.436000108718872,12105000,-0.3694606954364299
2016-03-04,2.5160000324249268,2.549999952316284,2.440000057220459,2.4509999752044678,8772000,3.6670780786940416
2016-03-07,2.5869998931884766,2.5910000801086426,2.4769999980926514,2.5,8619000,2.8219340162376705
2016-03-08,2.678999900817871,2.6989998817443848,2.5950000286102295,2.621000051498413,13482000,3.556243193964903
2016-03-09,2.6070001125335693,2.690999984741211,2.6019999980926514,2.690999984741211,9499000,-2.6875621855126264
2016-03-10,2.5390000343322754,2.6449999809265137,2.5309998989105225,2.6429998874664307,4906000,-2.6083649891065486
2016-03-11,2.6700000762939453,2.677000045776367,2.563999891281128,2.575000047683716,6347000,5.1595132016656775
2016-03-14,2.6579999923706055,2.700000047683716,2.625,2.693000078201294,2150000,-0.44944133260087504
2016-03-15,2.5829999446868896,2.645400047302246,2.5655999183654785,2.634999990463257,2693000,-2.821672230962846
2016-03-16,2.680000066757202,2.694999933242798,2.556999921798706,2.5840001106262207,4010000,3.7553280738482853
2016-03-17,2.7149999141693115,2.7239999771118164,2.6559998989105225,2.688999891281128,5608000,1.305964423144923
2016-03-18,2.8489999771118164,2.878000020980835,2.752000093460083,2.809000015258789,14563000,4.935545752438952
2016-03-21,2.803999900817871,2.86299991607666,2.765000104904175,2.8480000495910645,4082000,-1.5795042701110984
2016-03-22,2.750999927520752,2.813999891281128,2.7060000896453857,2.7760000228881836,6682000,-1.8901560332316714
2016-03-23,2.619999885559082,2.759000062942505,2.6089999675750732,2.7279999256134033,3816000,-4.761906412688621
2016-03-24,2.6989998817443848,2.7780001163482666,2.611999988555908,2.75,6823000,3.01526716167948
2016-03-28,2.759000062942505,2.7809998989105225,2.687999963760376,2.7679998874664307,5444000,2.2230523833643767
2016-03-29,2.796999931335449,2.808000087738037,2.734999895095825,2.753000020980835,4030000,1.3773058182687148
2016-03-30,2.7769999504089355,2.861999988555908,2.7739999294281006,2.825000047683716,5441000,-0.7150511768859613
2016-03-31,2.821000099182129,2.8598999977111816,2.7960000038146973,2.7960000038146973,5311000,1.5844490298501546
2016-04-01,2.8450000286102295,2.867000102996826,2.756500005722046,2.7880001068115234,6528000,0.8507596095107761
2016-04-04,2.930000066757202,2.9988999366760254,2.875,2.9019999504089355,16197000,2.9876990260873537
2016-04-05,2.875,2.9240000247955322,2.864000082015991,2.9240000247955322,5587000,-1.8771353414361425
2016-04-06,2.950000047683716,2.9739999771118164,2.878000020980835,2.882999897003174,4938000,2.6086973107379396
2016-04-07,2.9210000038146973,2.9690001010894775,2.8940999507904053,2.947000026702881,3203000,-0.9830523186529772
2016-04-08,2.9549999237060547,3.0,2.9240000247955322,2.941999912261963,4434000,1.1639821926379579
2016-04-11,2.9519999027252197,3.000999927520752,2.950000047683716,2.99399995803833,5686000,-0.10152355527212054
2016-04-12,2.9769999980926514,3.009000062942505,2.927999973297119,2.950000047683716,4080000,0.8468867273454972
2016-04-13,2.9800000190734863,3.0280001163482666,2.9749999046325684,2.996000051498413,4949000,0.10077329468447527
2016-04-14,3.0959999561309814,3.0989999771118164,2.984999895095825,3.0269999504089355,6278000,3.892615312585157
2016-04-15,3.0969998836517334,3.1089999675750732,3.055000066757202,3.1019999980926514,2904000,0.032297400998726467
2016-04-18,3.1530001163482666,3.194999933242798,3.0230000019073486,3.1070001125335693,6208000,1.808209066850286
2016-04-19,3.2049999237060547,3.239000082015991,3.1500000953674316,3.193000078201294,4838000,1.6492167915938216
2016-04-20,3.1500000953674316,3.2309999465942383,3.1500000953674316,3.2260000705718994,4421000,-1.716063327546813
2016-04-21,3.1530001163482666,3.196000099182129,3.134999990463257,3.1649999618530273,2629000,0.09523875841295215
2016-04-22,3.180999994277954,3.1989998817443848,3.119999885559082,3.1530001163482666,2242000,0.8880392291934491
2016-04-25,3.11299991607666,3.1988000869750977,3.0799999237060547,3.190000057220459,3258000,-2.1376950117451665
2016-04-26,3.1470000743865967,3.1589999198913574,3.0889999866485596,3.1389999389648438,2167000,1.0921991399468922
2016-04-27,3.183000087738037,3.200000047683716,3.125,3.1489999294281006,2407000,1.1439470130440776
2016-04-28,3.174999952316284,3.2100000381469727,3.1489999294281006,3.2060000896453857,2825000,-0.25133946595138346
2016-04-29,3.184999942779541,3.2279999256134033,3.1649999618530273,3.186000108718872,3652000,0.31496033428162207
2016-05-02,3.1410000324249268,3.187999963760376,3.0820000171661377,3.187999963760376,5063000,-1.3814728773971496
2016-05-03,3.0739998817443848,3.1342999935150146,3.065000057220459,3.0999999046325684,4248000,-2.1330834125721454
2016-05-04,2.9609999656677246,3.114000082015991,2.805000066757202,3.072999954223633,18391000,-3.675989603894736
2016-05-05,2.8519999980926514,2.9800000190734863,2.809999942779541,2.953000068664551,10546000,-3.68118773518773
2016-05-06,2.7720000743865967,2.8399999141693115,2.743000030517578,2.8399999141693115,7288000,-2.805046415131718
2016-05-09,2.6459999084472656,2.75,2.569999933242798,2.743000030517578,16236000,-4.545460409744506
2016-05-10,2.6630001068115234,2.6740000247955322,2.615999937057495,2.6570000648498535,5851000,0.6424867328976624
2016-05-11,2.627000093460083,2.6630001068115234,2.5959999561309814,2.6630001068115234,4103000,-1.3518592530040952
2016-05-12,2.694999933242798,2.7139999866485596,2.63100004196167,2.63100004196167,6330000,2.5884978059955266
2016-05-13,2.628999948501587,2.7179999351501465,2.496000051498413,2.690999984741211,3966000,-2.448979086310976
2016-05-16,2.615999937057495,2.6600000858306885,2.6010000705718994,2.6440000534057617,5208000,-0.49448503989135695
2016-05-17,2.680000066757202,2.694999933242798,2.6010000705718994,2.617000102996826,6887000,2.4464881972319663
2016-05-18,2.634000062942505,2.747999906539917,2.615000009536743,2.6649999618530273,6253000,-1.7164180100322612
2016-05-19,2.5969998836517334,2.628999948501587,2.569999933242798,2.6070001125335693,7604000,-1.4047144421643565
2016-05-20,2.609999895095825,2.6389999389648438,2.5999999046325684,2.5999999046325684,3666000,0.5005780526186276
2016-05-23,2.681999921798706,2.7290000915527344,2.6089999675750732,2.615000009536743,7127000,2.758621823631824
2016-05-24,2.7060000896453857,2.736999988555908,2.6410000324249268,2.6679999828338623,8433000,0.8948608704874239
2016-05-25,2.819999933242798,2.8329999446868896,2.7039999961853027,2.7100000381469727,9241000,4.212854391011911
2016-05-26,2.7760000228881836,2.8399999141693115,2.759999990463257,2.8399999141693115,3638000,-1.5602805459650315
2016-05-27,2.8570001125335693,2.86899995803833,2.76200008392334,2.7669999599456787,3978000,2.9178706404012322
2016-05-31,2.928999900817871,2.940999984741211,2.859999895095825,2.878999948501587,8526000,2.5201184966161083
2016-06-01,3.1070001125335693,3.13100004196167,2.990000009536743,3.015000104904175,27180000,6.077166874126383
2016-06-02,2.9839999675750732,3.0899999141693115,2.9800000190734863,3.0250000953674316,12774000,-3.958807225732508
2016-06-03,2.9579999446868896,3.015000104904175,2.930000066757202,2.999000072479248,4965000,-0.8713144494204683
2016-06-06,3.0,3.007999897003174,2.944999933242798,2.9719998836517334,9872000,1.4198801926467386
2016-06-07,2.9860000610351562,3.0139999389648438,2.9590001106262207,2.990000009536743,10184000,-0.46666463216146203
2016-06-08,3.009000062942505,3.0380001068115234,2.9830000400543213,2.992000102996826,6773000,0.7702612671540043
2016-06-09,2.940999984741211,3.01200008392334,2.934999942779541,2.992000102996826,4979000,-2.259889557290229
2016-06-10,2.828000068664551,2.9200000762939453,2.812999963760376,2.9019999504089355,6365000,-3.8422277002018945
2016-06-13,2.7990000247955322,2.8429999351501465,2.7750000953674316,2.815000057220459,3260000,-1.025461215165846
2016-06-14,2.9049999713897705,2.9070000648498535,2.7750000953674316,2.7850000858306885,4150000,3.7870648679962704
2016-06-15,2.865999937057495,2.947999954223633,2.861999988555908,2.9010000228881836,3754000,-1.3425141038337918
2016-06-16,2.8369998931884766,2.864000082015991,2.7760000228881836,2.864000082015991,2870000,-1.011864776898519
2016-06-17,2.8940000534057617,2.9119999408721924,2.821000099182129,2.8529999256134033,3440000,2.0091703335675115
2016-06-20,2.9769999980926514,3.007999897003174,2.890000104904175,2.9260001182556152,9537000,2.8680008001109814
2016-06-21,2.986999988555908,3.002000093460083,2.947000026702881,2.9660000801086426,6177000,0.33590831271963495
2016-06-22,2.9809999465942383,3.015500068664551,2.9539999961853027,2.9760000705718994,3830000,-0.20087184414656623
2016-06-23,3.119999885559082,3.1510000228881836,2.9749999046325684,3.00600004196167,9708000,4.662862846530724
2016-06-24,2.9070000648498535,3.0139999389648438,2.8440001010894775,2.9070000648498535,5882000,-6.826917580833836
2016-06-27,2.7160000801086426,2.9030001163482666,2.634999990463257,2.859999895095825,8878000,-6.570346765749935
2016-06-28,2.8540000915527344,2.8540000915527344,2.7239999771118164,2.7790000438690186,6409000,5.081001744247793
2016-06-29,3.0320000648498535,3.0350000858306885,2.9100000858306885,2.9159998893737793,6408000,6.236859410900619
2016-06-30,3.0759999752044678,3.1110000610351562,2.996500015258789,3.0420000553131104,9006000,1.4511843474117159
2016-07-01,3.0829999446868896,3.1019999980926514,3.065000057220459,3.075000047683716,5491000,0.22756728019663885
2016-07-05,3.061000108718872,3.0969998836517334,3.0250000953674316,3.0969998836517334,6592000,-0.7135853507208467
2016-07-06,3.065000057220459,3.069999933242798,3.0,3.0260000228881836,3821000,0.13067456254554077
2016-07-07,3.0369999408721924,3.0840001106262207,3.0250000953674316,3.062000036239624,3052000,-0.9135437463469009
2016-07-08,3.0999999046325684,3.1110000610351562,3.0541000366210938,3.059999942779541,8898000,2.074414388769563
2016-07-11,3.184999942779541,3.200000047683716,3.0880000591278076,3.0999999046325684,10497000,2.74193679877055
2016-07-12,3.249000072479248,3.325000047683716,3.194999933242798,3.200000047683716,14486000,2.0094232605811113
2016-07-13,3.1989998817443848,3.299999952316284,3.180999994277954,3.2780001163482666,5939000,-1.5389408931809956
2016-07-14,3.2100000381469727,3.25,3.188999891281128,3.240999937057495,6116000,0.34386235727490444
2016-07-15,3.2320001125335693,3.246000051498413,3.181999921798706,3.2219998836517334,11509000,0.6853605646464977
2016-07-18,3.2200000286102295,3.287899971008301,3.190999984741211,3.2790000438690186,7799000,-0.37128971242309516
2016-07-19,3.3259999752044678,3.3350000381469727,3.2279999256134033,3.2339999675750732,15701000,3.2919237780252075
2016-07-20,3.309000015258789,3.3570001125335693,3.2730000019073486,3.2809998989105225,12392000,-0.5111232733738591
2016-07-21,3.2730000019073486,3.3489999771118164,3.2249999046325684,3.321000099182129,9941000,-1.0879423748997752
2016-07-22,3.2869999408721924,3.3459999561309814,3.246999979019165,3.2899999618530273,16370000,0.42774026754308636
2016-07-25,3.259999990463257,3.309999942779541,3.25,3.2960000038146973,5406000,-0.821416212188042
2016-07-26,3.255000114440918,3.2730000019073486,3.183000087738037,3.253999948501587,8020000,-0.15337043058175626
2016-07-27,3.321000099182129,3.3519999980926514,3.2790000438690186,3.2980000972747803,8569000,2.0276492295161486
2016-07-28,3.427000045776367,3.4570000171661377,3.3429999351501465,3.3510000705718994,10469000,3.191807992428042
2016-07-29,3.427000045776367,3.4760000705718994,3.3499999046325684,3.430999994277954,6709000,0.0
2016-08-01,3.4049999713897705,3.447999954223633,3.3090999126434326,3.441999912261963,7298000,-0.6419630607741311
2016-08-02,3.3529999256134033,3.4549999237060547,3.2850000858306885,3.421999931335449,12036000,-1.5271672896708721
2016-08-03,3.678999900817871,3.7149999141693115,3.319999933242798,3.496999979019165,33537000,9.722635921169264
2016-08-04,3.684999942779541,3.694999933242798,3.555000066757202,3.5850000381469727,15616000,0.1630889405660474
2016-08-05,3.7009999752044678,3.740000009536743,3.635999917984009,3.7060000896453857,9321000,0.43419355965736983
2016-08-08,3.8310000896453857,3.874000072479248,3.7325000762939453,3.753000020980835,12033000,3.5125672875406133
2016-08-09,3.878999948501587,3.9230000972747803,3.8010001182556152,3.8329999446868896,13568000,1.2529328565127784
2016-08-10,3.928999900817871,3.9749999046325684,3.9119999408721924,3.9130001068115234,10585000,1.2889907960838887
2016-08-11,3.990999937057495,4.0929999351501465,3.9549999237060547,3.9549999237060547,21464000,1.5780106338693978
2016-08-12,3.937999963760376,4.054999828338623,3.9010000228881836,3.992000102996826,9704000,-1.3279873248055019
2016-08-15,3.9079999923706055,3.990000009536743,3.888000011444092,3.9860000610351562,11992000,-0.7618073048716756
2016-08-16,3.8369998931884766,3.947999954223633,3.700000047683716,3.802000045776367,19243000,-1.8167886213085738
2016-08-17,3.874000072479248,3.9570000171661377,3.859999895095825,3.890000104904175,58113000,0.9642997216772198
2016-08-18,4.025000095367432,4.065000057220459,3.868000030517578,3.872999906539917,21969000,3.897780590167832
2016-08-19,4.241000175476074,4.2789998054504395,4.025000095367432,4.0370001792907715,17385000,5.366461490454322
2016-08-22,4.247000217437744,4.270999908447266,4.138999938964844,4.270999908447266,10158000,0.14147705054023962
2016-08-23,4.176000118255615,4.361999988555908,4.169000148773193,4.297999858856201,17028000,-1.6717705567946495
2016-08-24,4.093999862670898,4.264999866485596,4.071000099182129,4.188000202178955,7926000,-1.963607597285455
2016-08-25,4.063000202178955,4.10699987411499,4.020999908447266,4.078000068664551,9425000,-0.7571973994087822
2016-08-26,4.1519999504089355,4.197000026702881,4.080999851226807,4.080999851226807,5864000,2.1904933251603254
2016-08-29,4.138999938964844,4.181000232696533,4.10699987411499,4.1519999504089355,3897000,-0.3131023988285797
2016-08-30,4.129000186920166,4.15500020980835,4.0879998207092285,4.142000198364258,3927000,-0.24159826509151383
2016-08-31,4.136000156402588,4.140999794006348,4.079999923706055,4.113999843597412,6719000,0.1695318276951463
2016-09-01,4.066999912261963,4.139999866485596,3.990999937057495,4.119999885559082,9715000,-1.6682843697143346
2016-09-02,4.242000102996826,4.377999782562256,4.09499979019165,4.09499979019165,14498000,4.302930772317937
2016-09-06,4.318999767303467,4.35699987411499,4.25,4.2820000648498535,8102000,1.8151735605155483
2016-09-07,4.2779998779296875,4.368000030517578,4.23199987411499,4.34499979019165,5234000,-0.9492913077737253
2016-09-08,4.321000099182129,4.3480000495910645,4.238999843597412,4.269999980926514,6511000,1.0051477905429707
2016-09-09,4.104000091552734,4.28249979019165,4.073999881744385,4.264999866485596,9506000,-5.021985712762833
2016-09-12,4.163000106811523,4.232999801635742,3.9779999256134033,4.007999897003174,10295000,1.4376221720908022
2016-09-13,4.057000160217285,4.1539998054504395,3.994999885559082,4.118000030517578,5907000,-2.5462393436118447
2016-09-14,4.090000152587891,4.1743998527526855,4.056000232696533,4.073999881744385,5796000,0.8134087026715253
2016-09-15,4.177000045776367,4.210000038146973,4.077000141143799,4.120999813079834,5237000,2.127136673416219
2016-09-16,4.14900016784668,4.185999870300293,4.080999851226807,4.185999870300293,6893000,-0.6703346330580007
2016-09-19,4.295000076293945,4.486999988555908,4.178999900817871,4.197999954223633,16824000,3.5189178727615955
2016-09-20,4.245999813079834,4.331999778747559,4.1519999504089355,4.313000202178955,9732000,-1.140867574940596
2016-09-21,4.449999809265137,4.465000152587891,4.275000095367432,4.293000221252441,10570000,4.804522024633151
2016-09-22,4.386000156402588,4.519999980926514,4.360000133514404,4.499000072479248,10216000,-1.4381945079929737
2016-09-23,4.335000038146973,4.396999835968018,4.285999774932861,4.386000156402588,6278000,-1.162793352416236
2016-09-26,4.320000171661377,4.3470001220703125,4.289999961853027,4.311999797821045,4230000,-0.34601767828374985
2016-09-27,4.38700008392334,4.400000095367432,4.302000045776367,4.316999912261963,4647000,1.5509238333246689
2016-09-28,4.275000095367432,4.315999984741211,4.073999881744385,4.269999980926514,14682000,-2.5529971828891607
2016-09-29,4.296000003814697,4.4120001792907715,4.263000011444092,4.301000118255615,6659000,0.491225917632665
2016-09-30,4.291999816894531,4.339000225067139,4.2769999504089355,4.302999973297119,3848000,-0.09311422059157248
2016-10-03,4.302999973297119,4.375999927520752,4.227700233459473,4.323999881744385,5830000,0.2562944285153135
2016-10-04,4.341000080108643,4.408999919891357,4.314000129699707,4.367000102996826,5605000,0.8831072983346067
2016-10-05,4.376999855041504,4.429999828338623,4.326000213623047,4.381999969482422,4930000,0.8292968041585524
2016-10-06,4.368000030517578,4.394000053405762,4.321000099182129,4.394000053405762,3130000,-0.2056162856290622
2016-10-07,4.435999870300293,4.453999996185303,4.35099983215332,4.4070000648498535,7354000,1.5567728779218193
2016-10-10,4.373000144958496,4.5,4.353000164031982,4.486999988555908,4308000,-1.420192226866146
2016-10-11,4.230000019073486,4.436999797821045,4.190999984741211,4.436999797821045,5561000,-3.270069086319849
2016-10-12,4.238999843597412,4.2729997634887695,4.166999816894531,4.211999893188477,3380000,0.21276180811689027
2016-10-13,4.209000110626221,4.232999801635742,4.014999866485596,4.199999809265137,9196000,-0.7077078102869727
2016-10-14,4.2820000648498535,4.36299991607666,4.215000152587891,4.247000217437744,5013000,1.7343775791151428
2016-10-17,4.202000141143799,4.275000095367432,4.169000148773193,4.2210001945495605,4450000,-1.8682840377037602
2016-10-18,4.248000144958496,4.263999938964844,4.214000225067139,4.255000114440918,2303000,1.0947168555347941
2016-10-19,4.339000225067139,4.423999786376953,4.242000102996826,4.252999782562256,5021000,2.1421863701356347
2016-10-20,4.315000057220459,4.349999904632568,4.28000020980835,4.341000080108643,2481000,-0.5531266789991496
2016-10-21,4.3480000495910645,4.367000102996826,4.271999835968018,4.271999835968018,3306000,0.7647738570799145
2016-10-24,4.386000156402588,4.423999786376953,4.355000019073486,4.375,3313000,0.8739674879970849
2016-10-25,4.348999977111816,4.421000003814697,4.315000057220459,4.421000003814697,4567000,-0.8435973089686133
2016-10-26,4.302999973297119,4.36899995803833,4.288000106811523,4.330999851226807,6838000,-1.0577145103883412
2016-10-27,4.135000228881836,4.357600212097168,4.133999824523926,4.313000202178955,6026000,-3.904246931392741
2016-10-28,4.084000110626221,4.1620001792907715,4.083000183105469,4.13100004196167,8142000,-1.2333764312609574
2016-10-31,4.144999980926514,4.175000190734863,4.08650016784668,4.103000164031982,6557000,1.493630476198482
2016-11-01,4.078000068664551,4.189000129699707,4.068999767303467,4.13100004196167,9371000,-1.616403198317673
2016-11-02,4.35699987411499,4.51800012588501,4.184000015258789,4.199999809265137,21497000,6.841584128315259
2016-11-03,4.040999889373779,4.335000038146973,3.875,4.295000076293945,25536000,-7.252696669067449
2016-11-04,3.9149999618530273,4.066999912261963,3.8970000743865967,4.01800012588501,9357000,-3.1180383808492973
2016-11-07,4.014999866485596,4.046999931335449,3.9539999961853027,4.046999931335449,8248000,2.554276005286016
2016-11-08,4.135000228881836,4.156000137329102,3.9769999980926514,4.013999938964844,8012000,2.9888011553355076
2016-11-09,4.058000087738037,4.11299991607666,3.953000068664551,3.9790000915527344,10861000,-1.8621556682385187
2016-11-10,4.008999824523926,4.1539998054504395,3.950000047683716,4.072999954223633,9394000,-1.2074978352556998
2016-11-11,3.9660000801086426,4.005000114440918,3.8919999599456787,3.98799991607666,8914000,-1.0725803516439258
2016-11-14,3.7899999618530273,3.994999885559082,3.7739999294281006,3.994999885559082,11787000,-4.437723517413394
2016-11-15,3.992000102996826,4.035999774932861,3.7899999618530273,3.7980000972747803,9415000,5.329819081186371
2016-11-16,4.035999774932861,4.07289981842041,3.944999933242798,3.989000082015991,5642000,1.1021961623448817
2016-11-17,4.202000141143799,4.234000205993652,4.035999774932861,4.107999801635742,11615000,4.112992454606834
2016-11-18,4.40500020980835,4.423999786376953,4.209000110626221,4.249000072479248,14245000,4.831034313323301
2016-11-21,4.488999843597412,4.545000076293945,4.375999927520752,4.4019999504089355,12720000,1.9069155457024811
2016-11-22,4.296000003814697,4.5229997634887695,4.255000114440918,4.482999801635742,16993000,-4.299395110427273
2016-11-23,4.304999828338623,4.3414998054504395,4.258999824523926,4.293000221252441,7846000,0.20949312187927838
2016-11-25,4.327000141143799,4.367499828338623,4.304999828338623,4.3460001945495605,2071000,0.5110409682331118
2016-11-28,4.249000072479248,4.375,4.23199987411499,4.370999813079834,5004000,-1.8026361479140607
2016-11-29,4.258999824523926,4.320000171661377,4.235000133514404,4.288000106811523,4452000,0.23534365436814753
2016-11-30,4.166999816894531,4.324999809265137,4.158999919891357,4.307000160217285,8209000,-2.1601317544003074
2016-12-01,3.9670000076293945,4.205999851226807,3.9619998931884766,4.181000232696533,11168000,-4.799611664350567
2016-12-02,3.9049999713897705,4.038000106811523,3.86899995803833,3.9730000495910645,12778000,-1.5628947849857466
2016-12-05,4.057000160217285,4.123000144958496,3.947000026702881,3.947000026702881,8899000,3.892450446636464
2016-12-06,4.090000152587891,4.142399787902832,4.019000053405762,4.09499979019165,3946000,0.8134087026715253
2016-12-07,4.072000026702881,4.120999813079834,4.005000114440918,4.117000102996826,5352000,-0.4401008609650203
2016-12-08,4.263000011444092,4.298500061035156,4.053899765014648,4.109000205993652,11154000,4.690569339113315
2016-12-09,4.2220001220703125,4.367000102996826,4.177999973297119,4.300000190734863,7131000,-0.9617614183371925
2016-12-12,4.203999996185303,4.2870001792907715,4.186999797821045,4.275000095367432,5056000,-0.4263411976450415
2016-12-13,4.2270002365112305,4.2729997634887695,4.189499855041504,4.201000213623047,5479000,0.5471037190009076
2016-12-14,4.175000190734863,4.251999855041504,4.138000011444092,4.230999946594238,5343000,-1.230187907897673
2016-12-15,4.241000175476074,4.2829999923706055,4.135000228881836,4.1620001792907715,7037000,1.5808378856527305
2016-12-16,4.204999923706055,4.26200008392334,4.189000129699707,4.25,4460000,-0.8488623032414377
2016-12-19,4.186999797821045,4.291999816894531,4.175000190734863,4.235000133514404,5218000,-0.4280648326182468
2016-12-20,4.142000198364258,4.196000099182129,4.110000133514404,4.186999797821045,5156000,-1.0747456801933786
2016-12-21,4.079999923706055,4.1519999504089355,4.064000129699707,4.1519999504089355,6495000,-1.496867978970351
2016-12-22,4.017000198364258,4.09089994430542,3.985100030899048,4.079999923706055,5026000,-1.5441109441142187
2016-12-23,4.133999824523926,4.138000011444092,4.004000186920166,4.004000186920166,6398000,2.912611908939189
2016-12-27,4.363999843597412,4.380000114440918,4.1519999504089355,4.1539998054504395,7513000,5.563619468706027
2016-12-28,4.322000026702881,4.423999786376953,4.2829999923706055,4.353000164031982,8692000,-0.9624156370250714
2016-12-29,4.309999942779541,4.389999866485596,4.251999855041504,4.339000225067139,5326000,-0.2776511765201106
2016-12-30,4.2870001792907715,4.3480000495910645,4.261000156402588,4.328000068664551,4069000,-0.5336372110004484
2017-01-03,4.2820000648498535,4.3460001945495605,4.213500022888184,4.328000068664551,7054000,-0.11663434177288101
2017-01-04,4.414000034332275,4.441999912261963,4.284999847412109,4.326000213623047,8481000,3.082670889381456
2017-01-05,4.76800012588501,4.794000148773193,4.425000190734863,4.447000026702881,50702000,8.019938577238484
2017-01-06,4.690000057220459,4.764999866485596,4.570000171661377,4.736000061035156,20613000,-1.6359074371893545
2017-01-09,4.7179999351501465,4.754000186920166,4.670000076293945,4.710999965667725,9211000,0.597012315310752
2017-01-10,4.7870001792907715,4.913000106811523,4.702000141143799,4.702000141143799,16009000,1.4624892981993876
2017-01-11,4.833000183105469,4.870999813079834,4.728099822998047,4.793000221252441,9476000,0.9609359116738547
2017-01-12,4.857999801635742,4.885000228881836,4.761000156402588,4.863999843597412,9289000,0.517269140970944
2017-01-13,4.809999942779541,4.942999839782715,4.802000045776367,4.857999801635742,10542000,-0.9880580653798932
2017-01-17,4.952000141143799,4.974999904632568,4.830999851226807,4.882999897003174,13060000,2.9521871112996534
2017-01-18,4.998000144958496,5.0,4.9039998054504395,4.966000080108643,8457000,0.928917659603945
2017-01-19,5.065999984741211,5.11299991607666,4.989999771118164,5.01200008392334,10003000,1.3605409725989448
2017-01-20,5.008999824523926,5.13700008392334,4.987100124359131,5.077000141143799,9163000,-1.125151211783848
2017-01-23,4.943999767303467,5.034999847412109,4.925000190734863,5.010000228881836,8716000,-1.2976653922449843
2017-01-24,4.941999912261963,5.0,4.89300012588501,4.986000061035156,8523000,-0.040450144329085
2017-01-25,5.136000156402588,5.197999954223633,5.001999855041504,5.011000156402588,11162000,3.925541229963936
2017-01-26,5.10099983215332,5.199999809265137,5.065000057220459,5.181000232696533,8371000,-0.6814704669670935
2017-01-27,5.1539998054504395,5.164000034332275,5.099999904632568,5.099999904632568,5323000,1.0390114691445795
2017-01-30,5.070000171661377,5.172999858856201,4.997000217437744,5.160999774932861,9377000,-1.6297950516069415
2017-01-31,5.081999778747559,5.085000038146973,5.017000198364258,5.033999919891357,7043000,0.23667863273957312
2017-02-01,5.11899995803833,5.1707000732421875,5.061999797821045,5.164000034332275,5519000,0.7280633786231672
2017-02-02,5.23199987411499,5.264999866485596,5.104000091552734,5.118000030517578,9548000,2.207460773646175
2017-02-03,5.211999893188477,5.263000011444092,5.139999866485596,5.261000156402588,7689000,-0.3822626415849628
2017-02-06,5.26800012588501,5.27400016784668,5.145999908447266,5.218999862670898,4210000,1.0744480783608568
2017-02-07,5.313000202178955,5.366000175476074,5.264999866485596,5.298999786376953,6809000,0.8542155508469262
2017-02-08,5.336999893188477,5.363999843597412,5.2729997634887695,5.359000205993652,7043000,0.4517163579191852
2017-02-09,5.460999965667725,5.5,5.375,5.375,9000000,2.3234040652222454
2017-02-10,5.521999835968018,5.625,5.489999771118164,5.5229997634887695,17852000,1.1170091683535555
2017-02-13,5.605000019073486,5.716000080108643,5.5320000648498535,5.60099983215332,25408000,1.5030819552880104
2017-02-14,5.605000019073486,5.631999969482422,5.514999866485596,5.631999969482422,19666000,0.0
2017-02-15,6.060999870300293,6.14900016784668,5.429999828338623,5.486999988555908,56969000,8.135590538359793
2017-02-16,6.0970001220703125,6.247000217437744,5.955999851226807,6.118000030517578,21866000,0.5939655591551185
2017-02-17,6.1519999504089355,6.168000221252441,6.002999782562256,6.076000213623047,11943000,0.902080158068741
2017-02-21,6.308000087738037,6.39300012588501,6.185999870300293,6.215000152587891,19515000,2.535762980926748
2017-02-22,6.359000205993652,6.380000114440918,6.177999973297119,6.300000190734863,11984000,0.8084990099279432
2017-02-23,6.2729997634887695,6.435999870300293,6.183000087738037,6.416999816894531,14697000,-1.3524208164645612
2017-02-24,6.175000190734863,6.228000164031982,6.059100151062012,6.202000141143799,11684000,-1.5622441646547025
2017-02-27,5.993000030517578,6.186999797821045,5.98199987411499,6.179999828338623,15343000,-2.9473709246254476
2017-02-28,5.921000003814697,6.084000110626221,5.914999961853027,5.947000026702881,11342000,-1.2014020746911713
2017-03-01,5.965000152587891,6.017000198364258,5.9019999504089355,6.017000198364258,11018000,0.7431202287594196
2017-03-02,5.9670000076293945,6.065000057220459,5.947999954223633,5.9720001220703125,9641000,0.033526487683932515
2017-03-03,6.0289998054504395,6.038000106811523,5.9120001792907715,5.964000225067139,9893000,1.0390447082582854
2017-03-06,5.932000160217285,6.026000022888184,5.86269998550415,5.99399995803833,6985000,-1.6088845308215638
2017-03-07,6.013000011444092,6.065999984741211,5.920000076293945,5.928999900817871,10834000,1.3654728428705853
2017-03-08,6.091000080108643,6.150000095367432,6.007999897003174,6.025000095367432,8751000,1.2971905623831548
2017-03-09,6.238999843597412,6.252999782562256,6.071499824523926,6.105999946594238,9959000,2.429810565461854
2017-03-10,6.414999961853027,6.433000087738037,6.25,6.340000152587891,12180000,2.8209668643641717
2017-03-13,6.493000030517578,6.520999908447266,6.395999908447266,6.438000202178955,10032000,1.215901311432277
2017-03-14,6.382999897003174,6.4730000495910645,6.3520002365112305,6.461999893188477,7018000,-1.6941341906267615
2017-03-15,6.484000205993652,6.499000072479248,6.308000087738037,6.4029998779296875,8823000,1.5823329252738771
2017-03-16,6.499000072479248,6.53000020980835,6.455999851226807,6.500999927520752,5410000,0.2313366133414041
2017-03-17,6.698999881744385,6.738999843597412,6.5279998779296875,6.548999786376953,14946000,3.077393553387675
2017-03-20,6.886000156402588,6.891600131988525,6.71999979019165,6.736000061035156,18059000,2.79146556141614
2017-03-21,6.718999862670898,7.1570000648498535,6.684000015258789,6.993000030517578,36304000,-2.4252147827271364
2017-03-22,6.671000003814697,6.748000144958496,6.474999904632568,6.697000026702881,14458000,-0.714389936557025
2017-03-23,6.757999897003174,6.829999923706055,6.672999858856201,6.681000232696533,13076000,1.3041506991264828
2017-03-24,6.8979997634887695,7.010799884796143,6.769000053405762,6.801000118255615,14625000,2.071616878060012
2017-03-27,7.039999961853027,7.074999809265137,6.732999801635742,6.829999923706055,16209000,2.0585706470427345
2017-03-28,7.236999988555908,7.300000190734863,7.055099964141846,7.065999984741211,17408000,2.7982958490105903
2017-03-29,7.271999835968018,7.298999786376953,7.079999923706055,7.2779998779296875,15654000,0.48362370412402544
2017-03-30,6.90500020980835,7.286499977111816,6.872000217437744,7.269000053405762,30925000,-5.046749648486681
2017-03-31,6.809000015258789,6.943999767303467,6.704999923706055,6.785999774932861,26642000,-1.390299661587191
2017-04-03,6.922999858856201,6.934899806976318,6.7220001220703125,6.815999984741211,13879000,1.6742523621962269
2017-04-04,6.853000164031982,7.0,6.815999984741211,6.922999858856201,10136000,-1.0111179582745766
2017-04-05,6.789000034332275,6.964000225067139,6.7729997634887695,6.885000228881836,10137000,-0.9338994333549344
2017-04-06,6.8520002365112305,6.887499809265137,6.790999889373779,6.790999889373779,8402000,0.9279746923016585
2017-04-07,6.870999813079834,6.898200035095215,6.828000068664551,6.857999801635742,4750000,0.2772851125626641
2017-04-10,6.927999973297119,7.00600004196167,6.875,6.908999919891357,9961000,0.829575924435022
2017-04-11,6.906000137329102,6.96999979019165,6.744999885559082,6.9120001792907715,9659000,-0.31754959660525994
2017-04-12,6.925000190734863,7.006999969482422,6.893099784851074,6.900000095367432,7615000,0.2751238492316288
2017-04-13,7.063000202178955,7.188000202178955,6.9079999923706055,6.933000087738037,16430000,1.9927798937641183
2017-04-17,7.170000076293945,7.22599983215332,7.078000068664551,7.145999908447266,10189000,1.5149351699293545
2017-04-18,7.1579999923706055,7.21999979019165,7.086299896240234,7.170000076293945,8249000,-0.16736518543445378
2017-04-19,7.263999938964844,7.349999904632568,7.170000076293945,7.190000057220459,12155000,1.4808598310592114
2017-04-20,7.605999946594238,7.625,7.326000213623047,7.340000152587891,16679000,4.708149924325733
2017-04-21,7.638000011444092,7.7789998054504395,7.497000217437744,7.76200008392334,17774000,0.420721339397101
2017-04-24,7.583000183105469,7.818999767303467,7.519999980926514,7.794000148773193,15648000,-0.7200815430245644
2017-04-25,7.664999961853027,7.676000118255615,7.446000099182129,7.603000164031982,17650000,1.0813632700451548
2017-04-26,7.4120001792907715,7.517000198364258,7.232999801635742,7.504000186920166,20132000,-3.30071472695862
2017-04-27,7.309000015258789,7.440000057220459,7.126999855041504,7.339000225067139,17546000,-1.3896406036222997
2017-04-28,7.59499979019165,7.604000091552734,7.315000057220459,7.331999778747559,19031000,3.912980904854124
2017-05-01,7.72599983215332,7.7779998779296875,7.48199987411499,7.570000171661377,25134000,1.7248195599800509
2017-05-02,8.29800033569336,8.458000183105469,7.7571001052856445,8.041000366210938,61484000,7.403579031409535
2017-05-03,8.17199993133545,8.355999946594238,8.071999549865723,8.178999900817871,21848000,-1.5184429894022355
2017-05-04,8.135000228881836,8.293000221252441,8.104000091552734,8.293000221252441,13981000,-0.4527619036282404
2017-05-05,8.553000450134277,8.581999778747559,8.17199993133545,8.17199993133545,18621000,5.138293908934477
2017-05-08,8.678000450134277,8.725299835205078,8.5600004196167,8.70199966430664,20348000,1.4614754287548104
2017-05-09,8.914999961853027,9.11299991607666,8.6850004196167,8.725000381469727,25194000,2.7310382510418396
2017-05-10,9.305999755859375,9.352999687194824,8.951000213623047,8.95199966430664,22642000,4.385864225231884
2017-05-11,9.20199966430664,9.355999946594238,8.880000114440918,9.324999809265137,28575000,-1.1175595774892688
2017-05-12,9.357999801635742,9.494000434875488,9.100000381469727,9.194999694824219,18141000,1.6952851882206188
2017-05-15,9.423999786376953,9.588000297546387,9.35099983215332,9.444000244140625,23272000,0.7052787576429909
2017-05-16,9.493000030517578,9.585000038146973,9.260000228881836,9.496000289916992,22767000,0.7321757820959451
2017-05-17,8.984000205993652,9.324999809265137,8.956999778747559,9.305000305175781,33530000,-5.3618437047047385
2017-05-18,9.211000442504883,9.29800033569336,8.100000381469727,8.317000389099121,79796000,2.526716733151768
2017-05-19,8.88700008392334,9.189000129699707,8.75,9.0600004196167,78909000,-3.5175371079825157
2017-05-22,8.960000038146973,9.09000015258789,8.861000061035156,8.994000434875488,17962000,0.8214240298668463
2017-05-23,9.001999855041504,9.125,8.963000297546387,9.086000442504883,19913000,0.468747954416493
2017-05-24,9.081000328063965,9.149999618530273,9.006999969482422,9.019000053405762,12431000,0.8775880281559623
2017-05-25,9.022000312805176,9.194999694824219,8.9350004196167,9.135000228881836,14955000,-0.6497083264764947
2017-05-26,9.074000358581543,9.111000061035156,9.0,9.026000022888184,10990000,0.5763693634831979
2017-05-30,9.057000160217285,9.324000358581543,8.968999862670898,9.109999656677246,19703000,-0.18735064682007252
2017-05-31,9.185999870300293,9.227999687194824,8.892000198364258,9.088000297546387,24887000,1.4243094600973505
2017-06-01,9.343999862670898,9.369999885559082,9.053999900817871,9.24899959564209,18318000,1.7200086501355516
2017-06-02,9.753000259399414,9.78499984741211,9.345000267028809,9.369999885559082,31666000,4.377144721100268
2017-06-05,9.748000144958496,9.937999725341797,9.611000061035156,9.835000038146973,21283000,-0.051267449071368265
2017-06-06,9.861000061035156,9.977999687194824,9.63700008392334,9.696000099182129,19487000,1.1592112679142952
2017-06-07,9.699000358581543,9.960000038146973,9.651000022888184,9.890000343322754,18351000,-1.6428323846557902
2017-06-08,9.883999824523926,9.88599967956543,9.564000129699707,9.727999687194824,14012000,1.9074075585397532
2017-06-09,9.145000457763672,10.079999923706055,8.930999755859375,9.869999885559082,46563000,-7.476723794821083
2017-06-12,8.888999938964844,9.029000282287598,8.25100040435791,9.00100040435791,52444000,-2.7993494366804095
2017-06-13,8.692999839782715,9.055999755859375,8.447600364685059,8.73900032043457,39555000,-2.204973568769697
2017-06-14,8.53600025177002,8.819999694824219,8.442999839782715,8.746999740600586,21236000,-1.8060461394949212
2017-06-15,8.54800033569336,8.553999900817871,8.154999732971191,8.1899995803833,28961000,0.1405820474390307
2017-06-16,8.692999839782715,8.819000244140625,8.567999839782715,8.696000099182129,24992000,1.6962973607276277
2017-06-19,9.055999755859375,9.083999633789062,8.779000282287598,8.82800006866455,21835000,4.175772722500515
2017-06-20,8.894000053405762,9.1850004196167,8.861000061035156,9.111000061035156,15489000,-1.7888660205494955
2017-06-21,9.125,9.178000450134277,8.920000076293945,8.923999786376953,14974000,2.597255961402678
2017-06-22,9.13700008392334,9.211000442504883,9.027000427246094,9.131999969482422,10133000,0.1315077690229094
2017-06-23,9.447999954223633,9.520000457763672,9.050000190734863,9.104000091552734,14627000,3.403741572110741
2017-06-26,9.204000473022461,9.697999954223633,9.027000427246094,9.51099967956543,19538000,-2.5825516763692824
2017-06-27,8.704000473022461,9.220000267028809,8.680000305175781,9.12399959564209,21759000,-5.43242040746883
2017-06-28,8.95199966430664,8.958999633789062,8.550999641418457,8.782999992370605,20482000,2.8492552597261245
2017-06-29,8.640000343322754,8.897000312805176,8.315999984741211,8.897000312805176,27203000,-3.485247237305966
2017-06-30,8.6899995803833,8.800000190734863,8.564000129699707,8.586000442504883,16975000,0.5786948503906819
2017-07-03,8.600000381469727,8.791000366210938,8.479999542236328,8.71500015258789,8872000,-1.0356640190954391
2017-07-05,8.810999870300293,8.946999549865723,8.557999610900879,8.562999725341797,17838000,2.453482319433431
2017-07-06,8.621000289916992,8.782999992370605,8.581000328063965,8.663999557495117,12130000,-2.1563906841463254
2017-07-07,8.89900016784668,8.92300033569336,8.699999809265137,8.718000411987305,10222000,3.2246823869711783
2017-07-10,9.098999977111816,9.14799976348877,8.828800201416016,8.90999984741211,12844000,2.247441347262402
2017-07-11,9.128999710083008,9.256999969482422,9.017200469970703,9.076000213623047,12597000,0.3297036272849274
2017-07-12,9.468000411987305,9.517000198364258,9.199999809265137,9.21500015258789,17601000,3.7134484901984344
2017-07-13,9.302000045776367,9.680000305175781,9.25100040435791,9.574000358581543,17900000,-1.7532779783233532
2017-07-14,9.241000175476074,9.388999938964844,9.170000076293945,9.383000373840332,10217000,-0.6557715545055354
2017-07-17,9.048999786376953,9.329999923706055,8.963399887084961,9.222000122070312,15206000,-2.0777013900362795
2017-07-18,9.317999839782715,9.390299797058105,9.01099967956543,9.128999710083008,14324000,2.9727048265680622
2017-07-19,9.1899995803833,9.449999809265137,9.130000114440918,9.37399959564209,13943000,-1.37368814767439
2017-07-20,9.086999893188477,9.282999992370605,9.019000053405762,9.243000030517578,9615000,-1.120780107701902
2017-07-21,8.942000389099121,9.12600040435791,8.932999610900879,9.045000076293945,14008000,-1.5956807064347545
2017-07-24,9.361000061035156,9.364999771118164,8.949000358581543,8.987000465393066,14665000,4.685748755354813
2017-07-25,9.215999603271484,9.364999771118164,9.069999694824219,9.355999946594238,11975000,-1.5489846898648296
2017-07-26,9.392000198364258,9.5,9.28499984741211,9.295000076293945,11638000,1.9097287616016922
2017-07-27,9.043000221252441,9.550000190734863,8.86400032043457,9.470000267028809,22210000,-3.715928127563284
2017-07-28,9.29800033569336,9.342000007629395,8.829099655151367,8.954999923706055,14141000,2.819861862234929
2017-07-31,9.237000465393066,9.45199966430664,9.13599967956543,9.366999626159668,24977000,-0.6560536469989775
2017-08-01,10.407999992370605,10.579000473022461,9.859999656677246,10.392000198364258,96723000,12.677270412237762
2017-08-02,9.835000038146973,10.454000473022461,9.729000091552734,10.449999809265137,45078000,-5.505380040773056
2017-08-03,9.715999603271484,9.98900032043457,9.656000137329102,9.949999809265137,22855000,-1.2099688298314315
2017-08-04,9.628000259399414,9.843999862670898,9.602999687194824,9.732000350952148,14792000,-0.9057158034716295
2017-08-07,9.779000282287598,9.90999984741211,9.642999649047852,9.645000457763672,10776000,1.5683425303272935
2017-08-08,9.651000022888184,9.890000343322754,9.600000381469727,9.793000221252441,14674000,-1.3089299080117356
2017-08-09,9.519000053405762,9.645000457763672,9.420999526977539,9.517999649047852,17507000,-1.3677335941288171
2017-08-10,8.84000015258789,9.447999954223633,8.821000099182129,9.447999954223633,33966000,-7.133101134661035
2017-08-11,9.170999526977539,9.300000190734863,8.850000381469727,8.85099983215332,19511000,3.7443367497312696
2017-08-14,9.406000137329102,9.550000190734863,9.324999809265137,9.329000473022461,16806000,2.562431822837641
2017-08-15,9.3149995803833,9.456899642944336,9.277000427246094,9.425999641418457,8071000,-0.9674734809395957
2017-08-16,9.461000442504883,9.487000465393066,9.300999641418457,9.36299991607666,7500000,1.5673737917181407
2017-08-17,9.350000381469727,9.571999549865723,9.347000122070312,9.439000129699707,13984000,-1.1732380915708718
2017-08-18,9.458000183105469,9.514800071716309,9.30210018157959,9.357000350952148,9886000,1.1550780452349585
2017-08-21,9.626999855041504,9.647000312805176,9.449999809265137,9.458000183105469,11275000,1.786843610321709
2017-08-22,9.861000061035156,9.890999794006348,9.661999702453613,9.690999984741211,13577000,2.4306659345290305
2017-08-23,10.246000289916992,10.279999732971191,9.71399974822998,9.781999588012695,23743000,3.9042716407956313
2017-08-24,10.652999877929688,10.6899995803833,10.274999618530273,10.289999961853027,33778000,3.972277732738494
2017-08-25,10.37399959564209,10.699999809265137,10.274999618530273,10.682999610900879,17228000,-2.61898324870552
2017-08-28,10.378999710083008,10.493000030517578,10.161999702453613,10.395999908447266,11124000,0.048198521648479264
2017-08-29,10.437000274658203,10.5,10.133000373840332,10.170000076293945,11372000,0.5588261508365777
2017-08-30,10.843999862670898,10.876999855041504,10.460000038146973,10.47599983215332,15385000,3.8995839542221633
2017-08-31,11.092000007629395,11.156999588012695,10.831000328063965,10.925999641418457,16043000,2.2869803402728373
2017-09-01,11.086000442504883,11.199999809265137,10.986000061035156,11.180999755859375,10222000,-0.054089119368783134
2017-09-05,11.067000389099121,11.199999809265137,10.803000450134277,10.996999740600586,15632000,-0.17138781027749017
2017-09-06,11.022000312805176,11.194000244140625,10.875,11.09000015258789,11403000,-0.40661493369305024
2017-09-07,11.345999717712402,11.352999687194824,11.013999938964844,11.04699993133545,11385000,2.9395699121039787
2017-09-08,11.361000061035156,11.48799991607666,11.239999771118164,11.329000473022461,9245000,0.13220821166897156
2017-09-11,11.798999786376953,11.860400199890137,11.489999771118164,11.543999671936035,14288000,3.8552919900423754
2017-09-12,12.050000190734863,12.081999778747559,11.687999725341797,11.894000053405762,17705000,2.127302389205177
2017-09-13,11.920999526977539,12.25,11.793000221252441,12.053000450134277,20060000,-1.0705449105014253
2017-09-14,12.020000457763672,12.100000381469727,11.66100025177002,11.932999610900879,10664000,0.8304750835875119
2017-09-15,12.026000022888184,12.121000289916992,11.9375,12.001999855041504,8479000,0.04991318549107948
2017-09-18,12.241999626159668,12.394000053405762,12.070099830627441,12.079999923706055,13739000,1.7961051293895691
2017-09-19,12.293999671936035,12.387999534606934,12.21399974822998,12.333000183105469,7852000,0.42476758180296503
2017-09-20,11.928999900817871,12.36299991607666,11.739999771118164,12.281999588012695,18284000,-2.968926149814066
2017-09-21,12.015000343322754,12.083800315856934,11.62600040435791,11.88599967956543,12902000,0.7209358975599267
2017-09-22,12.027000427246094,12.145999908447266,11.852999687194824,11.967000007629395,7601000,0.09987585168909074
2017-09-25,11.446999549865723,11.98799991607666,11.35099983215332,11.984999656677246,23170000,-4.8224898709276705
2017-09-26,11.338000297546387,11.770999908447266,11.187999725341797,11.609999656677246,18070000,-0.9522080598021399
2017-09-27,11.739999771118164,11.869000434875488,11.40999984741211,11.494000434875488,15800000,3.5455941349619824
2017-09-28,11.645000457763672,11.767999649047852,11.51200008392334,11.751999855041504,8891000,-0.809193485575721
2017-09-29,11.64900016784668,11.776000022888184,11.529999732971191,11.66100025177002,8671000,0.03434701524929196
2017-10-02,11.899999618530273,11.967000007629395,11.673999786376953,11.699999809265137,11167000,2.154686643205639
2017-10-03,11.680999755859375,12.069000244140625,11.632599830627441,11.989999771118164,16883000,-1.8403350394220142
2017-10-04,10.329999923706055,11.692999839782715,10.074999809265137,11.682999610900879,208959000,-11.565789404932037
2017-10-05,10.043000221252441,10.343000411987305,9.331000328063965,9.753000259399414,197807000,-2.7783127257821616
2017-10-06,9.791999816894531,10.020000457763672,9.555999755859375,9.800000190734863,77797000,-2.499257182398118
2017-10-09,9.73799991607666,9.848999977111816,9.604000091552734,9.652000427246094,29680000,-0.5514695856581042
2017-10-10,9.256999969482422,9.899999618530273,8.9350004196167,9.72700023651123,113732000,-4.93941210453438
2017-10-11,9.501999855041504,9.666999816894531,9.1899995803833,9.190999984741211,62150000,2.6466445540323402
2017-10-12,9.435999870300293,9.729999542236328,9.413000106811523,9.630000114440918,35172000,-0.6945904625139887
2017-10-13,9.42199993133545,9.523699760437012,9.369799613952637,9.4399995803833,17605000,-0.14836730772865847
2017-10-16,9.697999954223633,9.721199989318848,9.333999633789062,9.449999809265137,29524000,2.9293146348926324
2017-10-17,9.621000289916992,9.75100040435791,9.539999961853027,9.699999809265137,24754000,-0.7939746821003624
2017-10-18,9.892999649047852,9.970000267028809,9.59000015258789,9.607000350952148,24964000,2.8271421986747036
2017-10-19,9.824999809265137,9.850000381469727,9.625,9.817000389099121,19860000,-0.6873531001212463
2017-10-20,10.210000038146973,10.25,9.854999542236328,9.859999656677246,32930000,3.918577469271556
2017-10-23,10.291000366210938,10.413999557495117,10.140000343322754,10.309000015258789,24292000,0.7933430730786339
2017-10-24,10.640999794006348,10.748000144958496,10.288999557495117,10.288999557495117,28782000,3.4010243449663413
2017-10-25,10.298999786376953,10.852999687194824,10.070099830627441,10.725000381469727,41405000,-3.2139837820693296
2017-10-26,10.41100025177002,10.550000190734863,10.272000312805176,10.300999641418457,15668000,1.087488763143929
2017-10-27,10.72700023651123,10.800000190734863,10.520000457763672,10.668999671936035,23418000,3.0352509566742736
2017-10-30,10.935999870300293,10.944999694824219,10.517000198364258,10.829000473022461,32497000,1.9483511623100025
2017-10-31,9.949000358581543,10.480999946594238,9.451000213623047,10.137999534606934,129271000,-9.025233389031195
2017-11-01,9.619999885559082,10.050000190734863,9.5,9.973999977111816,55051000,-3.3068696468452785
2017-11-02,9.98900032043457,10.081000328063965,9.501500129699707,9.505000114440918,26799000,3.835763401924863
2017-11-03,9.871000289916992,10.190500259399414,9.85200023651123,10.076000213623047,19696000,-1.1812996969895462
2017-11-06,9.984000205993652,10.079999923706055,9.899999618530273,10.0,13843000,1.1447666169363435
2017-11-07,9.970999717712402,10.04800033569336,9.831000328063965,9.91100025177002,10894000,-0.13021322128424773
2017-11-08,9.9399995803833,9.99899959564209,9.851499557495117,9.902999877929688,8626000,-0.3109030007696578
2017-11-09,9.70300006866455,9.864999771118164,9.555000305175781,9.836999893188477,16803000,-2.384301023377011
2017-11-10,10.00100040435791,10.088000297546387,9.650799751281738,9.678999900817871,17549000,3.0712185260694636
2017-11-13,9.876999855041504,9.925000190734863,9.777000427246094,9.902000427246094,10460000,-1.239881454882985
2017-11-14,9.897000312805176,9.998000144958496,9.748000144958496,9.755999565124512,8506000,0.20249527242286458
2017-11-15,9.803999900817871,9.942000389099121,9.720000267028809,9.723999977111816,9224000,-0.9396828235619714
2017-11-16,10.388999938964844,10.47700023651123,9.85200023651123,9.866000175476074,27658000,5.966952713842555
2017-11-17,10.48900032043457,10.5693998336792,10.3233003616333,10.411999702453613,12308000,0.9625602277141931
2017-11-20,10.855999946594238,10.89799976348877,10.48900032043457,10.5,20986000,3.4988999423013034
2017-11-21,11.017000198364258,11.23799991607666,10.96500015258789,11.003000259399414,19055000,1.4830531739319808
2017-11-22,11.041000366210938,11.152199745178223,10.755999565124512,11.050000190734863,9970000,0.21784666800899188
2017-11-24,11.180999755859375,11.262999534606934,11.0600004196167,11.109000205993652,6499000,1.2679955167548052
2017-11-27,11.336000442504883,11.706999778747559,11.319499969482422,11.451000213623047,23319000,1.386286468383835
2017-11-28,11.208999633789062,11.41469955444336,11.050999641418457,11.406000137329102,13929000,-1.1203317198156149
2017-11-29,10.366999626159668,11.187999725341797,10.059000015258789,11.16100025177002,38300000,-7.511821171723665
2017-11-30,10.381999969482422,10.581500053405762,10.3149995803833,10.560999870300293,11601000,0.14469319826058147
2017-12-01,10.32699966430664,10.47700023651123,10.010000228881836,10.390000343322754,14158000,-0.5297659924624609
2017-12-04,9.661999702453613,10.527000427246094,9.619000434875488,10.527000427246094,27408000,-6.439430458698247
2017-12-05,9.527999877929688,9.857999801635742,9.241000175476074,9.667699813842773,24545000,-1.3868746496638495
2017-12-06,9.57699966430664,9.661999702453613,9.382100105285645,9.489999771118164,14044000,0.5142714840966178
2017-12-07,9.979000091552734,9.996999740600586,9.610799789428711,9.652000427246094,15992000,4.19756125443278
2017-12-08,10.07699966430664,10.295999526977539,9.987000465393066,10.211999893188477,13157000,0.9820580404329649
2017-12-11,10.41100025177002,10.511500358581543,10.128999710083008,10.128999710083008,13937000,3.3144844555907715
2017-12-12,10.140000343322754,10.399999618530273,10.050000190734863,10.149999618530273,10837000,-2.6030150983926026
2017-12-13,10.321000099182129,10.42199993133545,10.185999870300293,10.187999725341797,9329000,1.7850073937972333
2017-12-14,10.322999954223633,10.46500015258789,10.280099868774414,10.36299991607666,6170000,0.019376562564543676
2017-12-15,10.522000312805176,10.635000228881836,10.279999732971191,10.36299991607666,12464000,1.9277376679646574
2017-12-18,10.76200008392334,10.803999900817871,10.633999824523926,10.640999794006348,12542000,2.2809329403467693
2017-12-19,10.572999954223633,10.762999534606934,10.560999870300293,10.762999534606934,8311000,-1.756180340325797
2017-12-20,10.52400016784668,10.684000015258789,10.361000061035156,10.666999816894531,6409000,-0.4634426046448481
2017-12-21,10.479999542236328,10.659000396728516,10.456000328063965,10.57800006866455,4782000,-0.41809791817358777
2017-12-22,10.38599967956543,10.454999923706055,10.213000297546387,10.413000106811523,5901000,-0.8969452936716471
2017-12-26,10.484000205993652,10.538999557495117,10.154999732971191,10.241000175476074,4037000,0.9435829910628524
2017-12-27,10.449999809265137,10.520000457763672,10.331999778747559,10.482999801635742,4782000,-0.32430747863851916
2017-12-28,10.23900032043457,10.522000312805176,10.159000396728516,10.479000091552734,6626000,-2.01913390126085
2017-12-29,10.100000381469727,10.255000114440918,10.039999961853027,10.251999855041504,7758000,-1.3575538100866535
